baseline_model_label,compare_model_label,axis,factor,scenario_label,n,gain_mean_return_mean,gain_mean_return_ci95,gain_median_return_mean,gain_median_return_ci95,gain_iqm_return_mean,gain_iqm_return_ci95
vanilla,a1e9,friction,0.5,friction_0p5,5,-32.99436890164638,116.24204631003745,49.73131795796549,98.04911491419652,38.78649872217147,77.52177431386484
vanilla,a1e9,friction,0.6,friction_0p6,5,74.21761435868197,145.01482209924714,51.50743853076824,91.14124370974311,62.286352316218384,77.57238066551957
vanilla,a1e9,friction,0.7,friction_0p7,5,51.72646131194756,228.1194063047891,67.00450242656261,83.90122499390907,83.4633880598014,76.88621182423556
vanilla,a1e9,friction,0.8,friction_0p8,5,-59.8857775603628,151.1945989254148,26.04682271578063,118.895509103469,-4.348552980964587,131.9063734302806
vanilla,a1e9,friction,0.9,friction_0p9,5,-29.064667061871706,45.96171742833121,55.478450979361966,101.32107602216976,52.50226393375001,65.75205220196666
vanilla,a1e9,friction,1.0,friction_1,5,0.0,0.0,0.0,0.0,0.0,0.0
vanilla,a1e9,friction,1.1,friction_1p1,5,-129.73719281725198,210.5011934472491,-51.89980376828248,65.88372997918344,-100.90238434191129,175.04086451941268
vanilla,a1e9,friction,1.3,friction_1p3,5,-224.29269015065287,311.9939135688872,-254.5462358743684,525.8339221961099,-217.03668852387696,452.33986816567995
vanilla,a1e9,friction,1.5,friction_1p5,5,-223.78927402602622,280.0814652807474,-162.47281406219872,237.50027531248452,-234.82035351042265,341.03739548994315
vanilla,a1e9,friction,1.7,friction_1p7,5,-409.67841353227175,503.8384639256498,-564.7182981649892,686.3809493722849,-474.1601501447616,637.6975123634619
vanilla,a1e9,friction,2.0,friction_2,5,-497.33799480361915,477.6048050939976,-544.3796282560006,628.7412670115814,-522.1265658189488,643.1763889301311
vanilla,a1e9,gear,0.5,gear_0p5,5,-206.32345734667427,291.4952379309391,-329.6315477084797,387.828248311364,-280.4773382562473,338.6126291491148
vanilla,a1e9,gear,0.6,gear_0p6,5,-127.08370427890623,350.3218497579645,-237.1605614041286,380.84229763132174,-190.2474354726152,387.82898862813585
vanilla,a1e9,gear,0.7,gear_0p7,5,-119.60050264029424,399.77827614482635,-238.3895910517348,364.42617863676406,-205.3224298859042,401.46700668937
vanilla,a1e9,gear,0.8,gear_0p8,5,-9.815647726582323,306.02611923952503,-128.2482609115218,198.73023048095126,-80.65576540176383,254.83281106459924
vanilla,a1e9,gear,0.9,gear_0p9,5,19.198045791712456,361.74329055157267,-46.55159535729349,119.06481585348077,-18.832119210315433,245.51945236218964
vanilla,a1e9,gear,1.0,gear_1,5,0.0,0.0,0.0,0.0,0.0,0.0
vanilla,a1e9,gear,1.1,gear_1p1,5,-206.2249796790224,357.58985061625884,-181.3119632922497,386.35818004579386,-158.6794177657477,338.2154231136765
vanilla,a1e9,gear,1.3,gear_1p3,5,-267.8043113084603,547.0715401628277,-552.9279683933358,846.6756710111614,-457.77873041921123,734.0257896240331
vanilla,a1e9,gear,1.5,gear_1p5,5,-450.89000138840265,535.8379424099456,-787.765559005165,844.4302385879968,-659.141148697792,723.3686337958694
vanilla,a1e9,gear,1.7,gear_1p7,5,-369.86579810091365,546.1104331771694,-620.696980452202,741.5336954444911,-535.942631506762,663.2614712392593
vanilla,a1e9,gear,2.0,gear_2,5,-299.4583262876051,434.15279644021484,-529.9370000919746,590.3922540816804,-404.6530716059864,530.1606202683165
vanilla,a1e9,gravity,0.0,gravity_0,4,-9.068441209906013,336.7506098466307,-107.07755843100114,502.96867546915786,-129.87953419207759,434.22373414604067
vanilla,a1e9,gravity,0.5,gravity_0p5,5,243.2026408587633,273.5017535756501,291.5780301466429,484.45529462241825,265.1304267571124,406.4225246558158
vanilla,a1e9,gravity,0.6,gravity_0p6,5,214.36916260724942,310.5640655955551,286.1122963313512,492.53049318798446,275.60814325066974,453.7753822515539
vanilla,a1e9,gravity,0.7,gravity_0p7,5,242.62927316452883,192.1206539713246,244.21282589952315,424.8550275494921,214.02196242040458,329.9758949099086
vanilla,a1e9,gravity,0.8,gravity_0p8,5,117.22355382086883,93.39464741361867,192.36815359763858,324.10333543167076,134.66882976382777,207.397578189342
vanilla,a1e9,gravity,0.9,gravity_0p9,5,91.54552431572745,84.55638650987456,16.36335959505518,51.04775122728554,31.335694863071332,62.839256572874255
vanilla,a1e9,gravity,1.0,gravity_1,5,0.0,0.0,0.0,0.0,0.0,0.0
vanilla,a1e9,gravity,1.1,gravity_1p1,5,-61.75573591596374,103.03409733662643,-68.16496641928275,105.66718709437295,-74.44466878369106,150.18242615532532
vanilla,a1e9,gravity,1.3,gravity_1p3,5,-149.86339573245263,277.9276398445099,-176.7965368076217,221.8637420489533,-201.65856636013376,249.9299140383346
vanilla,a1e9,gravity,1.5,gravity_1p5,5,-177.55893945121687,265.9443436778154,-246.92657826645637,330.01740180024376,-252.6411407030434,304.48317536676933
vanilla,a1e9,gravity,1.7,gravity_1p7,5,-242.14586790605472,290.19380562803246,-300.31440348070674,319.1952637607273,-313.26251149716234,319.63433572318746
vanilla,a1e9,gravity,2.0,gravity_2,5,-182.5701206278082,397.6659159683955,-339.0689912919837,426.9072629271364,-297.82149218779927,414.9301786248392
vanilla,a1e9,mass,0.5,mass_0p5,5,-403.9038108589499,484.12332592722623,-568.7050754814896,670.2527239976796,-565.957116007637,677.9647461159211
vanilla,a1e9,mass,0.6,mass_0p6,5,-509.80207658892016,402.94278935661515,-687.5570368377903,595.6162859878267,-661.8188116247359,550.362233932443
vanilla,a1e9,mass,0.7,mass_0p7,5,-222.85933586484126,322.4639952156427,-212.16401500876782,851.7937549179753,-278.8087472014891,567.5134130367563
vanilla,a1e9,mass,0.8,mass_0p8,5,-190.14119473842965,172.28370529334623,-105.22732470288906,151.59843188611737,-166.28447128330154,176.7238233471857
vanilla,a1e9,mass,0.9,mass_0p9,5,-59.05175563923367,160.80354898528796,36.43864306833893,67.84767309711526,-72.51833074805809,180.7458139899063
vanilla,a1e9,mass,1.0,mass_1,5,0.0,0.0,0.0,0.0,0.0,0.0
vanilla,a1e9,mass,1.1,mass_1p1,5,-20.49967302708392,140.64451453319174,20.725141564163415,45.12815028926253,19.819355104865508,41.0629968537167
vanilla,a1e9,mass,1.3,mass_1p3,5,-73.35266350469752,100.96739991586422,-109.98740027209779,164.63517423809265,-112.06837916878803,170.87812908637136
vanilla,a1e9,mass,1.5,mass_1p5,5,-118.34072380855157,228.06317328138337,-240.9714065643807,316.48694279097464,-233.55489967353992,308.32262063689865
vanilla,a1e9,mass,1.7,mass_1p7,5,-142.86693821456964,523.4132876990992,-167.614457209899,584.1311011884574,-159.2138845200204,589.8751017632834
vanilla,a1e9,mass,2.0,mass_2,5,-172.95669408154222,417.5041306216576,-274.61975759251067,401.3287990987451,-203.38422440903747,471.96522127573735
vanilla,a2p20,friction,0.5,friction_0p5,5,-103.25839318136063,147.87493479699793,5.041198655025619,61.50336714850538,8.898980442156562,68.47974163573605
vanilla,a2p20,friction,0.6,friction_0p6,5,-52.01892873326524,29.90883800178909,-14.294336034605749,46.45436855025097,-16.9053487545159,56.66598435167426
vanilla,a2p20,friction,0.7,friction_0p7,5,-47.801795174445395,50.2171150489439,0.6991832655612598,56.18835427643229,5.193274342277846,48.53678134932122
vanilla,a2p20,friction,0.8,friction_0p8,5,0.724729758261492,51.40667276226789,-2.470567139957302,15.149980248968047,4.009470007393611,17.961489112820782
vanilla,a2p20,friction,0.9,friction_0p9,5,-27.113466772058427,38.460219604200105,8.011743772709952,14.033840236430297,8.461843735115826,6.826170239631951
vanilla,a2p20,friction,1.0,friction_1,5,0.0,0.0,0.0,0.0,0.0,0.0
vanilla,a2p20,friction,1.1,friction_1p1,5,-95.79248998767711,115.09737577757352,-23.024641934892497,57.47213404171463,-27.435184827359535,54.584030438160276
vanilla,a2p20,friction,1.3,friction_1p3,5,-120.17084007914723,145.36107115165484,-9.337890184838807,39.795963587601165,-44.055102604506374,96.15734912185613
vanilla,a2p20,friction,1.5,friction_1p5,5,21.841719459362594,112.08443443841578,10.917513687530846,50.31553081049979,13.282481668569744,56.97558935630581
vanilla,a2p20,friction,1.7,friction_1p7,5,-35.754743205316984,241.00747730923166,-39.119632383180125,94.2998913457618,-50.630512976345656,186.41800714287655
vanilla,a2p20,friction,2.0,friction_2,5,25.55511933026496,198.93599135686878,9.263361591486591,72.41087776729546,50.33704800457167,163.2906917183721
vanilla,a2p20,gear,0.5,gear_0p5,5,102.39568498031231,1202.6840462360688,94.06303898432034,1271.315349568833,98.20385580172456,1274.2987612457205
vanilla,a2p20,gear,0.6,gear_0p6,5,-100.17675361623633,1278.2449975332074,-121.91664784549285,1436.2614953088273,-112.8551819752201,1425.0087292553703
vanilla,a2p20,gear,0.7,gear_0p7,5,-0.5852167782305969,677.9198668285469,64.38822643698037,681.1357087020475,38.27796189718904,714.5994981403297
vanilla,a2p20,gear,0.8,gear_0p8,5,58.4688647529418,336.49491331281934,68.987224650868,394.6129604758,70.75520381634799,397.0925300886581
vanilla,a2p20,gear,0.9,gear_0p9,5,20.278947232219206,135.99333133330566,37.1938392186586,138.39878091210124,43.34392519710682,147.35927485350624
vanilla,a2p20,gear,1.0,gear_1,5,0.0,0.0,0.0,0.0,0.0,0.0
vanilla,a2p20,gear,1.1,gear_1p1,5,-122.4884594287555,138.82748987492104,-73.99275148448287,125.70267033763491,-96.42773976491954,113.91333858430583
vanilla,a2p20,gear,1.3,gear_1p3,5,101.30765155570366,1102.4222609032884,174.4263072370013,1316.729734348107,148.20477466050733,1295.647027594484
vanilla,a2p20,gear,1.5,gear_1p5,5,-228.2933336302271,1441.4350494001408,-141.53794803687342,1684.8666845616472,-193.9640082780076,1641.162982792432
vanilla,a2p20,gear,1.7,gear_1p7,5,-214.9397130533576,1459.392823991321,-213.32217379541257,1745.6979997976032,-252.40845711956658,1645.692852670182
vanilla,a2p20,gear,2.0,gear_2,5,-93.16293229686607,1413.6730763711494,-180.48396692533146,1498.8032273279985,-153.57632874487626,1492.586987958167
vanilla,a2p20,gravity,0.5,gravity_0p5,5,1.1740970371637558,268.47766658975826,-9.629356784805031,315.9052040259125,-0.1746337482986519,326.6233262274439
vanilla,a2p20,gravity,0.6,gravity_0p6,5,-0.017561106904577174,271.14516128448906,-7.6193321996169745,252.7546957468904,-5.660796137334569,261.78947583464753
vanilla,a2p20,gravity,0.7,gravity_0p7,5,37.45199190205835,135.01579470808173,-20.08359601424413,183.5511946784993,-10.455103013103349,193.08592809949323
vanilla,a2p20,gravity,0.8,gravity_0p8,5,8.640072730903876,125.01654501495568,-9.434339726478493,139.88656419302174,-4.423366483823907,143.79969773580888
vanilla,a2p20,gravity,0.9,gravity_0p9,5,33.558818787568086,52.28674686056362,-4.807709353621021,78.05813636183962,6.798189007718224,80.88115143544306
vanilla,a2p20,gravity,1.0,gravity_1,5,0.0,0.0,0.0,0.0,0.0,0.0
vanilla,a2p20,gravity,1.1,gravity_1p1,5,18.736256600532805,56.90828067092266,-6.431843510265844,89.73322048198084,0.015327398503154654,68.31418320394086
vanilla,a2p20,gravity,1.3,gravity_1p3,5,20.987163473617375,213.10315920596702,-28.459044446697455,232.6283088212451,-23.30781190809962,227.95011528256083
vanilla,a2p20,gravity,1.5,gravity_1p5,5,-39.56973101911217,444.97479841915947,-62.87588980372934,445.28486041683146,-58.96317527282222,425.67441515253734
vanilla,a2p20,gravity,1.7,gravity_1p7,5,-101.08208556606606,545.0422054301279,-157.27505239928854,622.9423912619253,-125.75507894889495,586.6676738853416
vanilla,a2p20,gravity,2.0,gravity_2,5,1.9725387369269811,750.7411856849386,-78.96149889126153,820.1770195825376,-30.573237984557363,779.3920234816053
vanilla,a2p20,mass,0.5,mass_0p5,5,109.77398144615331,955.1120108398376,175.42633428601226,1162.1185677233652,181.86114090439682,1164.3807770396922
vanilla,a2p20,mass,0.6,mass_0p6,5,-59.09743529857419,678.0245645550158,-37.01478734525458,981.929682863327,-31.811065466635817,864.1599835074568
vanilla,a2p20,mass,0.7,mass_0p7,5,-6.345036478466,487.99687465385716,113.87518183039474,536.3674005098102,46.39433564498786,522.0212650077415
vanilla,a2p20,mass,0.8,mass_0p8,5,-102.8363970270766,402.887456341504,-107.25900077088708,118.87778231346383,-127.57849589799812,294.9014469963036
vanilla,a2p20,mass,0.9,mass_0p9,5,15.886320674628587,99.61299484932931,-21.821777960129474,29.634741272189807,-23.5915308422821,33.236906319937106
vanilla,a2p20,mass,1.0,mass_1,5,0.0,0.0,0.0,0.0,0.0,0.0
vanilla,a2p20,mass,1.1,mass_1p1,5,20.368693098966606,79.13106747346261,51.14293263239847,100.14139040674179,42.675076753217944,99.0458448416637
vanilla,a2p20,mass,1.3,mass_1p3,5,51.29422995640048,179.72190890101007,78.31707485140423,290.7383528843875,72.66476321158788,283.17136726727153
vanilla,a2p20,mass,1.5,mass_1p5,5,112.52740127142472,335.03893430180227,97.58704846470667,412.428794691574,88.0245497134581,400.3273956974466
vanilla,a2p20,mass,1.7,mass_1p7,5,293.81563358948597,436.638945094995,320.4875339862614,532.8591699187385,327.21427260990765,512.1805823456043
vanilla,a2p20,mass,2.0,mass_2,5,492.9943720483182,731.4503297087413,594.3306335578436,821.2140546740097,571.3605090524147,810.653152422775
vanilla,a2p40,friction,0.5,friction_0p5,5,-48.31304332328591,149.77384049280656,-15.995438262382914,146.856914007196,-9.966385155079251,146.9058205576147
vanilla,a2p40,friction,0.6,friction_0p6,5,-48.34596420621133,90.01742502568099,-15.479923116946702,116.33757730625364,-12.60884145064424,112.41468990305081
vanilla,a2p40,friction,0.7,friction_0p7,5,-54.80664712237267,48.66421440387658,5.7968110484509,68.41529656431081,14.898028954535857,76.9086031746131
vanilla,a2p40,friction,0.8,friction_0p8,5,-3.2466573163973864,27.040562722039144,-1.8889129029396827,36.79984757229641,5.426960193992,40.0295349840561
vanilla,a2p40,friction,0.9,friction_0p9,5,-68.36280299506498,58.75126860720104,2.340398918696019,20.231433157085522,7.226998592362088,16.52322862404338
vanilla,a2p40,friction,1.0,friction_1,5,0.0,0.0,0.0,0.0,0.0,0.0
vanilla,a2p40,friction,1.1,friction_1p1,5,-73.28960908849221,110.76622207315177,-7.8524115725248524,52.02953145478145,-6.473336610011847,41.76718890211188
vanilla,a2p40,friction,1.3,friction_1p3,5,-121.95523990556508,218.4804560477674,-8.343089329932809,60.98364180928262,-20.26651818045325,77.83025116111276
vanilla,a2p40,friction,1.5,friction_1p5,5,-22.249820042821966,102.4285491349661,40.580382757078496,110.30774508453347,45.114135429157024,116.79217221060097
vanilla,a2p40,friction,1.7,friction_1p7,5,-1.6689852567479648,111.00596643594618,2.116068907749559,91.62738819909372,25.596749447668298,92.447902471532
vanilla,a2p40,friction,2.0,friction_2,5,71.10186197072866,171.15332098754627,65.05250397506629,104.53670733925597,116.74697334238836,186.5282546715462
vanilla,a2p40,gear,0.5,gear_0p5,5,-66.13998464043338,147.03267438939227,-65.19902266372219,125.77828699398846,-60.16653396939214,115.55775634931955
vanilla,a2p40,gear,0.6,gear_0p6,5,-273.5780022204925,76.91628032607457,-282.0197895608947,167.6325888124158,-272.79074226885984,161.3673319470721
vanilla,a2p40,gear,0.7,gear_0p7,5,-367.83581449955835,337.05782092419986,-377.4500747647454,541.9260044717146,-400.9987142530543,472.25508079748494
vanilla,a2p40,gear,0.8,gear_0p8,5,-80.66260220496144,121.62541893973486,-2.6904243284803897,130.0954459762832,6.729728659724378,121.07492442329982
vanilla,a2p40,gear,0.9,gear_0p9,5,-0.7688321613047264,101.32267066381597,1.1070635801248045,100.14649837704692,10.280376560295917,83.93358015965228
vanilla,a2p40,gear,1.0,gear_1,5,0.0,0.0,0.0,0.0,0.0,0.0
vanilla,a2p40,gear,1.1,gear_1p1,5,-77.70930411802692,150.68871748010304,-70.93418856216954,104.63746725917996,-84.5473766610307,136.7203987855671
vanilla,a2p40,gear,1.3,gear_1p3,5,136.80110791994804,303.487084648949,132.2085285321043,356.52799733364265,128.30177908685087,342.12732248679
vanilla,a2p40,gear,1.5,gear_1p5,5,-22.024872898029116,148.60527862159,-22.87080891560995,81.68579765127726,34.03692982399648,156.71513054753652
vanilla,a2p40,gear,1.7,gear_1p7,5,-78.06306445736507,196.0547324736668,-76.53472710055232,72.18576958159248,-54.09768856805895,109.25836804575293
vanilla,a2p40,gear,2.0,gear_2,5,145.78651137572828,267.7770881611061,150.8842439393683,414.26352879182764,161.02034889564058,314.65918163628845
vanilla,a2p40,gravity,0.5,gravity_0p5,5,26.28376444787491,52.87850170556971,-16.498654386698217,46.29730021417435,-7.238257540521045,33.564704050581625
vanilla,a2p40,gravity,0.6,gravity_0p6,5,71.72048159412233,90.19817786266948,1.7499113221470908,28.48745513690127,-0.10472229885981506,19.97378278978736
vanilla,a2p40,gravity,0.7,gravity_0p7,5,73.65552623837534,147.7078086789117,23.68500063215297,30.737668440269825,24.850282824688158,29.129412226890103
vanilla,a2p40,gravity,0.8,gravity_0p8,5,-34.23391382065099,70.05056115923732,-11.59095459940404,30.429869389677723,-2.857641839521148,14.72234153672686
vanilla,a2p40,gravity,0.9,gravity_0p9,5,-35.26701916587526,164.0435047684491,-3.1925301479183874,15.925090153996944,3.487537226496033,14.86865232805652
vanilla,a2p40,gravity,1.0,gravity_1,5,0.0,0.0,0.0,0.0,0.0,0.0
vanilla,a2p40,gravity,1.1,gravity_1p1,5,-13.501682203756037,108.78712335555932,-7.649679695385475,26.13850125874263,-10.374409626371108,20.94252849861044
vanilla,a2p40,gravity,1.3,gravity_1p3,5,-197.26138969537269,257.0380305984727,-370.56061885702593,662.3022976783959,-263.8019761261895,476.8571263271838
vanilla,a2p40,gravity,1.5,gravity_1p5,5,-269.8865636396475,233.91278066524688,-401.52317086923296,675.0959557323645,-303.69668690304724,409.2157737243713
vanilla,a2p40,gravity,1.7,gravity_1p7,5,-276.6477675088348,180.30688964269697,-218.63323974081663,326.25516295864344,-265.5698483281764,314.40565338595565
vanilla,a2p40,gravity,2.0,gravity_2,5,-264.03863930533817,264.9811364014306,-303.77167491413013,639.4252441797278,-351.97215186171917,556.7099843367067
vanilla,a2p40,mass,0.5,mass_0p5,5,-141.78978428696945,190.51896313856082,-24.78265942945011,160.67801012377652,-43.09763703864894,191.23656183756822
vanilla,a2p40,mass,0.6,mass_0p6,5,-203.0117433377322,387.9498966645554,-195.81421416425565,349.12978144727276,-203.07665259026422,369.29260693531575
vanilla,a2p40,mass,0.7,mass_0p7,5,-28.634400168094906,89.12581136680414,33.22198889806155,177.93513557404364,-14.54685765025074,108.40372007221855
vanilla,a2p40,mass,0.8,mass_0p8,5,-100.30628947758979,88.2837437908427,-157.6214709506724,203.54191887228689,-114.33126655345328,132.4484001948572
vanilla,a2p40,mass,0.9,mass_0p9,5,-44.99862848219677,63.5593794963164,-29.832502275803108,30.493553582907666,-49.93643059872884,43.47200077366162
vanilla,a2p40,mass,1.0,mass_1,5,0.0,0.0,0.0,0.0,0.0,0.0
vanilla,a2p40,mass,1.1,mass_1p1,5,23.20782793171252,63.29842855390074,26.14222696060724,20.29501885937448,29.007666351189346,22.518719454695233
vanilla,a2p40,mass,1.3,mass_1p3,5,24.108305328526647,99.05547049298323,55.7367609860667,100.39988179000377,50.84161556039248,101.67907169682711
vanilla,a2p40,mass,1.5,mass_1p5,5,80.478536428115,128.16197837344302,108.05201868681601,132.02484399924137,112.11583325032909,140.6871772258267
vanilla,a2p40,mass,1.7,mass_1p7,5,174.7667772134675,164.90073861368248,120.51010724539508,164.76083955974173,216.7630036655073,167.20764969766506
vanilla,a2p40,mass,2.0,mass_2,5,275.85173298825504,446.9586371697341,228.66947564901903,663.4198409358984,293.53686368712545,571.6279759512688
vanilla,a2p55,friction,0.5,friction_0p5,5,35.1993547606517,217.52390632413832,38.56649252449684,47.061007998706174,43.335138652045224,43.88947300910171
vanilla,a2p55,friction,0.6,friction_0p6,5,12.926411302355792,249.38625612996717,36.58923110882351,54.228050208427035,39.29395668374673,52.44868833516414
vanilla,a2p55,friction,0.7,friction_0p7,5,-3.4142150288863378,133.02391277550723,50.54381827683669,54.202946751077064,45.28320361881765,51.35685954039172
vanilla,a2p55,friction,0.8,friction_0p8,5,-26.47608526197191,131.7517503196544,20.028130802740044,22.458300691506185,27.43475643991269,20.85241064893206
vanilla,a2p55,friction,0.9,friction_0p9,5,-9.919515230926844,35.93045137333956,32.33902856104082,24.58819811143358,37.46575179215979,16.12547427313079
vanilla,a2p55,friction,1.0,friction_1,5,0.0,0.0,0.0,0.0,0.0,0.0
vanilla,a2p55,friction,1.1,friction_1p1,5,-36.63721446520708,130.75750589262566,-8.881439311484291,40.95277758471886,-12.466911246552854,31.007148119696758
vanilla,a2p55,friction,1.3,friction_1p3,5,-165.39600330083175,201.10320335801708,-45.085687534083306,91.956010044257,-87.68396720445726,185.63671786646626
vanilla,a2p55,friction,1.5,friction_1p5,5,-186.6214590159538,229.7567619487735,-139.81627210574226,306.9916393968896,-133.378255562441,299.4073791779315
vanilla,a2p55,friction,1.7,friction_1p7,5,-304.4283527543112,581.8777270873452,-397.5117291211459,797.0466195692336,-358.9284123877116,787.0654783537909
vanilla,a2p55,friction,2.0,friction_2,5,-326.93888821863993,425.58491324758796,-266.0826430986862,529.7401641313883,-306.28099400848924,569.7777057314864
vanilla,a2p55,gear,0.5,gear_0p5,5,-269.0601672817144,802.3476193808866,-351.35454788177344,912.0280433974398,-349.4407171839426,905.9697941961371
vanilla,a2p55,gear,0.6,gear_0p6,5,-242.1278407350031,917.7912240741966,-326.4170528814946,1052.931282627873,-299.738441269465,1046.5140124397585
vanilla,a2p55,gear,0.7,gear_0p7,5,-279.38327124275224,686.8216540304873,-272.17057309523824,817.2061657765776,-293.60334035302753,793.2496438464582
vanilla,a2p55,gear,0.8,gear_0p8,5,-132.99197540336462,357.2648668443096,-150.39166347780446,360.90015470613946,-155.44114717112464,380.56726825341565
vanilla,a2p55,gear,0.9,gear_0p9,5,-36.411446806867346,152.23586070362484,-58.081128302460776,133.20177644200314,-52.79573431832264,132.11637806735953
vanilla,a2p55,gear,1.0,gear_1,5,0.0,0.0,0.0,0.0,0.0,0.0
vanilla,a2p55,gear,1.1,gear_1p1,5,-27.451468441184307,237.35671951557592,21.59333428248251,153.8368630309727,14.024884966447189,168.98396411268993
vanilla,a2p55,gear,1.3,gear_1p3,5,-141.96519157345088,904.8493716350496,-298.89549314941723,1135.6010473915867,-294.4381312918909,1098.4630945172842
vanilla,a2p55,gear,1.5,gear_1p5,5,-488.75238163905885,996.4455964937803,-651.125365308529,1113.7678257839373,-581.4211741432925,1130.2611375924712
vanilla,a2p55,gear,1.7,gear_1p7,5,-538.2265880637209,963.222000927196,-664.4083262385432,1184.9317587525156,-664.7111570152958,1138.2358002516464
vanilla,a2p55,gear,2.0,gear_2,5,-477.5073567007562,1046.3750794173093,-648.7398378069789,1174.9302185025322,-614.8500618558537,1159.3654630390954
vanilla,a2p55,gravity,0.5,gravity_0p5,5,26.494257006251836,85.77648655213119,80.72058222218448,160.67688146905166,81.10166034193608,153.42428515057992
vanilla,a2p55,gravity,0.6,gravity_0p6,5,45.51745441505373,121.02896282532072,58.50673719982374,154.95922021434805,52.590578858968044,142.45100824866034
vanilla,a2p55,gravity,0.7,gravity_0p7,5,21.34995688027964,117.01026433786828,60.691405150059566,130.8158374781644,56.66361559294724,115.5090601043778
vanilla,a2p55,gravity,0.8,gravity_0p8,5,11.904364174782222,47.36304223911756,41.63583032612364,87.63713230675893,44.43773052498591,75.53868749184136
vanilla,a2p55,gravity,0.9,gravity_0p9,5,21.486161137966633,52.266523160111795,30.11591648967319,64.92549902672816,25.932359038128062,49.90449364472627
vanilla,a2p55,gravity,1.0,gravity_1,5,0.0,0.0,0.0,0.0,0.0,0.0
vanilla,a2p55,gravity,1.1,gravity_1p1,5,-47.01220480368816,67.97847007520917,-14.469190639319255,40.62900867680138,-16.29919765974414,35.85344977128599
vanilla,a2p55,gravity,1.3,gravity_1p3,5,-90.52970168973181,164.29425254997807,-53.22858139280836,113.8276930466129,-54.62211705764328,122.96977419558974
vanilla,a2p55,gravity,1.5,gravity_1p5,5,-130.5168331635349,201.4134462438558,-93.09535124448666,188.02883141097692,-94.26654362192691,193.26506224028176
vanilla,a2p55,gravity,1.7,gravity_1p7,5,-152.5932053851208,240.06704291507955,-148.5898685536368,293.18276959344803,-148.76083241019384,291.6481094938124
vanilla,a2p55,gravity,2.0,gravity_2,5,-189.86253033058162,296.99229607584834,-141.66305305976874,304.00080108657,-138.5708795083981,296.7218599280045
vanilla,a2p55,mass,0.5,mass_0p5,5,-578.3339247715578,594.8760399990343,-541.195174144173,762.0496629934205,-578.3297154909169,736.9502096786889
vanilla,a2p55,mass,0.6,mass_0p6,5,-461.39376599055686,546.6704229602799,-484.95773774716906,711.5561055277474,-528.192298927189,712.6148704346024
vanilla,a2p55,mass,0.7,mass_0p7,5,-150.99444735689426,335.581435047793,-38.664210371540186,653.630852329652,-148.23491344771077,480.0189996861139
vanilla,a2p55,mass,0.8,mass_0p8,5,-99.65487821411857,227.678701487068,-142.25686046499726,243.32589866351879,-86.12432101907666,261.2536984214791
vanilla,a2p55,mass,0.9,mass_0p9,5,54.583941069474214,129.40985208567213,24.568833520229553,98.28919682529626,25.97992891623062,118.58748915383589
vanilla,a2p55,mass,1.0,mass_1,5,0.0,0.0,0.0,0.0,0.0,0.0
vanilla,a2p55,mass,1.1,mass_1p1,5,3.1390814250351466,79.85716827385787,37.44133206669185,25.276148707172627,36.69117305284408,21.156503515855427
vanilla,a2p55,mass,1.3,mass_1p3,5,-40.89398446166665,237.83208761201377,4.479560151021815,178.63625915515215,-32.85345995073512,237.49856825557015
vanilla,a2p55,mass,1.5,mass_1p5,5,30.812852936811375,202.88315912048643,-38.5865880468062,283.9619427757241,-19.91021390047115,246.6028709279756
vanilla,a2p55,mass,1.7,mass_1p7,5,165.99120640705155,179.18009392216064,193.32140779095494,128.90522723907725,185.15249224356492,145.9942412890726
vanilla,a2p55,mass,2.0,mass_2,5,176.93549913202747,314.56719545090533,97.84538481225968,371.50921671067005,183.4749737965131,402.23467222933056
vanilla,a2p65,friction,0.5,friction_0p5,5,29.200322926909802,151.2497576759527,81.55413767432128,118.9475816155513,81.76279715269861,113.88260761186328
vanilla,a2p65,friction,0.6,friction_0p6,5,-31.710424522407084,169.15403625542368,32.62170533130361,112.89297086952583,34.351433067167044,104.33543153382139
vanilla,a2p65,friction,0.7,friction_0p7,5,-19.3318687416237,111.17220413431052,39.990147144708864,64.30421522608098,41.783701427256986,60.55545504199921
vanilla,a2p65,friction,0.8,friction_0p8,5,-28.04779739108749,126.67113430443955,-0.4592519494637145,65.52279221124657,4.455150795109785,49.07462977989018
vanilla,a2p65,friction,0.9,friction_0p9,5,-58.05401788759809,113.76532482135909,12.058833353667477,44.31314435000693,15.249065533482234,35.81868941120882
vanilla,a2p65,friction,1.0,friction_1,5,0.0,0.0,0.0,0.0,0.0,0.0
vanilla,a2p65,friction,1.1,friction_1p1,5,-128.6690780272464,186.5078215700581,-25.078318931167267,44.30601980874612,-29.659066645986876,46.16587901166958
vanilla,a2p65,friction,1.3,friction_1p3,5,-124.2325196229694,177.2507310461019,-28.338127734008232,42.417213007953976,-27.502889116564894,41.93029142164163
vanilla,a2p65,friction,1.5,friction_1p5,5,-90.05067537490659,78.5026708281389,-50.217011618667854,46.54767649388366,-47.350573026014715,51.66895669112191
vanilla,a2p65,friction,1.7,friction_1p7,5,-128.16780199747672,131.53052329174113,-115.6859473677639,142.57887162974208,-122.99827872699807,156.30558242893395
vanilla,a2p65,friction,2.0,friction_2,5,-190.4776025649183,242.41838618681928,-215.10894383078147,338.5243130739647,-169.57523866273817,246.31532880778553
vanilla,a2p65,gear,0.5,gear_0p5,5,153.62125690300195,165.46252110667854,135.0733730175538,117.44335091575134,136.48899136655186,124.00404919756248
vanilla,a2p65,gear,0.6,gear_0p6,5,-50.51050948712204,186.10678288580226,-162.69888929298995,187.66928573667772,-112.29602679711593,213.02813938614617
vanilla,a2p65,gear,0.7,gear_0p7,5,-96.54606206232538,261.4336506065408,-173.53645092383377,331.6782889120385,-145.93191650161458,265.35879972610644
vanilla,a2p65,gear,0.8,gear_0p8,5,-4.355445196915094,184.66618104542175,-24.059229562565953,123.39730404241504,-16.606305684843825,125.42420931832369
vanilla,a2p65,gear,0.9,gear_0p9,5,53.27040688075381,122.48723420386025,1.8968262581149702,63.63924282203069,8.233861546603247,71.28915879961112
vanilla,a2p65,gear,1.0,gear_1,5,0.0,0.0,0.0,0.0,0.0,0.0
vanilla,a2p65,gear,1.1,gear_1p1,5,-62.50371441636953,126.40130765442387,-23.10370482218309,49.46352535471388,-80.71229500924218,163.26811925155027
vanilla,a2p65,gear,1.3,gear_1p3,5,149.7402633315849,401.7730759478008,45.10750349450168,259.52029444820687,59.489405845317336,286.134351853305
vanilla,a2p65,gear,1.5,gear_1p5,5,-3.689404631522643,235.57423404793548,-129.78206484934162,106.10500433042978,-55.09609439674519,182.30926067728382
vanilla,a2p65,gear,1.7,gear_1p7,5,-46.55065546588908,328.77542558157995,-100.04450041915644,221.97347984024617,-105.06971840459138,319.60574261321557
vanilla,a2p65,gear,2.0,gear_2,5,-5.210497836610193,395.61438878534346,-70.73015691825125,617.271482064433,-58.99085116294059,497.1595644606193
vanilla,a2p65,gravity,0.5,gravity_0p5,5,38.10511049419385,96.59584567926149,-10.315807233730675,38.50745190286214,-14.845299750596496,28.295644724487172
vanilla,a2p65,gravity,0.6,gravity_0p6,5,30.45531997746441,146.00766942026553,-10.300654803267388,44.69689251347206,-14.797341122609714,38.14285734051715
vanilla,a2p65,gravity,0.7,gravity_0p7,5,80.58479576360007,139.8955592487086,-6.484078618262538,21.26705180241409,-5.534118490894343,20.360469555484517
vanilla,a2p65,gravity,0.8,gravity_0p8,5,3.3237390789282015,92.17660034863485,-2.926186385861274,33.13128884311148,-2.3749767784192954,24.893400565859253
vanilla,a2p65,gravity,0.9,gravity_0p9,5,47.10383848373597,86.46803371192433,-19.69429162112392,35.72274655149944,-15.399465380097036,29.10243177307361
vanilla,a2p65,gravity,1.0,gravity_1,5,0.0,0.0,0.0,0.0,0.0,0.0
vanilla,a2p65,gravity,1.1,gravity_1p1,5,78.16245059840443,135.9299488715996,12.377842516887403,17.058772874411417,5.720814627368964,18.387941436249914
vanilla,a2p65,gravity,1.3,gravity_1p3,5,125.00125916956085,183.12958990303125,35.33371305325022,85.44981370282818,31.709777250675167,77.35425469843318
vanilla,a2p65,gravity,1.5,gravity_1p5,5,105.1770272001667,130.19080898734816,33.47310829383368,52.09546970814958,31.28871659781023,47.36552664086732
vanilla,a2p65,gravity,1.7,gravity_1p7,5,105.85038067046803,96.23171798807634,31.19726411550555,41.555029817542675,35.846093641633615,42.35103764718352
vanilla,a2p65,gravity,2.0,gravity_2,5,221.1028620095975,229.5325008212182,169.52211985629629,184.75369499948147,172.20739139676212,212.86013120535267
vanilla,a2p65,mass,0.5,mass_0p5,5,-16.524204155499387,100.21522336742966,-16.70808517334492,64.5564483569261,-14.608874298500018,61.688890159556614
vanilla,a2p65,mass,0.6,mass_0p6,5,-225.35763206474113,353.6863233320751,-203.7109829728845,306.2393939262222,-239.6183514525866,379.90532579607464
vanilla,a2p65,mass,0.7,mass_0p7,5,-70.15269553485628,77.54210539947262,-116.1624031139063,89.15432554458562,-127.18502583890549,110.62716345668306
vanilla,a2p65,mass,0.8,mass_0p8,5,1.8316497209733371,102.25718691412783,-38.523736014934364,46.26742807351631,-20.796271067191856,53.217231200046704
vanilla,a2p65,mass,0.9,mass_0p9,5,-49.39805827484088,115.77892325057701,-24.85507752827407,19.8200475991335,-93.98853119872183,156.7079018516675
vanilla,a2p65,mass,1.0,mass_1,5,0.0,0.0,0.0,0.0,0.0,0.0
vanilla,a2p65,mass,1.1,mass_1p1,5,46.62574774975087,76.0432746855975,33.901856110721745,57.59172943733844,33.82175717219584,52.380285405583905
vanilla,a2p65,mass,1.3,mass_1p3,5,35.261806423048846,109.4200950082693,56.70067232678771,148.67217463422702,60.40087713321814,146.21189400060746
vanilla,a2p65,mass,1.5,mass_1p5,5,120.404334146183,184.80996354257985,47.12943474476481,151.90986116361572,56.23465491415116,153.10577492063211
vanilla,a2p65,mass,1.7,mass_1p7,5,303.17213328626957,327.8742974047765,373.31179424298927,399.6665685599102,378.1167060662914,388.7959548262444
vanilla,a2p65,mass,2.0,mass_2,5,377.1224942865116,234.2305475027749,342.2695092270666,282.6371630168297,390.77924658229256,235.11505777676965
vanilla,a2p70,friction,0.5,friction_0p5,5,23.578884693602596,76.00124739144292,83.17572094043162,51.92949443121778,88.07850277796555,50.64928939094482
vanilla,a2p70,friction,0.6,friction_0p6,5,11.664009731670285,34.41752679533479,55.07917068154634,44.537133438473205,56.99812893292024,42.18854034090299
vanilla,a2p70,friction,0.7,friction_0p7,5,-17.531231779775908,65.07636738104792,45.02399903139385,27.84751742995735,49.155226721876986,29.296732664301814
vanilla,a2p70,friction,0.8,friction_0p8,5,19.40751690145412,59.31355578467226,31.987985794244103,19.471541838750003,34.028977458724604,13.4876438538094
vanilla,a2p70,friction,0.9,friction_0p9,5,-17.890956414119774,42.44271313178299,17.546062474184417,27.67496055602674,20.392154834137454,15.89276428832923
vanilla,a2p70,friction,1.0,friction_1,5,0.0,0.0,0.0,0.0,0.0,0.0
vanilla,a2p70,friction,1.1,friction_1p1,5,-53.419915254316855,67.90261207290692,-21.48814343195386,52.88042255501887,-20.100291027493178,41.03672106817992
vanilla,a2p70,friction,1.3,friction_1p3,5,-63.20329294951175,93.83055631979323,-11.475303357738813,34.81710313748454,-8.346374703576293,30.40560142185586
vanilla,a2p70,friction,1.5,friction_1p5,5,14.103364351145682,116.4238205423481,11.868281647569665,47.121209633793924,14.995580890051134,56.51083593583796
vanilla,a2p70,friction,1.7,friction_1p7,5,26.59358101894195,160.19705947076773,4.494446762905409,34.8134618541066,27.073905595853923,71.98749099285594
vanilla,a2p70,friction,2.0,friction_2,5,48.74410074118528,135.72545135354085,33.43546704530108,46.390449721515374,80.80631944500979,134.30720363365154
vanilla,a2p70,gear,0.5,gear_0p5,5,425.0714680346352,774.2077386717402,450.9648174621054,811.0064335985917,452.27237363659515,814.85069553899
vanilla,a2p70,gear,0.6,gear_0p6,5,339.4498436691314,801.0067351762581,323.500587938738,907.6322295911718,362.0209602071119,877.4109136313735
vanilla,a2p70,gear,0.7,gear_0p7,5,172.94284664724572,482.6432714531895,274.7533415855755,465.7345485536676,257.81154832045024,481.0670563904441
vanilla,a2p70,gear,0.8,gear_0p8,5,145.61727535796166,218.59755599104915,183.26259104928334,257.7396341933171,190.63935488052326,256.90210278206087
vanilla,a2p70,gear,0.9,gear_0p9,5,57.18886708565346,57.889557341229796,73.06812797083398,67.4132627495935,82.23787358125887,79.29161784273704
vanilla,a2p70,gear,1.0,gear_1,5,0.0,0.0,0.0,0.0,0.0,0.0
vanilla,a2p70,gear,1.1,gear_1p1,5,-63.20042810289865,44.21252321847614,-75.36291754983822,95.28745013069587,-67.09443644764342,98.25246709250577
vanilla,a2p70,gear,1.3,gear_1p3,5,381.78861752057367,844.2181867952971,454.8801080649697,1024.020091025748,441.9596040565093,992.4555958474112
vanilla,a2p70,gear,1.5,gear_1p5,5,469.6745765478948,882.7480409860913,455.34502842053314,982.4114228542044,513.3956492990565,992.7460375214068
vanilla,a2p70,gear,1.7,gear_1p7,5,459.9070623082547,789.9835376346945,532.7320374302572,882.7575858539467,564.114083313332,864.3395379223006
vanilla,a2p70,gear,2.0,gear_2,5,513.2446500126665,862.42791356519,530.5701499262715,1018.349603108399,546.4400586867446,971.7500500725263
vanilla,a2p70,gravity,0.0,gravity_0,1,-190.40854415984927,0.0,-181.87567337615405,0.0,-180.94229433033092,0.0
vanilla,a2p70,gravity,0.5,gravity_0p5,5,-52.839147069010416,168.01770517360384,-84.83773428332672,205.79669914033775,-83.21780102047471,203.9943850595932
vanilla,a2p70,gravity,0.6,gravity_0p6,5,-60.693771873690274,181.70817745660338,-71.20705717723565,180.95258068837936,-74.47307615624125,180.2220543029328
vanilla,a2p70,gravity,0.7,gravity_0p7,5,5.541210399824422,57.86185910403771,-43.55016519668277,132.07201693451134,-45.42539819006263,127.45101455887577
vanilla,a2p70,gravity,0.8,gravity_0p8,5,8.70920936137686,105.13072000742962,-29.23499991045899,99.59670095220793,-24.21694558913712,93.43606372812746
vanilla,a2p70,gravity,0.9,gravity_0p9,5,4.640214869751685,49.72095333923216,-10.204452068940714,55.60788093625734,-6.6633532270155005,42.28385513461085
vanilla,a2p70,gravity,1.0,gravity_1,5,0.0,0.0,0.0,0.0,0.0,0.0
vanilla,a2p70,gravity,1.1,gravity_1p1,5,38.73404663083236,25.61253100786824,29.711568343273804,24.466211127871585,27.09735593604937,25.835157443513392
vanilla,a2p70,gravity,1.3,gravity_1p3,5,89.00862187124096,157.1698609274078,75.16534314387097,138.10520127123021,71.43134505013043,139.60708877988475
vanilla,a2p70,gravity,1.5,gravity_1p5,5,136.75114625439159,229.27040974870127,107.5519987984206,254.49122076137508,110.26272056413181,250.76493521227925
vanilla,a2p70,gravity,1.7,gravity_1p7,5,145.52161900129298,303.59059462515347,130.3297549575821,337.68761064603103,130.3483199976601,340.4592582076134
vanilla,a2p70,gravity,2.0,gravity_2,5,181.7851986719776,502.0037145181403,250.96883762421893,546.3472749676525,229.09589089518485,562.4991558287753
vanilla,a2p70,mass,0.5,mass_0p5,5,335.1535106986139,702.7878279764437,448.8430609067601,889.2472997697688,451.4100582775877,903.5279737869103
vanilla,a2p70,mass,0.6,mass_0p6,5,168.77923417203286,418.976551952641,276.58334950650004,611.5550154983192,237.96172640197545,546.1119824771334
vanilla,a2p70,mass,0.7,mass_0p7,5,158.73673265443932,366.00230278112724,199.98567962242504,487.54648628987235,173.06572162795524,434.0510587556268
vanilla,a2p70,mass,0.8,mass_0p8,5,62.435260438557044,159.9120897633667,-51.775673155402956,62.78813030307091,10.348127351932499,91.60842477949157
vanilla,a2p70,mass,0.9,mass_0p9,5,33.202317206581526,44.39142447549076,-10.841951115685015,22.917651702441912,-8.84572820466633,22.203986337123037
vanilla,a2p70,mass,1.0,mass_1,5,0.0,0.0,0.0,0.0,0.0,0.0
vanilla,a2p70,mass,1.1,mass_1p1,5,20.110548636206705,59.911227754515686,45.6538645617572,79.08818486482436,46.24829656605239,73.00915319123573
vanilla,a2p70,mass,1.3,mass_1p3,5,118.75400545753942,92.88662892637024,167.3485397756446,209.61380283041973,166.2211045841797,204.45506093398407
vanilla,a2p70,mass,1.5,mass_1p5,5,252.27172158461786,154.95117587528898,275.08028895313095,268.0444160895167,272.60013721018015,247.3651455557846
vanilla,a2p70,mass,1.7,mass_1p7,5,316.9849456952118,214.9082720324109,408.5773893444226,470.2631360787524,397.90108887733857,369.04082001880084
vanilla,a2p70,mass,2.0,mass_2,5,430.8883339481482,452.23608345285425,464.2293507267417,612.7476084059191,472.13764307695254,584.3683655025877
vanilla,a2p75,friction,0.5,friction_0p5,5,-109.57789427694907,129.95420452548913,-61.68123706294004,164.18217716918267,-55.94375734970845,171.07291190869782
vanilla,a2p75,friction,0.6,friction_0p6,5,-102.64679127636937,72.18511084434942,-55.933949367299554,112.3620456333185,-55.29217772000779,114.1408905594652
vanilla,a2p75,friction,0.7,friction_0p7,5,-89.44396499297576,55.30706093236321,-24.82488661352163,75.80917403237228,-20.462431091611553,83.51389107469075
vanilla,a2p75,friction,0.8,friction_0p8,5,-35.35986482987014,40.991812414311845,-21.941260369526255,43.39424105438464,-18.140509856214113,47.27320605165612
vanilla,a2p75,friction,0.9,friction_0p9,5,-31.987502300656068,23.58316232941348,1.2750878085842487,30.25116943579599,3.8488954864414153,25.32376204571256
vanilla,a2p75,friction,1.0,friction_1,5,0.0,0.0,0.0,0.0,0.0,0.0
vanilla,a2p75,friction,1.1,friction_1p1,5,-44.458519786806576,68.38909961804384,-18.356215437421135,54.8472446260224,-13.87498458756545,42.32178985555985
vanilla,a2p75,friction,1.3,friction_1p3,5,-29.73519301441852,120.5489159029629,21.057523879276324,69.2898087711571,26.374806231692354,60.705554047075346
vanilla,a2p75,friction,1.5,friction_1p5,5,58.27988938266772,130.5613015154585,56.20156023207001,71.19793242148413,56.74750633655658,76.3299049724519
vanilla,a2p75,friction,1.7,friction_1p7,5,94.78817864855596,162.8045571402757,57.19506108024084,92.66576695388144,80.34738703076036,91.66092779108749
vanilla,a2p75,friction,2.0,friction_2,5,118.51804907721821,216.80115434474118,100.81481315577689,110.53730285325848,151.67738966179914,149.0981172826267
vanilla,a2p75,gear,0.5,gear_0p5,5,415.7893257947505,766.0212656052493,434.8908429257848,802.7083755499457,440.2590846545387,808.4713278844949
vanilla,a2p75,gear,0.6,gear_0p6,5,407.30159405344995,893.4535337557205,398.88169105104953,998.7580763663335,424.0099594295836,989.4077842657731
vanilla,a2p75,gear,0.7,gear_0p7,5,238.78552500144892,539.0018976990071,385.19358823607763,477.52967243311775,316.49081622699407,534.2011507826139
vanilla,a2p75,gear,0.8,gear_0p8,5,177.73598929709152,261.78732870144836,249.595265181206,265.27216141599393,254.36409916406495,267.3706601024733
vanilla,a2p75,gear,0.9,gear_0p9,5,103.18772902269761,50.182474730541706,109.39354646791426,78.13853953091767,115.78207133045571,88.04686206382279
vanilla,a2p75,gear,1.0,gear_1,5,0.0,0.0,0.0,0.0,0.0,0.0
vanilla,a2p75,gear,1.1,gear_1p1,5,-35.92942130653673,58.71276939388926,-72.6900278515769,124.389924153752,-67.91895350129857,122.18239984563544
vanilla,a2p75,gear,1.3,gear_1p3,5,417.24796094662923,794.2835030574112,497.7325102286979,955.6601513971548,484.2328891024437,932.9680449486325
vanilla,a2p75,gear,1.5,gear_1p5,5,407.7453390004221,901.0760073592667,485.4332903994731,925.4911902463538,532.8494376152569,953.459958860594
vanilla,a2p75,gear,1.7,gear_1p7,5,295.70744985423096,893.0678136815171,323.6394779564356,1029.2037048764978,313.84828202530696,1031.8213008457387
vanilla,a2p75,gear,2.0,gear_2,5,406.2819554571713,888.2159567597721,486.28118775270406,966.9318130625442,405.29490401049077,982.2997256389266
vanilla,a2p75,gravity,0.5,gravity_0p5,5,-74.68933801712876,169.97188787502012,-89.96456951529645,203.28703395378346,-93.69380357754503,204.00282896255138
vanilla,a2p75,gravity,0.6,gravity_0p6,5,-77.54500772713516,184.30897719496386,-76.84586270061945,178.78740388133554,-80.26492133163538,179.71205650514813
vanilla,a2p75,gravity,0.7,gravity_0p7,5,-34.271518775830444,58.64255131196231,-58.716348097517674,140.11661248137358,-59.284884951733694,134.97437329322608
vanilla,a2p75,gravity,0.8,gravity_0p8,5,-17.888738450420373,98.59394644966693,-39.552979252960995,105.65867389145751,-40.44841354156792,97.84337395934156
vanilla,a2p75,gravity,0.9,gravity_0p9,5,10.796457698560403,31.156363437557886,-20.37830448755117,67.63820836519713,-15.906876949493107,59.0962227579907
vanilla,a2p75,gravity,1.0,gravity_1,5,0.0,0.0,0.0,0.0,0.0,0.0
vanilla,a2p75,gravity,1.1,gravity_1p1,5,-7.037994004888719,80.48103013638251,25.4623588269832,26.775129288447967,18.165135397030532,26.413042733614088
vanilla,a2p75,gravity,1.3,gravity_1p3,5,73.6460876949066,150.67400326816804,54.70086760928139,131.12515413806335,57.9798557999758,136.98817415866628
vanilla,a2p75,gravity,1.5,gravity_1p5,5,18.812037918628903,293.7899502014659,83.13080526938136,249.37235200729813,79.37794805031422,249.35841394974892
vanilla,a2p75,gravity,1.7,gravity_1p7,5,163.2620031720195,308.81432931581975,123.78197713254488,329.22693406633044,125.40013763803202,326.9106166203369
vanilla,a2p75,gravity,2.0,gravity_2,5,269.00402949126817,487.4599481949149,285.5283464474549,477.142245079382,314.671990867928,469.20343268155744
vanilla,a2p75,mass,0.5,mass_0p5,5,390.01401129108115,737.7146258437018,510.15370204078783,878.007992069287,514.1689705916979,895.8229240305367
vanilla,a2p75,mass,0.6,mass_0p6,5,196.02556026845986,425.62839952056214,319.302145494845,584.4051408031617,286.0548039502381,521.6725025614406
vanilla,a2p75,mass,0.7,mass_0p7,5,193.44714163452878,343.37690799525706,234.58566632593698,472.08544574160345,206.54860302975385,419.6234924730805
vanilla,a2p75,mass,0.8,mass_0p8,5,51.56262439167945,178.7203993729621,-20.176527447111265,69.54531019421408,32.44507618184116,88.53169919627545
vanilla,a2p75,mass,0.9,mass_0p9,5,51.40876320072844,45.63326339346291,3.0747243488425737,30.8585607259735,7.575903616676624,32.36571502514969
vanilla,a2p75,mass,1.0,mass_1,5,0.0,0.0,0.0,0.0,0.0,0.0
vanilla,a2p75,mass,1.1,mass_1p1,5,24.132159736758922,71.10653307283805,64.45168372140702,78.20190681344744,61.67469776377752,72.65397484245118
vanilla,a2p75,mass,1.3,mass_1p3,5,108.38541772952331,102.68698557075844,169.69794147522947,205.88775050063205,167.41139837501527,199.62849075179275
vanilla,a2p75,mass,1.5,mass_1p5,5,192.56183350032308,300.1885393150446,274.1022463026137,287.21385281993406,273.1509966048558,276.25226107555045
vanilla,a2p75,mass,1.7,mass_1p7,5,75.18352669975914,508.37278550812385,165.41309406798186,734.3932178119699,134.9022679689862,715.0083427309124
vanilla,a2p75,mass,2.0,mass_2,5,82.96445615185425,499.9440738026292,85.57368070107282,596.8190513111397,81.9789335120281,590.2050269351055
vanilla,a2p80,friction,0.5,friction_0p5,5,143.776167727477,354.05871413756194,54.97578835012082,65.24668231055931,96.83508512301482,132.87675719330093
vanilla,a2p80,friction,0.6,friction_0p6,5,144.36747174111247,318.89972003618556,35.87876631430281,53.17628638249546,70.1515401530688,113.47532782371775
vanilla,a2p80,friction,0.7,friction_0p7,5,44.4643685220482,215.302513283701,29.092474961621384,26.842425152447472,63.13552041969037,82.1655831160887
vanilla,a2p80,friction,0.8,friction_0p8,5,35.0247375644974,99.25463923106471,4.418322507277526,22.560776065548367,41.94148356200485,60.048275456013656
vanilla,a2p80,friction,0.9,friction_0p9,5,87.83462386340152,187.01603241280836,24.126268606701522,41.55182997728503,60.995734873340595,91.63028233632939
vanilla,a2p80,friction,1.0,friction_1,5,0.0,0.0,0.0,0.0,0.0,0.0
vanilla,a2p80,friction,1.1,friction_1p1,5,-45.30147525996726,60.295244287260466,-40.06182351770212,57.94323513163176,-29.53491475954961,42.73439738810317
vanilla,a2p80,friction,1.3,friction_1p3,5,-42.56770558778253,100.91321471561477,-16.269145437100224,34.90958564589991,14.412590222758672,43.54247397899646
vanilla,a2p80,friction,1.5,friction_1p5,5,-58.89650533932763,202.14112518835543,-53.236050925133576,154.88509819956218,-91.18879889594123,234.51330347444866
vanilla,a2p80,friction,1.7,friction_1p7,5,93.57230593882801,151.4550876710935,-13.144287756894254,40.92107476393809,53.01641686654839,60.57705579821825
vanilla,a2p80,friction,2.0,friction_2,5,56.710611709203974,167.05327627457362,0.6017380243526531,69.27498770091051,32.010786481686225,182.07914619337342
vanilla,a2p80,gear,0.5,gear_0p5,5,58.539102597292455,1212.6002969846816,14.996261870966828,1336.5699762735908,15.860521187846825,1343.8808021194247
vanilla,a2p80,gear,0.6,gear_0p6,5,183.23638892814975,965.2356457288183,71.80040713592784,1066.2686623820696,141.05051862121087,1078.7155023402984
vanilla,a2p80,gear,0.7,gear_0p7,5,-127.07995691445998,629.0735640207249,-233.01591253710848,826.3815816172618,-205.0487228202609,798.5974321534669
vanilla,a2p80,gear,0.8,gear_0p8,5,50.31686192754982,316.542555529349,69.73980350865546,394.4356170707448,51.12208578231525,403.1242882017924
vanilla,a2p80,gear,0.9,gear_0p9,5,78.8661720941212,52.177040070281265,52.65979041783353,115.64796051121291,56.205476393565235,129.62356307995137
vanilla,a2p80,gear,1.0,gear_1,5,0.0,0.0,0.0,0.0,0.0,0.0
vanilla,a2p80,gear,1.1,gear_1p1,5,-95.71951128659762,67.48925327898947,-55.25096239356044,136.25684595724974,-57.713130828553176,129.60635070024549
vanilla,a2p80,gear,1.3,gear_1p3,5,-85.65663710925556,1374.7993522223037,-94.58001934506001,1693.686205441965,-98.34686418264005,1649.4540914470913
vanilla,a2p80,gear,1.5,gear_1p5,5,-337.28983975333267,1682.0551318907046,-373.48394084184275,1908.662896323592,-373.7371657367254,1919.440193619007
vanilla,a2p80,gear,1.7,gear_1p7,5,-378.3117508676138,1700.4562530865485,-484.46479741128917,1975.0125940225157,-478.7596319599521,1949.2954876613837
vanilla,a2p80,gear,2.0,gear_2,5,-197.01775678917298,1620.3833749433948,-262.2743375349231,1823.6921874270638,-254.85608825046228,1792.828470632606
vanilla,a2p80,gravity,0.5,gravity_0p5,5,25.548897547710247,231.10460908888476,-40.83394819293876,269.8993252508431,-37.02959100751991,270.2996331785467
vanilla,a2p80,gravity,0.6,gravity_0p6,5,-8.937640063487288,212.55489513295558,-35.660193039038404,237.9813475440982,-38.96642325033804,229.98658410476898
vanilla,a2p80,gravity,0.7,gravity_0p7,5,81.25854676655699,129.39837961838745,-27.18662696780543,150.2720202467462,-28.914953120463544,142.185698966118
vanilla,a2p80,gravity,0.8,gravity_0p8,5,71.00938563227128,142.21504187503257,-11.956578957304236,112.39882344625693,-5.724485772555499,109.38095393568375
vanilla,a2p80,gravity,0.9,gravity_0p9,5,1.5389529142756146,11.319387271003805,-22.790516903322715,64.27443493700262,-20.32622005458784,50.546738885295426
vanilla,a2p80,gravity,1.0,gravity_1,5,0.0,0.0,0.0,0.0,0.0,0.0
vanilla,a2p80,gravity,1.1,gravity_1p1,5,-37.79949276168541,71.67990825200376,-11.57227655645354,71.51949203613898,-17.11686858794703,70.94648843993197
vanilla,a2p80,gravity,1.3,gravity_1p3,5,19.996008907951296,264.82613796253304,-14.067173500005788,242.64799175328383,-18.149361041961583,250.9062370068007
vanilla,a2p80,gravity,1.5,gravity_1p5,5,14.701575634085838,419.45436468604146,-11.130716234563078,385.56257498996575,-9.978518355305392,383.47501056145734
vanilla,a2p80,gravity,1.7,gravity_1p7,5,-21.45661829337405,517.8583990369225,-48.56319025489122,549.7161921841604,-47.42962277217323,543.3222195074601
vanilla,a2p80,gravity,2.0,gravity_2,5,-10.645737355862911,649.0151687950449,-41.23836791551726,711.1822434758307,-27.758696908505634,682.9471944856606
vanilla,a2p80,mass,0.5,mass_0p5,5,-205.638789441896,1292.163126448429,-149.15058157848517,1596.6546300124203,-158.93179133249424,1595.2083693524492
vanilla,a2p80,mass,0.6,mass_0p6,5,-292.27556851162706,1019.2195590638067,-264.165890089114,1347.418315093657,-299.65396341006345,1301.1396048634886
vanilla,a2p80,mass,0.7,mass_0p7,5,-166.9084262506387,727.1777867688461,-279.15592406780354,1128.0229645447912,-198.17418966583827,895.2035836714335
vanilla,a2p80,mass,0.8,mass_0p8,5,-27.60178392904222,181.33770075261612,-87.2517812912271,56.94844900224147,-40.65760186976686,92.87342105518766
vanilla,a2p80,mass,0.9,mass_0p9,5,-37.29275940176103,140.80259361928367,-24.33520136909624,28.514558082230373,-62.19376094982617,73.79037222786924
vanilla,a2p80,mass,1.0,mass_1,5,0.0,0.0,0.0,0.0,0.0,0.0
vanilla,a2p80,mass,1.1,mass_1p1,5,-77.1826456928784,192.91397283472597,20.394834295541568,143.76094846931016,13.081178132248851,141.83592202381496
vanilla,a2p80,mass,1.3,mass_1p3,5,-4.733779942301453,232.6096214836056,34.746957149913854,331.16884096165404,33.49040039341203,326.15345190087544
vanilla,a2p80,mass,1.5,mass_1p5,5,48.68612354622417,268.56295781710577,29.244168385709166,514.4521201949937,19.550797422384743,500.6135967950601
vanilla,a2p80,mass,1.7,mass_1p7,5,-153.28061705727993,470.76582271616843,-158.79700341424947,497.50727864034945,-101.6983710275072,571.3353812447972
vanilla,a2p80,mass,2.0,mass_2,5,-146.56083163413254,852.1608718769525,-151.15991201734693,1022.4342786665937,-153.4327463180165,1020.4552637145943
vanilla,a3p00,friction,0.5,friction_0p5,4,-125.31209909326765,73.35336664013951,-67.47315364539662,107.03309073593023,-60.383454020854,112.93909909550435
vanilla,a3p00,friction,0.6,friction_0p6,4,-145.7949395897108,74.404231855164,-44.58705075607668,81.0088563278204,-42.46338299385275,89.48365599077177
vanilla,a3p00,friction,0.7,friction_0p7,4,-119.9179065491013,39.86668253599627,-15.419274840214086,82.39530822195132,-13.809352892275285,83.65265988752316
vanilla,a3p00,friction,0.8,friction_0p8,4,-48.18148123111149,69.07954805003708,-16.82181285266404,33.029531993044316,-8.93428329878185,42.73796158864003
vanilla,a3p00,friction,0.9,friction_0p9,4,-41.922677276469074,42.52293635876603,3.7233121411370576,12.771186962198462,8.762142258578422,18.00128776646772
vanilla,a3p00,friction,1.0,friction_1,4,0.0,0.0,0.0,0.0,0.0,0.0
vanilla,a3p00,friction,1.1,friction_1p1,4,-56.27855628863949,64.588889709122,4.6553241737856865,37.07196283817367,4.604796662726642,33.74393380099067
vanilla,a3p00,friction,1.3,friction_1p3,4,-21.035208509354334,107.37885307097558,45.87130655950466,35.388696399938496,51.62022263556844,39.00398655815974
vanilla,a3p00,friction,1.5,friction_1p5,4,85.65619498518208,163.3223601424745,72.3398938672359,79.5261284895587,80.28892535146565,91.2998813169658
vanilla,a3p00,friction,1.7,friction_1p7,4,130.46023478434398,195.69919702404414,78.56094581312726,45.826389676426544,109.7290175511364,92.82027597399528
vanilla,a3p00,friction,2.0,friction_2,4,165.06908933556622,225.176245216214,128.52482809470007,80.60377084633268,188.2126510306772,190.31800452396666
vanilla,a3p00,gear,0.5,gear_0p5,4,666.3310402160851,1440.140695933128,665.2445653751598,1486.6492297616153,675.6456065175921,1484.378533802637
vanilla,a3p00,gear,0.6,gear_0p6,4,593.3251204112354,1299.870728146763,662.8655174321934,1415.4278106690167,659.6912980770481,1400.9088187042341
vanilla,a3p00,gear,0.7,gear_0p7,4,194.1864093372134,648.7068174813166,290.64396304562933,611.1793427811233,226.08252960957262,651.3382707598205
vanilla,a3p00,gear,0.8,gear_0p8,4,141.6570917197996,337.66892087355683,246.314831433179,260.946125148172,242.94078278340538,267.62180966484186
vanilla,a3p00,gear,0.9,gear_0p9,4,107.28909830717629,100.33267360070072,118.92496722673604,98.15751888983038,127.57754448654134,109.5998216010382
vanilla,a3p00,gear,1.0,gear_1,4,0.0,0.0,0.0,0.0,0.0,0.0
vanilla,a3p00,gear,1.1,gear_1p1,4,-60.26116551066718,96.21432992092886,-114.82130795682633,184.21883619163236,-107.5609629557876,174.25427449689457
vanilla,a3p00,gear,1.3,gear_1p3,4,532.9214899310056,935.6497488802115,604.7977641963246,1156.3403966200042,586.1222172184368,1123.0320764576488
vanilla,a3p00,gear,1.5,gear_1p5,4,467.2191810053314,1053.2788434052104,579.9292391001552,1055.6914176539235,634.0393977930361,1087.6533161160032
vanilla,a3p00,gear,1.7,gear_1p7,4,360.4292099721553,1148.7483625908133,348.3846367430903,1272.422452501192,392.28428209514493,1245.3206539949003
vanilla,a3p00,gear,2.0,gear_2,4,471.68061305487356,1146.2095817829788,468.673761390411,1249.9656512893166,426.51658226164255,1248.1227044456734
vanilla,a3p00,gravity,0.0,gravity_0,3,-293.7290802819886,755.8771543350259,-350.1169532952644,805.0970794270878,-379.6044337271419,853.9907460741381
vanilla,a3p00,gravity,0.5,gravity_0p5,4,-111.24248832144215,143.24446311554183,-105.24776846348817,208.08009818068834,-106.26671463067868,207.47208378259364
vanilla,a3p00,gravity,0.6,gravity_0p6,4,-60.1419670350019,181.01513429935778,-66.77485431625229,167.4572573440984,-78.45054874873381,174.28226898970485
vanilla,a3p00,gravity,0.7,gravity_0p7,4,-61.044156938388284,84.40362858178726,-71.43571114558631,155.18526094887713,-76.28202533033286,160.27089295156856
vanilla,a3p00,gravity,0.8,gravity_0p8,4,-70.07027077129916,57.72594901932354,-27.40647760118776,60.379489255839765,-27.531321795669214,63.31829160932141
vanilla,a3p00,gravity,0.9,gravity_0p9,4,-26.181839189539375,32.963112062688786,-18.546647501368028,60.17571899616791,-20.359012648276547,51.29772055490825
vanilla,a3p00,gravity,1.0,gravity_1,4,0.0,0.0,0.0,0.0,0.0,0.0
vanilla,a3p00,gravity,1.1,gravity_1p1,4,44.383617562552274,56.8822438003532,15.602247152389225,14.783573920812657,16.334624996157004,17.18178176818854
vanilla,a3p00,gravity,1.3,gravity_1p3,4,74.87995052061228,163.7945859048395,64.30566057914658,136.80772772553914,56.69694629628077,148.8341539554459
vanilla,a3p00,gravity,1.5,gravity_1p5,4,129.1891101902091,275.1142917881788,125.9150960667657,266.44245567620095,129.59262578914195,255.79645275526872
vanilla,a3p00,gravity,1.7,gravity_1p7,4,120.93814105452608,345.6253030224575,132.1164908441776,329.4669687438255,128.4620687423754,328.9321076943626
vanilla,a3p00,gravity,2.0,gravity_2,4,53.391585905455145,641.1066021869802,154.61689803402137,582.2688321776859,150.56774087037041,576.5732558240638
vanilla,a3p00,mass,0.5,mass_0p5,4,524.8523979693246,884.224728986203,658.1965443785604,1066.8344984931582,664.9928672970741,1093.8326459858283
vanilla,a3p00,mass,0.6,mass_0p6,4,287.3022003974552,485.6512024896915,399.2103165742512,694.6396517758982,364.7836913090048,614.7338121511802
vanilla,a3p00,mass,0.7,mass_0p7,4,202.29251545558952,382.60403639010696,261.5065514991361,564.1633729404452,230.88129398136755,490.5813480210006
vanilla,a3p00,mass,0.8,mass_0p8,4,48.75555529950236,159.59032970580898,-67.97484835313861,100.0636134612743,8.161703107054677,57.50212666210695
vanilla,a3p00,mass,0.9,mass_0p9,4,33.406940234968886,48.34413541855511,-18.16067615944945,33.42635585029809,-12.308110946760962,32.47963087588757
vanilla,a3p00,mass,1.0,mass_1,4,0.0,0.0,0.0,0.0,0.0,0.0
vanilla,a3p00,mass,1.1,mass_1p1,4,40.70978806061146,63.31798064038315,77.48912097590335,92.9075319272954,80.13722241838053,89.13061766941793
vanilla,a3p00,mass,1.3,mass_1p3,4,77.39378168319618,173.084151318384,199.52997933464678,218.8970480686925,201.69733474208405,215.67429795886792
vanilla,a3p00,mass,1.5,mass_1p5,4,129.8060576966707,397.4028677002811,296.96922651669786,308.0504571125976,223.17865890305873,378.20471284748174
vanilla,a3p00,mass,1.7,mass_1p7,4,190.81849433893055,647.0818574132994,135.55522911936302,913.6168534694929,206.42646455513926,811.5720934526786
vanilla,a3p00,mass,2.0,mass_2,4,434.4595351718701,1021.0827284949016,514.8596420519038,1236.209567347814,516.0156867112128,1215.9343219939271
vanilla,a3p05,friction,0.5,friction_0p5,4,-53.27428636757901,99.90655180732654,-15.357427700413893,40.21679762737373,-5.100162189912169,32.86060819255159
vanilla,a3p05,friction,0.6,friction_0p6,4,-76.93440293729248,47.39234142558075,-21.581907581290864,15.759850383435914,-15.65890549444265,20.77937561988113
vanilla,a3p05,friction,0.7,friction_0p7,4,-23.996914829478726,118.105000516549,1.346394782965831,16.01306824029421,7.656250659804186,19.275212523297512
vanilla,a3p05,friction,0.8,friction_0p8,4,31.386038498552466,96.00315705310265,-1.2589818047939048,24.42075627793298,4.749386861328674,18.148105880464332
vanilla,a3p05,friction,0.9,friction_0p9,4,-22.10161105177582,26.363419191163793,10.39102654471111,14.28811494544292,17.4282785213191,16.8393087195844
vanilla,a3p05,friction,1.0,friction_1,4,0.0,0.0,0.0,0.0,0.0,0.0
vanilla,a3p05,friction,1.1,friction_1p1,4,-3.9739546186197003,102.46620614450826,-22.08128009178307,55.9782847212511,-9.881323325382482,44.38641513310433
vanilla,a3p05,friction,1.3,friction_1p3,4,-15.715799873792264,137.35058774643247,-5.1912469022753385,42.447766686203906,3.716988842298406,33.56851247063915
vanilla,a3p05,friction,1.5,friction_1p5,4,62.2599847535285,110.36684808953412,30.93808970346771,43.15136616768348,33.85596423759239,49.32124344220101
vanilla,a3p05,friction,1.7,friction_1p7,4,110.66252861569524,172.46239672875657,22.195399041168287,18.726235666760882,58.18383753981669,74.48101322704586
vanilla,a3p05,friction,2.0,friction_2,4,140.4367109678849,203.1071617864786,58.04239984585985,47.42838510900947,123.51161718691714,176.575636064878
vanilla,a3p05,gear,0.5,gear_0p5,4,718.5223598142271,1263.794294798633,739.7561840392111,1289.3683388969778,743.5328392185712,1302.067145291939
vanilla,a3p05,gear,0.6,gear_0p6,4,493.1659074054495,1347.1294605887572,521.6461400959529,1414.5024422519577,528.0497648406682,1411.6038306078963
vanilla,a3p05,gear,0.7,gear_0p7,4,26.20395436647493,737.2012804336714,166.8207288809621,700.0051896364614,133.62146635809142,736.5255086322433
vanilla,a3p05,gear,0.8,gear_0p8,4,44.99093105617936,371.9042200836955,175.80405936414746,332.28896998404224,165.11459643633327,345.47459547753107
vanilla,a3p05,gear,0.9,gear_0p9,4,-1.9955151118483059,170.97067869590478,73.71615678306819,98.04581120826889,74.76078713049367,117.80410002158335
vanilla,a3p05,gear,1.0,gear_1,4,0.0,0.0,0.0,0.0,0.0,0.0
vanilla,a3p05,gear,1.1,gear_1p1,4,-68.9491119278893,80.10947429865367,-96.32824163946628,167.0600615794199,-93.19817432042788,153.14057434533126
vanilla,a3p05,gear,1.3,gear_1p3,4,481.67300404726046,967.671733772641,570.5372707434555,1186.5140970779933,544.0810474215557,1158.8853801439707
vanilla,a3p05,gear,1.5,gear_1p5,4,527.4311047351562,1013.9369032317214,523.7467304435054,1099.886058367364,603.1557375410074,1127.1945265863178
vanilla,a3p05,gear,1.7,gear_1p7,4,636.9625440292232,1055.972753738496,679.0969189620132,1119.2484317078831,702.8608560482156,1126.5833310823339
vanilla,a3p05,gear,2.0,gear_2,4,654.927721078794,1112.035798577836,740.6725811684364,1228.2827185972126,693.9340956222144,1217.5279761785841
vanilla,a3p05,gravity,0.0,gravity_0,3,168.16428262488475,237.60728415531165,30.703693201257995,43.49158260003003,35.75152509386635,27.51562776953842
vanilla,a3p05,gravity,0.5,gravity_0p5,4,-26.65855731618251,107.86187210540486,-80.40721018233023,110.35365385083715,-85.20618634916426,130.4094448438831
vanilla,a3p05,gravity,0.6,gravity_0p6,4,-35.39938027517917,180.6763731434673,-81.76033161268549,109.25270720458975,-97.83496615139663,147.89077359127094
vanilla,a3p05,gravity,0.7,gravity_0p7,4,79.7231760978994,82.32137381776286,-28.596521402239546,41.81468744540051,-32.776869001732365,59.42270319405553
vanilla,a3p05,gravity,0.8,gravity_0p8,4,-44.45966003931591,57.5641595634987,-13.825878685989721,22.57263520444636,-24.757195215074603,52.86298440170511
vanilla,a3p05,gravity,0.9,gravity_0p9,4,-23.446373206233545,108.57388760808978,-9.67706138256483,21.62037169837359,-68.07728608407484,83.21989045754017
vanilla,a3p05,gravity,1.0,gravity_1,4,0.0,0.0,0.0,0.0,0.0,0.0
vanilla,a3p05,gravity,1.1,gravity_1p1,4,-101.9608588633796,175.32926365059967,22.58444670785036,48.410504408409466,-75.12175161662685,170.25582604176722
vanilla,a3p05,gravity,1.3,gravity_1p3,4,11.68501018257831,251.75525480503782,61.49937802882957,183.1534030229667,14.626042899228622,208.1932571742792
vanilla,a3p05,gravity,1.5,gravity_1p5,4,-29.02432882548733,325.43053197946546,100.96659323549136,233.36666074185038,-35.924950900360926,359.27741368950257
vanilla,a3p05,gravity,1.7,gravity_1p7,4,-143.91260510244356,554.377562615162,-137.8043551059544,708.7074954734502,-232.04016619948078,655.6359075695077
vanilla,a3p05,gravity,2.0,gravity_2,4,19.734392913472334,570.5967315245257,-75.21792037373339,1023.2449221422954,-0.5854286445776609,815.496708355392
vanilla,a3p05,mass,0.5,mass_0p5,4,362.72975599392623,891.3091618008608,477.02271632333117,1117.937553433091,484.9658574035213,1121.2381979704974
vanilla,a3p05,mass,0.6,mass_0p6,4,169.82292321583938,478.5121565736432,279.70364488587063,770.2150723012777,232.44634991461183,672.922389131406
vanilla,a3p05,mass,0.7,mass_0p7,4,113.76228572350163,430.33825820523793,180.88465000648318,608.394780482397,146.50722718106533,529.9290965832355
vanilla,a3p05,mass,0.8,mass_0p8,4,26.57665946869531,168.97093668302736,-96.32638523395957,94.5507042119624,-22.446372860557517,90.27066603736235
vanilla,a3p05,mass,0.9,mass_0p9,4,14.425106726150034,40.065058329099465,-19.249847137715335,25.41113200137519,-16.494272951215294,28.503020360042207
vanilla,a3p05,mass,1.0,mass_1,4,0.0,0.0,0.0,0.0,0.0,0.0
vanilla,a3p05,mass,1.1,mass_1p1,4,-3.912086573466638,77.10372183109288,34.88557052263894,84.07833153987906,35.18854402394953,70.54302442785668
vanilla,a3p05,mass,1.3,mass_1p3,4,45.0415555758218,115.26393505751153,130.10940598398756,245.4923134458234,127.48063571939471,228.41563226651283
vanilla,a3p05,mass,1.5,mass_1p5,4,200.15454539586247,283.3088163222472,239.92400328119882,300.88813149528926,244.92968931394734,282.33963533459416
vanilla,a3p05,mass,1.7,mass_1p7,4,478.471895720222,488.37764767819925,626.8129355490589,599.1915194572352,620.6554938888131,591.8001640510178
vanilla,a3p05,mass,2.0,mass_2,4,525.0204142415135,777.4701342024904,590.3915387406742,898.3153179787141,544.8034043998321,917.833360274957
vanilla,a3p10,friction,0.5,friction_0p5,5,-56.475666197707596,131.35015833050116,-11.003567574634236,127.75199464395477,-0.9641663207338297,130.37376270800453
vanilla,a3p10,friction,0.6,friction_0p6,5,-36.495186018317916,111.80285524404225,-21.4233202056339,106.92442454403451,-12.14778233386105,104.75752376353238
vanilla,a3p10,friction,0.7,friction_0p7,5,-68.84245031421074,97.0455478059606,-10.960114990241754,66.15938267893547,-2.933253998883856,71.70250387548293
vanilla,a3p10,friction,0.8,friction_0p8,5,-29.922790232981743,60.239582972158665,-11.062500899933548,47.71883270964095,-3.6838136486102484,46.49433245621738
vanilla,a3p10,friction,0.9,friction_0p9,5,-24.467765046720796,35.90890619728018,4.627966242350976,18.635137889413357,11.11842670106057,22.62922924254459
vanilla,a3p10,friction,1.0,friction_1,5,0.0,0.0,0.0,0.0,0.0,0.0
vanilla,a3p10,friction,1.1,friction_1p1,5,-22.500982071014732,50.86199965879505,-1.31504607883885,40.73013548279414,5.758207697684384,23.272098490539257
vanilla,a3p10,friction,1.3,friction_1p3,5,-48.49302161206865,91.75386808062291,24.02810129935192,34.48364538107824,31.62263709849003,29.321132890278697
vanilla,a3p10,friction,1.5,friction_1p5,5,69.53349511694346,137.53424382278976,56.68362681369176,69.51554599502163,63.70933111436766,73.29832719918595
vanilla,a3p10,friction,1.7,friction_1p7,5,115.68475401960714,162.77122705329677,56.49458688389782,52.02323727994387,84.52004601378435,79.61617835559271
vanilla,a3p10,friction,2.0,friction_2,5,135.30055893104972,194.2937371046002,103.43701309593516,72.5416205079036,155.91811936460834,156.77463509591067
vanilla,a3p10,gear,0.5,gear_0p5,5,636.4083705378954,930.072488326894,654.4084587481742,964.9599807686859,658.2164896772231,966.3947970409265
vanilla,a3p10,gear,0.6,gear_0p6,5,425.0250835398527,1016.288971233739,423.3435295623889,1109.8117071896115,464.6883971492422,1070.3558966750604
vanilla,a3p10,gear,0.7,gear_0p7,5,-74.1486039652676,563.3976494714723,-195.44098696518992,767.0806922924324,-93.76591282035167,671.1750874310069
vanilla,a3p10,gear,0.8,gear_0p8,5,70.61280382694682,220.99995257931934,151.37901486688241,224.6287885456908,157.11247107597697,225.21641484428096
vanilla,a3p10,gear,0.9,gear_0p9,5,24.476356844282805,100.41467607723685,76.35961960664686,102.47103469652126,80.3577490035434,111.93306523272146
vanilla,a3p10,gear,1.0,gear_1,5,0.0,0.0,0.0,0.0,0.0,0.0
vanilla,a3p10,gear,1.1,gear_1p1,5,-49.30270412366317,93.45855239746093,-79.44611418611512,159.12292047959056,-78.767976661051,162.88568049457336
vanilla,a3p10,gear,1.3,gear_1p3,5,411.6629592278247,736.2651428749335,471.4042648953458,914.8838444570642,457.3583121007112,882.7175557543687
vanilla,a3p10,gear,1.5,gear_1p5,5,498.448391078388,760.7912388362112,485.07011267701245,812.8883569158443,545.8349461941327,837.5670156431621
vanilla,a3p10,gear,1.7,gear_1p7,5,412.13712654412996,853.9237165017133,471.5905666064955,886.9493117642921,459.863401745681,908.5619464341806
vanilla,a3p10,gear,2.0,gear_2,5,387.90201361680505,981.4256831459835,369.49295182584234,1164.859056486488,342.9908553393223,1122.302328329526
vanilla,a3p10,gravity,0.0,gravity_0,4,19.559476614623748,375.4921265209348,-230.65904242846568,575.4416458978808,-229.61337386129074,575.4816470001028
vanilla,a3p10,gravity,0.5,gravity_0p5,5,159.56006956106688,185.49938857367576,-27.053801924220217,85.2579659293117,-4.347817624950221,99.26625215565804
vanilla,a3p10,gravity,0.6,gravity_0p6,5,13.563864822327492,212.46551072121036,-48.18059552487084,93.8793882563057,-28.561574981124068,103.31775245584845
vanilla,a3p10,gravity,0.7,gravity_0p7,5,236.79176569576475,128.55147659415135,14.177592697715909,28.576858404874333,27.26622637228047,54.23458974369775
vanilla,a3p10,gravity,0.8,gravity_0p8,5,108.65610652645319,73.55066433251136,17.284110086889587,20.776094540104516,25.080680060984196,26.299417514929427
vanilla,a3p10,gravity,0.9,gravity_0p9,5,150.73290730474992,141.4920396443889,14.464632799297714,19.73671998225898,44.12318424226514,44.124022824954345
vanilla,a3p10,gravity,1.0,gravity_1,5,0.0,0.0,0.0,0.0,0.0,0.0
vanilla,a3p10,gravity,1.1,gravity_1p1,5,66.6200632818898,129.969341379357,62.8244177330158,77.08504298465519,62.33657242485344,63.95627227590603
vanilla,a3p10,gravity,1.3,gravity_1p3,5,115.3563977481032,161.54858771221254,53.12609567291556,73.87459252713082,55.88325171541278,93.42135686819799
vanilla,a3p10,gravity,1.5,gravity_1p5,5,10.092805784596056,231.91097128161164,115.3000799345059,183.57814083399137,28.714149083058167,248.26385784016904
vanilla,a3p10,gravity,1.7,gravity_1p7,5,-40.813056248416444,262.16374463788804,115.07875957545085,226.73997128556837,-51.44744947656407,341.8134828717761
vanilla,a3p10,gravity,2.0,gravity_2,5,17.293335900355466,513.3614573912458,-197.42014826732836,742.1551095623341,-197.86454026824978,679.4159921536132
vanilla,a3p10,mass,0.5,mass_0p5,5,445.7445195291451,733.6080545159116,580.4031323468471,879.2665589443317,582.5951218108672,893.8874499114349
vanilla,a3p10,mass,0.6,mass_0p6,5,257.1736009507554,368.75701340358785,350.33791920095916,539.9455883972445,318.8512483452212,471.3238681092954
vanilla,a3p10,mass,0.7,mass_0p7,5,192.2301120964912,319.59669687212954,243.45269449757944,443.18126036111056,218.1952710343523,394.8806887460537
vanilla,a3p10,mass,0.8,mass_0p8,5,72.30984922479243,136.21596617701448,-24.442244322020635,53.104922556623436,35.48389533556465,64.2432422668636
vanilla,a3p10,mass,0.9,mass_0p9,5,36.83554998741242,31.08368400565882,-7.768011078854988,26.828143292361737,-6.775050845865417,29.18767018657595
vanilla,a3p10,mass,1.0,mass_1,5,0.0,0.0,0.0,0.0,0.0,0.0
vanilla,a3p10,mass,1.1,mass_1p1,5,-10.156618679136955,84.72583573135378,36.701526820192974,73.9911486794228,36.734600223595635,70.70928225040103
vanilla,a3p10,mass,1.3,mass_1p3,5,29.753343544120888,141.2495026249157,112.09992155224839,206.47613837367655,107.85759349957914,201.39696111350568
vanilla,a3p10,mass,1.5,mass_1p5,5,194.0450408572204,164.6932992128673,199.02337323458624,233.96919990804187,197.93360036093333,222.27306520667517
vanilla,a3p10,mass,1.7,mass_1p7,5,261.27855397712347,343.4534297047695,453.1212421724951,333.03704816830566,388.67116266638874,403.29596211811065
vanilla,a3p10,mass,2.0,mass_2,5,403.7496823928727,590.7142213144418,458.8122807394452,800.3405483587311,496.46434984197424,741.7126189157666
vanilla,a3p20,friction,0.5,friction_0p5,5,-44.24427754238004,126.8951566290461,-1.8202481643614647,127.57448643877157,4.882030224036316,125.62934519075095
vanilla,a3p20,friction,0.6,friction_0p6,5,-60.99312598495767,70.38801633362434,-19.010309351812886,93.03293073602129,-13.75980446151757,89.02480898758202
vanilla,a3p20,friction,0.7,friction_0p7,5,-49.56085484187101,69.83148826878194,8.893710966386697,65.37920670738006,14.537704036989044,66.36667807329613
vanilla,a3p20,friction,0.8,friction_0p8,5,-9.703403144939557,47.331085528799676,-4.554108676905344,33.78395942144456,0.7689179733008586,33.45329740112069
vanilla,a3p20,friction,0.9,friction_0p9,5,-28.020539779596767,34.511670396419184,11.219639997409013,21.492031584814512,12.663220466614622,17.976353756340316
vanilla,a3p20,friction,1.0,friction_1,5,0.0,0.0,0.0,0.0,0.0,0.0
vanilla,a3p20,friction,1.1,friction_1p1,5,-40.298489235791656,59.54470633284089,-15.244091483554394,30.183495871247594,-10.479628142096407,23.762781604335782
vanilla,a3p20,friction,1.3,friction_1p3,5,-45.25947793392838,97.09197858436457,2.5944164450250353,42.608758691803324,8.981770271211008,40.5283659109036
vanilla,a3p20,friction,1.5,friction_1p5,5,39.928655805989365,146.91173689418062,36.689102773213335,73.52595890642284,38.01472848470526,84.5237653932703
vanilla,a3p20,friction,1.7,friction_1p7,5,70.29614188452315,203.4992426992458,32.72397277342475,83.75236989115338,58.7600655023798,107.78737675662595
vanilla,a3p20,friction,2.0,friction_2,5,113.76527988025687,215.9381540913622,65.77751371114118,103.78910721464094,118.83305678313786,176.23166279174734
vanilla,a3p20,gear,0.5,gear_0p5,5,534.3070296137132,944.6832370369191,552.4361881448649,980.2395170053237,557.9334678917269,983.4066811765583
vanilla,a3p20,gear,0.6,gear_0p6,5,465.1890615935692,941.0933260625973,446.23047860502976,1042.5922826950066,473.7302615448772,1019.5694738502418
vanilla,a3p20,gear,0.7,gear_0p7,5,203.0538124054326,405.21096051226584,239.60184729185022,416.10322414599966,242.86515874763018,420.8608243769828
vanilla,a3p20,gear,0.8,gear_0p8,5,113.9650767852601,165.88378010539262,127.88526025965109,220.68713926652418,133.70884609354212,215.3592785655029
vanilla,a3p20,gear,0.9,gear_0p9,5,50.63573881115235,55.28208223434388,55.86382469016098,81.0207742745819,63.21173282812852,87.78692783673996
vanilla,a3p20,gear,1.0,gear_1,5,0.0,0.0,0.0,0.0,0.0,0.0
vanilla,a3p20,gear,1.1,gear_1p1,5,-59.51021709753977,82.41990035558675,-96.73660873452295,138.69974377771263,-89.912438158856,141.6524093006543
vanilla,a3p20,gear,1.3,gear_1p3,5,328.00917014051134,771.8800206250696,445.2287946322064,937.6636782589928,429.1797626446378,904.5525020807305
vanilla,a3p20,gear,1.5,gear_1p5,5,315.8741428232871,851.0682188033879,417.9452505480637,854.0121419979455,427.731834098117,900.9229572600123
vanilla,a3p20,gear,1.7,gear_1p7,5,291.279721996981,925.2128454330664,352.1158358363689,1030.4713546695714,258.8659625903955,1055.0237638620788
vanilla,a3p20,gear,2.0,gear_2,5,345.61191975786153,923.0983838711662,276.07776483778105,1080.2049386017131,326.9942164891163,1012.3738305322343
vanilla,a3p20,gravity,0.0,gravity_0,4,-228.3267371225092,550.6651476293207,-261.87397951356496,601.5671544316963,-285.9249192761786,634.9507316307136
vanilla,a3p20,gravity,0.5,gravity_0p5,5,-46.51334984362634,94.76708870220547,-68.51751492558292,106.74457226820664,-73.33225748444916,114.83460557620847
vanilla,a3p20,gravity,0.6,gravity_0p6,5,-67.07680655894914,99.5999250843216,-61.74152206704398,73.95723634523016,-66.1711247464571,78.15187385247243
vanilla,a3p20,gravity,0.7,gravity_0p7,5,13.414714586209948,33.66276042314828,-38.67473414977908,69.22331248550344,-32.170519962450996,58.23181445334955
vanilla,a3p20,gravity,0.8,gravity_0p8,5,-9.247868024812124,67.26656577105518,-31.02440855786449,77.79692310729376,-32.07207097897706,73.69181548608631
vanilla,a3p20,gravity,0.9,gravity_0p9,5,30.697645534753065,59.622925499893796,11.61401122101206,32.809889989567196,11.925402414620157,31.88476994822008
vanilla,a3p20,gravity,1.0,gravity_1,5,0.0,0.0,0.0,0.0,0.0,0.0
vanilla,a3p20,gravity,1.1,gravity_1p1,5,-14.17118755181798,45.61388527046045,24.393590617269616,30.33014865093341,19.97756536390343,28.31275743111737
vanilla,a3p20,gravity,1.3,gravity_1p3,5,54.5947093590363,151.8247753321492,59.29509920036419,157.31913340552424,52.8330495979546,148.00411963869317
vanilla,a3p20,gravity,1.5,gravity_1p5,5,43.80127074811681,205.31497040435752,74.6381018440555,194.2894301740173,72.00004963959769,180.27682797971002
vanilla,a3p20,gravity,1.7,gravity_1p7,5,83.34339923350919,240.82288134839564,114.89829241850377,245.19597643790794,97.816630361586,229.2916940945006
vanilla,a3p20,gravity,2.0,gravity_2,5,129.1939841120136,578.43472313364,189.25405718641355,511.3160861138917,208.74332543613247,504.277868422875
vanilla,a3p20,mass,0.5,mass_0p5,5,354.81492661845493,763.1980601316727,510.2940230675387,889.0931590315008,494.1439835067187,916.5486053883023
vanilla,a3p20,mass,0.6,mass_0p6,5,148.82376283448502,464.1970650380917,300.8955364554892,591.0367888116855,250.68004624447286,534.4952907864616
vanilla,a3p20,mass,0.7,mass_0p7,5,131.8450150494587,357.9139698013798,228.09453726782507,462.7884034790855,194.89100593662687,404.4112472231061
vanilla,a3p20,mass,0.8,mass_0p8,5,5.767662717929307,179.13472938187599,-44.130982999663864,42.79007133722652,10.163186147026,61.89487318241153
vanilla,a3p20,mass,0.9,mass_0p9,5,22.402206642872216,45.58227140890498,-9.673672002853028,16.84229331040351,-10.802878807376874,16.582476629478638
vanilla,a3p20,mass,1.0,mass_1,5,0.0,0.0,0.0,0.0,0.0,0.0
vanilla,a3p20,mass,1.1,mass_1p1,5,7.015317930467245,80.0216326095741,44.503891826206925,74.84114749870957,43.35078722756366,66.15860027057005
vanilla,a3p20,mass,1.3,mass_1p3,5,69.55308858235567,73.93382299862269,127.35911551481885,168.2348293526679,126.65695409205594,164.31460856203657
vanilla,a3p20,mass,1.5,mass_1p5,5,175.98835704851805,185.4546310117345,205.64546193377873,236.44509393290184,203.28852140862296,223.27320506987604
vanilla,a3p20,mass,1.7,mass_1p7,5,209.50088405893385,553.542061204561,406.05219389881216,560.8228260569263,317.92545487766773,617.3089580600192
vanilla,a3p20,mass,2.0,mass_2,5,341.3016127511952,790.513774166898,385.7074493384726,896.5119221608245,381.3150286843663,887.732920466054
vanilla,a3p40,friction,0.5,friction_0p5,5,-117.70517162522515,124.3734913677397,-65.70565645058983,160.72370393289668,-63.666008541297785,159.32838826375055
vanilla,a3p40,friction,0.6,friction_0p6,5,-97.57239334435971,73.86415176124362,-60.5978326539881,118.47388098538762,-58.50660742633313,116.81293709009009
vanilla,a3p40,friction,0.7,friction_0p7,5,-79.09889326551206,45.87459287065632,-21.332616165102536,75.63487717587944,-18.502636013209667,83.2115927402998
vanilla,a3p40,friction,0.8,friction_0p8,5,-52.08785054465393,61.9722198212145,-22.65536144187404,47.978775300857855,-21.410070392345414,46.44733192173917
vanilla,a3p40,friction,0.9,friction_0p9,5,-20.636095182070676,37.427265616971994,8.234157039690398,16.261933672408485,8.832083255430053,17.75552882851111
vanilla,a3p40,friction,1.0,friction_1,5,0.0,0.0,0.0,0.0,0.0,0.0
vanilla,a3p40,friction,1.1,friction_1p1,5,-23.79755119768638,62.43395677858914,0.49825617464512106,44.1775653438611,4.05834682267132,33.92582984399711
vanilla,a3p40,friction,1.3,friction_1p3,5,-21.866272487938886,103.89074323756012,30.236509534502012,59.670554818788226,32.71623533289012,55.84300194453676
vanilla,a3p40,friction,1.5,friction_1p5,5,75.05113469822746,148.6264253332089,65.97605703855643,79.90330615316842,67.5210718794132,86.54234428079153
vanilla,a3p40,friction,1.7,friction_1p7,5,113.06367617109531,179.73395858964813,72.3034286157496,73.59695455548919,95.42896617213773,96.63860072770184
vanilla,a3p40,friction,2.0,friction_2,5,145.17034584741015,190.6971462787088,107.00599858869782,88.43725395416448,154.87991005382622,152.92141314850227
vanilla,a3p40,gear,0.5,gear_0p5,5,537.5999183828127,962.2928429742565,553.8367551595416,993.3745318365494,556.5755208835426,996.1925434344972
vanilla,a3p40,gear,0.6,gear_0p6,5,514.186542511936,939.8633194979042,512.7256831330263,1005.6686396396934,533.5903390497799,993.317284735736
vanilla,a3p40,gear,0.7,gear_0p7,5,296.00613667904173,392.12634759838573,330.57560910781456,401.8641040628516,330.21760693923045,406.2821158989873
vanilla,a3p40,gear,0.8,gear_0p8,5,171.87857330796078,179.28261466278133,190.5695483055728,233.94861955657598,192.49266646476775,225.623781655906
vanilla,a3p40,gear,0.9,gear_0p9,5,73.35118069060145,52.922506396471796,73.10588076023996,78.41543420463131,79.53363081853873,81.79943717731052
vanilla,a3p40,gear,1.0,gear_1,5,0.0,0.0,0.0,0.0,0.0,0.0
vanilla,a3p40,gear,1.1,gear_1p1,5,-54.65477140847761,76.66693338009027,-89.19764997539701,137.06767182093145,-83.39276501487998,138.12887794129028
vanilla,a3p40,gear,1.3,gear_1p3,5,311.78136217919865,810.0896637250853,482.7280834064695,945.3999906073171,459.57367365579023,901.8276955596017
vanilla,a3p40,gear,1.5,gear_1p5,5,204.47875827254103,887.8869258536209,221.5021764986008,962.7847913082103,288.36861628834447,968.6700878093294
vanilla,a3p40,gear,1.7,gear_1p7,5,201.0933556834374,960.0919995594155,142.21433313510084,1072.8064336685443,181.4750958550676,1072.6121728410835
vanilla,a3p40,gear,2.0,gear_2,5,446.0928373042576,894.1055686354533,431.90304570909154,1025.976494197549,452.86161765273175,978.5593072562322
vanilla,a3p40,gravity,0.0,gravity_0,4,-213.56298121712246,550.3292765486664,-253.58935757332478,599.0427298369099,-270.68108395917216,638.2846420007099
vanilla,a3p40,gravity,0.5,gravity_0p5,5,-27.64264427493806,82.69261725262515,-50.168900128925046,91.99004644964563,-49.24667314324722,97.15411205487774
vanilla,a3p40,gravity,0.6,gravity_0p6,5,-48.2448955933459,97.3174142660556,-37.80686320741597,77.31670707846402,-42.197844460899866,78.2158027957745
vanilla,a3p40,gravity,0.7,gravity_0p7,5,18.25617373362827,20.96932100310396,-24.782066977617387,34.68941749278154,-25.628570444926503,48.70197799640591
vanilla,a3p40,gravity,0.8,gravity_0p8,5,34.84217964560851,34.258050889719435,12.812670405396512,30.997267272897084,17.299182219212458,29.06063739011265
vanilla,a3p40,gravity,0.9,gravity_0p9,5,-1.0821822523724904,21.303039062933077,-39.312012010130864,44.088801688997385,-29.956648961629593,40.037725706342876
vanilla,a3p40,gravity,1.0,gravity_1,5,0.0,0.0,0.0,0.0,0.0,0.0
vanilla,a3p40,gravity,1.1,gravity_1p1,5,12.317544846846953,71.96585051599408,24.66002137839637,53.579732263960814,26.340299963281314,53.78555399459839
vanilla,a3p40,gravity,1.3,gravity_1p3,5,91.58532505265809,131.6981529513129,45.777738074568035,141.13604222980592,43.39417957726412,130.23638869909732
vanilla,a3p40,gravity,1.5,gravity_1p5,5,139.91044486473032,201.46633030694252,97.15195186647847,200.43102067958196,100.14282055226303,200.25695073747693
vanilla,a3p40,gravity,1.7,gravity_1p7,5,98.84872687609263,265.0410117305591,78.36133123525755,298.2322769857319,81.60096430196806,294.1507617628852
vanilla,a3p40,gravity,2.0,gravity_2,5,275.98568579712804,427.698111443138,265.99055561128205,443.6545849164376,286.9643555452804,444.6059281350577
vanilla,a3p40,mass,0.5,mass_0p5,5,217.93183197693742,816.2926201438282,352.77796130717223,986.2073115196363,359.64534854951,996.7744994951165
vanilla,a3p40,mass,0.6,mass_0p6,5,109.80252297199942,488.3332994760675,313.7149005482382,594.3341865278551,208.86202843439992,589.9067961964295
vanilla,a3p40,mass,0.7,mass_0p7,5,159.24781731687366,325.8961500637289,237.54879825227218,449.7673671384294,208.07282665067223,392.0493785976007
vanilla,a3p40,mass,0.8,mass_0p8,5,28.56120885580981,169.25289782332325,-16.213501511022013,90.96926552906358,36.19111101639328,83.83709396791681
vanilla,a3p40,mass,0.9,mass_0p9,5,18.476563020134837,48.22411079519585,-3.5337536609335984,60.088298346520176,-4.436151187720088,55.9174768420955
vanilla,a3p40,mass,1.0,mass_1,5,0.0,0.0,0.0,0.0,0.0,0.0
vanilla,a3p40,mass,1.1,mass_1p1,5,13.576104023884909,81.34924470760826,58.25124678352199,51.34066296053396,51.193905528596176,44.41131137764595
vanilla,a3p40,mass,1.3,mass_1p3,5,91.82803817427994,53.93628039778952,143.20890698562488,145.56343082126645,141.30730813545745,141.55836315565222
vanilla,a3p40,mass,1.5,mass_1p5,5,228.46093076611402,188.5112094290476,228.55145743441616,181.93135635372735,226.22211382510847,187.25376910770643
vanilla,a3p40,mass,1.7,mass_1p7,5,307.5215525029956,533.6675468802036,351.8533853739124,688.6531532798788,361.1549952406899,673.7363829599497
vanilla,a3p40,mass,2.0,mass_2,5,570.8092487549662,720.9420427227313,673.7309125793652,797.4470094915326,668.4816533808689,790.9238910006375
vanilla,a3p70,friction,0.5,friction_0p5,5,-73.2302353088844,110.78721022178321,-8.63585373137703,115.67085516528643,-9.819792731477582,111.76527516606838
vanilla,a3p70,friction,0.6,friction_0p6,5,-58.33742711403943,111.3210326389229,-24.347702420535235,84.26102973314788,-31.029463374966735,79.24899868784475
vanilla,a3p70,friction,0.7,friction_0p7,5,-79.86716633092769,79.53148156628586,-7.029323547008152,48.20891501075019,-6.921812591847901,48.67859653470506
vanilla,a3p70,friction,0.8,friction_0p8,5,-18.83815911188517,48.92266137272298,-3.813304922081079,33.47634447189258,-3.3315076246549777,27.857539344922014
vanilla,a3p70,friction,0.9,friction_0p9,5,-16.74428742795603,67.44719710821094,5.815915435833267,21.11979061659074,5.806041753406862,22.584519993127085
vanilla,a3p70,friction,1.0,friction_1,5,0.0,0.0,0.0,0.0,0.0,0.0
vanilla,a3p70,friction,1.1,friction_1p1,5,-42.93895296613441,52.68831441714512,-2.8560770334753216,26.850220887817578,-5.85225293934418,19.66592656315014
vanilla,a3p70,friction,1.3,friction_1p3,5,-14.60299432773204,87.86301462885963,21.73777744375575,26.196140161395576,21.94136996734924,28.878315272489672
vanilla,a3p70,friction,1.5,friction_1p5,5,60.57481656742584,120.62442615541438,43.654939790971,57.075013145038035,40.336937922843525,72.23177997965925
vanilla,a3p70,friction,1.7,friction_1p7,5,90.14905511830989,149.20514397792124,35.17419428117787,59.130370496589514,55.58493837483106,93.75925794098943
vanilla,a3p70,friction,2.0,friction_2,5,115.49765849397417,165.89903366092707,71.39874783938922,78.33732832605021,114.07578847397194,156.66356835988512
vanilla,a3p70,gear,0.5,gear_0p5,5,504.34071107857545,997.4814353904144,496.82586268410853,1033.2261935171903,500.2227617632948,1043.3217518880633
vanilla,a3p70,gear,0.6,gear_0p6,5,363.6380395848813,1008.8413943263699,248.45078381958086,1132.0473209485854,296.85192168008143,1101.5743910100412
vanilla,a3p70,gear,0.7,gear_0p7,5,39.05769602447799,604.2508095608514,97.57344880189092,695.3880849522928,61.885839113621046,679.6129002548506
vanilla,a3p70,gear,0.8,gear_0p8,5,118.05497672585898,279.8492288720258,186.16086491100518,244.88148218624755,191.849054658186,254.32881151275802
vanilla,a3p70,gear,0.9,gear_0p9,5,74.41295650337807,111.66753391669033,94.80363328228013,83.41602832680381,97.62080270252845,93.21365050750352
vanilla,a3p70,gear,1.0,gear_1,5,0.0,0.0,0.0,0.0,0.0,0.0
vanilla,a3p70,gear,1.1,gear_1p1,5,-25.760674951002965,95.68412835187418,-78.12929510290851,158.1670417581875,-79.21458267481871,148.88995299687912
vanilla,a3p70,gear,1.3,gear_1p3,5,407.6362455348883,779.3619198061732,480.6212558520598,956.5848206918367,465.0069416894174,929.4774367530504
vanilla,a3p70,gear,1.5,gear_1p5,5,399.6103011107807,776.0530832185983,424.16457206512786,821.1186454176527,446.86468650778244,858.5201848127763
vanilla,a3p70,gear,1.7,gear_1p7,5,365.4418770644278,865.6329749343711,385.41259542227397,909.3027296359888,392.0577677426288,926.5262377990745
vanilla,a3p70,gear,2.0,gear_2,5,635.5842902558236,850.1823422854295,608.2108821334033,947.9503284511359,647.8127417529736,939.934785757695
vanilla,a3p70,gravity,0.0,gravity_0,4,-109.73414648715519,640.9806703751649,-243.95928870816016,598.0893162924272,-263.4339650041553,637.2224582407866
vanilla,a3p70,gravity,0.5,gravity_0p5,5,-26.147695781705192,144.71302316812037,-78.26227629208256,133.79246715229493,-76.19358125576487,139.14631270832373
vanilla,a3p70,gravity,0.6,gravity_0p6,5,-46.87315461150013,192.6522741681471,-72.1540258603738,152.89572150202557,-82.14141072901107,156.63223934342187
vanilla,a3p70,gravity,0.7,gravity_0p7,5,60.10069472904631,128.70025625566024,-24.022084589151838,93.04556088579524,-30.84708717103099,100.37800855161642
vanilla,a3p70,gravity,0.8,gravity_0p8,5,-6.191118809202567,96.0341319359594,-10.924600690164198,51.03020123174983,-16.803937497544666,58.95328423895496
vanilla,a3p70,gravity,0.9,gravity_0p9,5,17.170284374012795,47.508277982848,-22.54996228328819,55.3670586110668,-18.091043775779827,44.67322689452619
vanilla,a3p70,gravity,1.0,gravity_1,5,0.0,0.0,0.0,0.0,0.0,0.0
vanilla,a3p70,gravity,1.1,gravity_1p1,5,30.2249248065782,43.66159528805715,18.422058184006506,11.649012959365454,5.569976802811948,17.608691364242276
vanilla,a3p70,gravity,1.3,gravity_1p3,5,61.89883344467339,116.53186786402901,30.52644442546739,65.21355490471126,24.61745852219949,84.54871135969408
vanilla,a3p70,gravity,1.5,gravity_1p5,5,25.52649943442416,185.01467319152886,53.03163972240632,161.3458062156338,45.22953345757153,154.22697410113145
vanilla,a3p70,gravity,1.7,gravity_1p7,5,-77.70436200686963,245.82379931605468,51.175100988869644,194.80408757942135,-67.42602723923297,280.79474728366665
vanilla,a3p70,gravity,2.0,gravity_2,5,-42.095096270287925,496.6913641918915,-98.6090480290972,626.513980858539,-115.1122545601924,562.2238401121508
vanilla,a3p70,mass,0.5,mass_0p5,5,392.5359665048835,730.1632619362023,510.4868759704812,875.219476557073,494.45040778971133,893.2903757171055
vanilla,a3p70,mass,0.6,mass_0p6,5,334.5415143484984,339.52236388476365,355.43369638140456,554.7643928633618,323.5941463715458,478.69689398537815
vanilla,a3p70,mass,0.7,mass_0p7,5,196.27666816442974,322.070148739977,242.08615696685237,451.123411535278,213.51546416279535,390.76623591729145
vanilla,a3p70,mass,0.8,mass_0p8,5,60.16542898016396,115.46230528855735,-34.19268297515,73.72460061716959,19.76606190277921,49.22689228867803
vanilla,a3p70,mass,0.9,mass_0p9,5,79.13230601316896,64.4229479463687,-4.2735004432286585,20.890423090405157,0.17354333630578367,22.142322229492375
vanilla,a3p70,mass,1.0,mass_1,5,0.0,0.0,0.0,0.0,0.0,0.0
vanilla,a3p70,mass,1.1,mass_1p1,5,10.654495411495919,72.33668315935604,40.00643707256163,66.9522805264463,39.62898683569574,58.0792489394178
vanilla,a3p70,mass,1.3,mass_1p3,5,80.25840495960017,78.67009539220268,140.82283105470492,168.55506103220424,137.57499220070184,160.13952368348296
vanilla,a3p70,mass,1.5,mass_1p5,5,128.5840012957901,176.12845193340496,211.52868085980117,230.019686139505,192.22076833745697,216.88714011149204
vanilla,a3p70,mass,1.7,mass_1p7,5,91.28406657521359,427.1564213030357,2.8100160679323607,671.901795364211,91.19543740583075,613.9596503492634
vanilla,a3p70,mass,2.0,mass_2,5,237.9358055409319,659.3914345899833,173.70583003227472,846.9308660954573,170.80977665247025,834.6457470045428
