damping_scale,friction_scale,mass_scale,tv90_delta_mean_from_nominal,tv90_delta_median_from_nominal,tv90_drop_mean_from_nominal,tv90_drop_median_from_nominal,tv90_max_return,tv90_mean_return,tv90_median_return,tv90_min_return,tv90_nominal_mean_return,tv90_nominal_median_return,tv90_std_return,vanilla_delta_mean_from_nominal,vanilla_delta_median_from_nominal,vanilla_drop_mean_from_nominal,vanilla_drop_median_from_nominal,vanilla_max_return,vanilla_mean_return,vanilla_median_return,vanilla_min_return,vanilla_nominal_mean_return,vanilla_nominal_median_return,vanilla_std_return
0.8,0.6,1.3,-1529.2754180908203,-1495.257080078125,1529.2754180908203,1495.257080078125,2691.7353515625,1349.6973602294922,1220.1822509765625,392.3392639160156,2878.9727783203125,2715.4393310546875,741.2366097660131,-1318.9088500976563,-2407.8286743164062,1318.9088500976563,2407.8286743164062,9591.1865234375,2357.209436035156,1418.9183959960938,809.8233032226562,3676.1182861328125,3826.7470703125,2639.631639528795
0.6,0.6,1.1,-1705.0541888833045,-1953.58349609375,1705.0541888833045,1953.58349609375,4096.71435546875,1173.918589437008,761.8558349609375,1.9302486181259155,2878.9727783203125,2715.4393310546875,1202.7722983042363,-648.7311462402345,-2025.4846801757812,648.7311462402345,2025.4846801757812,13851.3779296875,3027.387139892578,1801.2623901367188,838.609130859375,3676.1182861328125,3826.7470703125,3906.288682729631
1.0,0.6,0.7,-1609.831118774414,-1931.569580078125,1609.831118774414,1931.569580078125,3787.969482421875,1269.1416595458984,783.8697509765625,339.460205078125,2878.9727783203125,2715.4393310546875,1126.0149166402068,-362.5710510253907,-2022.09765625,362.5710510253907,2022.09765625,9566.9453125,3313.547235107422,1804.6494140625,858.2894287109375,3676.1182861328125,3826.7470703125,3097.6951721531204
1.4,0.6,0.9,-2119.655154418945,-2085.0794067382812,2119.655154418945,2085.0794067382812,1516.802490234375,759.3176239013671,630.3599243164062,386.25323486328125,2878.9727783203125,2715.4393310546875,329.64532119533123,-1291.6492004394531,-1998.1455078125,1291.6492004394531,1998.1455078125,5343.60107421875,2384.4690856933594,1828.6015625,458.37420654296875,3676.1182861328125,3826.7470703125,1627.9117563509847
1.4,0.6,1.3,-1917.88837890625,-2006.753173828125,1917.88837890625,2006.753173828125,2490.27587890625,961.0843994140625,708.6861572265625,517.7066040039062,2878.9727783203125,2715.4393310546875,602.9717650341927,-1262.9887451171876,-1919.5068359375,1262.9887451171876,1919.5068359375,5697.0205078125,2413.129541015625,1907.240234375,957.8331298828125,3676.1182861328125,3826.7470703125,1630.7826322159758
1.2,0.6,0.9,-1951.157958984375,-1895.536376953125,1951.157958984375,1895.536376953125,1820.0399169921875,927.8148193359375,819.9029541015625,270.5677795410156,2878.9727783203125,2715.4393310546875,531.5429519588254,-610.3247680664062,-1883.2537231445312,610.3247680664062,1883.2537231445312,7629.02880859375,3065.7935180664062,1943.4933471679688,848.52392578125,3676.1182861328125,3826.7470703125,2499.352593455266
1.2,0.6,1.3,-2006.516131591797,-1885.22802734375,2006.516131591797,1885.22802734375,1343.2882080078125,872.4566467285156,830.2113037109375,384.953369140625,2878.9727783203125,2715.4393310546875,332.2583088778062,-1432.8708862304688,-1804.0409545898438,1432.8708862304688,1804.0409545898438,3707.9384765625,2243.2473999023437,2022.7061157226562,954.1340942382812,3676.1182861328125,3826.7470703125,904.0906326724407
0.8,0.6,0.9,-1266.2543365478516,-1341.8958435058594,1266.2543365478516,1341.8958435058594,4364.16748046875,1612.718441772461,1373.5434875488281,472.6509094238281,2878.9727783203125,2715.4393310546875,1236.9896841916436,45.14146728515607,-1716.96435546875,-45.14146728515607,1716.96435546875,10804.8408203125,3721.2597534179686,2109.78271484375,835.681884765625,3676.1182861328125,3826.7470703125,3438.040192789887
1.4,0.6,0.7,-1749.41572265625,-1983.4856872558594,1749.41572265625,1983.4856872558594,3595.833984375,1129.5570556640625,731.9536437988281,365.0413513183594,2878.9727783203125,2715.4393310546875,1014.1625210382343,-947.4432739257813,-1688.8524780273438,947.4432739257813,1688.8524780273438,6303.05615234375,2728.675012207031,2137.8945922851562,942.2855224609375,3676.1182861328125,3826.7470703125,1772.7515710697674
0.6,0.8,1.3,-1326.506787109375,-1478.21923828125,1326.506787109375,1478.21923828125,3494.5439453125,1552.4659912109375,1237.2200927734375,570.97216796875,2878.9727783203125,2715.4393310546875,868.0163302997344,2288.210827636719,-1637.8973388671875,-2288.210827636719,1637.8973388671875,23292.357421875,5964.329113769531,2188.8497314453125,1558.23291015625,3676.1182861328125,3826.7470703125,6996.443512929482
0.6,0.6,1.3,-1484.5671630859374,-1603.517578125,1484.5671630859374,1603.517578125,4269.576171875,1394.405615234375,1111.9217529296875,279.11236572265625,2878.9727783203125,2715.4393310546875,1142.240366923329,-773.8172973632813,-1435.8389892578125,773.8172973632813,1435.8389892578125,5756.68505859375,2902.300988769531,2390.9080810546875,920.7969970703125,3676.1182861328125,3826.7470703125,1735.8395515723735
0.6,0.6,0.9,-1557.6602691650392,-1514.0162963867188,1557.6602691650392,1514.0162963867188,2547.0869140625,1321.3125091552733,1201.4230346679688,329.1059875488281,2878.9727783203125,2715.4393310546875,709.7058124382315,-58.99656982421857,-1429.85205078125,58.99656982421857,1429.85205078125,11607.4140625,3617.121716308594,2396.89501953125,677.9054565429688,3676.1182861328125,3826.7470703125,3500.422718550225
1.0,0.6,1.1,-1612.5797912597657,-1666.0084533691406,1612.5797912597657,1666.0084533691406,2398.5390625,1266.3929870605468,1049.4308776855469,420.0772705078125,2878.9727783203125,2715.4393310546875,641.8791368051582,-882.7083557128908,-1370.556884765625,882.7083557128908,1370.556884765625,7419.8203125,2793.4099304199217,2456.190185546875,754.3038330078125,3676.1182861328125,3826.7470703125,2079.616152249705
0.6,1.4,1.1,-1023.5152282714844,-789.5459594726562,1023.5152282714844,789.5459594726562,3027.554443359375,1855.4575500488281,1925.8933715820312,977.6847534179688,2878.9727783203125,2715.4393310546875,634.6648435671347,-3.021337890625091,-1321.334228515625,3.021337890625091,1321.334228515625,8278.482421875,3673.0969482421874,2505.412841796875,1776.0152587890625,3676.1182861328125,3826.7470703125,2399.2074365681306
1.4,1.4,1.3,-1166.4026245117188,-1005.5232543945312,1166.4026245117188,1005.5232543945312,2641.93310546875,1712.5701538085937,1709.9160766601562,1199.0457763671875,2878.9727783203125,2715.4393310546875,407.7692429158637,-494.0041809082031,-978.619384765625,494.0041809082031,978.619384765625,5602.70751953125,3182.1141052246094,2848.127685546875,981.1065063476562,3676.1182861328125,3826.7470703125,1605.4486495153483
1.0,0.6,0.9,-1812.1597229003905,-1882.6162719726562,1812.1597229003905,1882.6162719726562,2577.033935546875,1066.813055419922,832.8230590820312,473.06634521484375,2878.9727783203125,2715.4393310546875,675.7759639513897,446.78307495117224,-961.5115966796875,-446.78307495117224,961.5115966796875,11480.400390625,4122.901361083985,2865.2354736328125,940.7581176757812,3676.1182861328125,3826.7470703125,3411.3068765342146
0.6,0.6,0.7,-1507.6610168457032,-1766.3348083496094,1507.6610168457032,1766.3348083496094,5808.28125,1371.3117614746093,949.1045227050781,353.4176025390625,2878.9727783203125,2715.4393310546875,1624.280038007421,-368.1005920410157,-935.44677734375,368.1005920410157,935.44677734375,7663.68701171875,3308.017694091797,2891.30029296875,737.2904663085938,3676.1182861328125,3826.7470703125,2427.0353367679522
1.4,0.6,1.1,-1444.8576721191407,-1218.3626708984375,1444.8576721191407,1218.3626708984375,2293.8720703125,1434.1151062011718,1497.07666015625,578.2034301757812,2878.9727783203125,2715.4393310546875,642.7931857318248,-823.7664184570312,-907.438232421875,823.7664184570312,907.438232421875,5708.7451171875,2852.3518676757812,2919.308837890625,834.2425537109375,3676.1182861328125,3826.7470703125,1444.1407092929264
1.2,0.6,1.1,-1793.2163391113281,-1937.6012878417969,1793.2163391113281,1937.6012878417969,3287.99072265625,1085.7564392089844,777.8380432128906,345.54541015625,2878.9727783203125,2715.4393310546875,909.3683848285509,-555.8548217773437,-845.4832763671875,555.8548217773437,845.4832763671875,7244.04150390625,3120.263464355469,2981.2637939453125,272.9169921875,3676.1182861328125,3826.7470703125,2296.8739891406985
1.2,1.4,0.9,-680.0626342773439,-832.5474243164062,680.0626342773439,832.5474243164062,4637.8916015625,2198.9101440429686,1882.8919067382812,1285.3162841796875,2878.9727783203125,2715.4393310546875,973.2597018329532,887.9336547851562,-800.16650390625,-887.9336547851562,800.16650390625,10913.408203125,4564.051940917969,3026.58056640625,1594.207275390625,3676.1182861328125,3826.7470703125,3332.635705025609
0.8,0.6,1.1,-1507.3847198486328,-1648.6243591308594,1507.3847198486328,1648.6243591308594,3724.111572265625,1371.5880584716797,1066.8149719238281,280.4375305175781,2878.9727783203125,2715.4393310546875,1054.0538679028703,114.82563476562518,-796.40087890625,-114.82563476562518,796.40087890625,8980.8857421875,3790.9439208984377,3030.34619140625,782.57861328125,3676.1182861328125,3826.7470703125,2710.2234969250203
1.2,0.6,0.7,-1656.7943481445313,-1845.7710876464844,1656.7943481445313,1845.7710876464844,3040.217041015625,1222.1784301757812,869.6682434082031,454.1834411621094,2878.9727783203125,2715.4393310546875,937.4155469628943,-675.5171264648438,-543.002197265625,675.5171264648438,543.002197265625,6183.6669921875,3000.6011596679687,3283.744873046875,826.7090454101562,3676.1182861328125,3826.7470703125,1708.7989059548186
0.8,0.8,1.3,-479.57908935546857,-1013.0765991210938,479.57908935546857,1013.0765991210938,7845.5849609375,2399.393688964844,1702.3627319335938,738.0040283203125,2878.9727783203125,2715.4393310546875,2075.6068545250882,1751.0126220703123,-509.8851318359375,-1751.0126220703123,509.8851318359375,17830.6875,5427.130908203125,3316.8619384765625,2327.944580078125,3676.1182861328125,3826.7470703125,4833.3316856266365
1.2,1.4,1.3,-1152.8256896972657,-1065.3215942382812,1152.8256896972657,1065.3215942382812,3303.118896484375,1726.1470886230468,1650.1177368164062,914.5302124023438,2878.9727783203125,2715.4393310546875,680.1364739335302,-217.42142333984384,-503.4124755859375,217.42142333984384,503.4124755859375,5889.85986328125,3458.6968627929687,3323.3345947265625,1207.6192626953125,3676.1182861328125,3826.7470703125,1456.1340424165776
1.0,0.6,1.3,-1567.4411926269531,-1549.5345458984375,1567.4411926269531,1549.5345458984375,2143.657470703125,1311.5315856933594,1165.90478515625,926.1961059570312,2878.9727783203125,2715.4393310546875,404.0852458014109,-93.17847290039072,-394.5537109375,93.17847290039072,394.5537109375,6307.01220703125,3582.939813232422,3432.193359375,860.2396850585938,3676.1182861328125,3826.7470703125,1762.4550282508344
0.6,1.4,1.3,-591.4655151367188,-958.7636108398438,591.4655151367188,958.7636108398438,4595.52978515625,2287.5072631835938,1756.6757202148438,1053.3975830078125,2878.9727783203125,2715.4393310546875,1295.5218784939448,1816.6497436523441,-320.384033203125,-1816.6497436523441,320.384033203125,15863.603515625,5492.768029785157,3506.363037109375,1092.6256103515625,3676.1182861328125,3826.7470703125,5271.362435703072
1.2,0.8,0.7,-729.7803588867187,-1212.2621459960938,729.7803588867187,1212.2621459960938,5717.349609375,2149.192419433594,1503.1771850585938,811.720703125,2878.9727783203125,2715.4393310546875,1555.774543231855,1923.4920166015627,-260.380859375,-1923.4920166015627,260.380859375,21012.974609375,5599.610302734375,3566.3662109375,2180.043212890625,3676.1182861328125,3826.7470703125,5748.086972671308
1.4,1.2,0.9,22.42495117187491,47.4921875,-22.42495117187491,-47.4921875,6731.0166015625,2901.3977294921874,2762.9315185546875,1150.5635986328125,2878.9727783203125,2715.4393310546875,1620.3410120974793,983.5351196289066,-143.34423828125,-983.5351196289066,143.34423828125,10492.74609375,4659.653405761719,3683.40283203125,1027.3712158203125,3676.1182861328125,3826.7470703125,3348.2184277575825
0.8,1.4,1.1,-917.33642578125,-1025.4926147460938,917.33642578125,1025.4926147460938,3145.212890625,1961.6363525390625,1689.9467163085938,1322.6807861328125,2878.9727783203125,2715.4393310546875,691.4941173856786,901.8872680664062,-102.9832763671875,-901.8872680664062,102.9832763671875,13935.6123046875,4578.005554199219,3723.7637939453125,1738.4915771484375,3676.1182861328125,3826.7470703125,3433.894838890048
1.0,1.2,0.9,153.1667724609374,374.220703125,-153.1667724609374,-374.220703125,5353.27978515625,3032.13955078125,3089.6600341796875,1144.1251220703125,2878.9727783203125,2715.4393310546875,1720.9733978118315,2049.0972839355472,-100.07275390625,-2049.0972839355472,100.07275390625,14814.5869140625,5725.21557006836,3726.67431640625,604.1110229492188,3676.1182861328125,3826.7470703125,4738.259111020909
0.8,0.6,0.7,-1626.477716064453,-1904.337890625,1626.477716064453,1904.337890625,3926.49853515625,1252.4950622558595,811.1014404296875,428.3809814453125,2878.9727783203125,2715.4393310546875,1099.62658141581,101.87560424804678,-20.18310546875,-101.87560424804678,20.18310546875,7702.38134765625,3777.9938903808593,3806.56396484375,977.5109252929688,3676.1182861328125,3826.7470703125,2574.5092204424345
1.4,0.8,1.3,-349.7640136718751,-687.1769409179688,349.7640136718751,687.1769409179688,6218.25634765625,2529.2087646484374,2028.2623901367188,955.5609130859375,2878.9727783203125,2715.4393310546875,1682.22269013986,970.498480224609,-13.2161865234375,-970.498480224609,13.2161865234375,9299.35546875,4646.6167663574215,3813.5308837890625,1006.6325073242188,3676.1182861328125,3826.7470703125,2960.769082054635
1.0,1.4,1.3,-1117.053857421875,-1033.5252075195312,1117.053857421875,1033.5252075195312,3147.76416015625,1761.9189208984376,1681.9141235351562,1050.8665771484375,2878.9727783203125,2715.4393310546875,532.8494048542607,1997.526232910156,9.5203857421875,-1997.526232910156,-9.5203857421875,16506.830078125,5673.644519042969,3836.2674560546875,1298.6815185546875,3676.1182861328125,3826.7470703125,4975.284492219363
0.8,1.4,0.7,-28.1318359375,-540.3772583007812,28.1318359375,540.3772583007812,6078.9697265625,2850.8409423828125,2175.0620727539062,1088.97607421875,2878.9727783203125,2715.4393310546875,1593.2619777800542,2523.440270996094,246.04541015625,-2523.440270996094,-246.04541015625,17661.478515625,6199.558557128907,4072.79248046875,1755.9539794921875,3676.1182861328125,3826.7470703125,5325.840826225736
0.8,0.8,1.1,-1448.0270874023438,-1490.8901977539062,1448.0270874023438,1490.8901977539062,3997.8427734375,1430.9456909179687,1224.5491333007812,388.63531494140625,2878.9727783203125,2715.4393310546875,997.6483400492932,1853.1150268554684,280.0262451171875,-1853.1150268554684,-280.0262451171875,11765.80859375,5529.233312988281,4106.7733154296875,914.7935791015625,3676.1182861328125,3826.7470703125,4335.414167526841
1.0,1.4,0.9,-863.3652160644531,-784.5532836914062,863.3652160644531,784.5532836914062,3530.329833984375,2015.6075622558594,1930.8860473632812,918.2756958007812,2878.9727783203125,2715.4393310546875,763.7159885575079,501.1852294921873,303.9547119140625,-501.1852294921873,-303.9547119140625,5907.544921875,4177.303515625,4130.7017822265625,1552.568115234375,3676.1182861328125,3826.7470703125,1377.523898144227
1.2,1.2,0.7,966.2908813476561,803.2003173828125,-966.2908813476561,-803.2003173828125,6425.16845703125,3845.2636596679686,3518.6396484375,1608.1400146484375,2878.9727783203125,2715.4393310546875,1588.7795103156886,6026.661511230468,428.8173828125,-6026.661511230468,-428.8173828125,26287.408203125,9702.77979736328,4255.564453125,1321.5513916015625,3676.1182861328125,3826.7470703125,9789.837592295416
1.4,1.4,0.7,-854.911083984375,-623.7338256835938,854.911083984375,623.7338256835938,3407.418212890625,2024.0616943359375,2091.7055053710938,1132.7264404296875,2878.9727783203125,2715.4393310546875,734.8013837867793,1431.2906127929691,650.4632568359375,-1431.2906127929691,-650.4632568359375,16545.318359375,5107.408898925782,4477.2103271484375,902.13330078125,3676.1182861328125,3826.7470703125,4573.553231394538
0.6,1.4,0.7,-1054.4034912109375,-979.6672973632812,1054.4034912109375,979.6672973632812,2682.82470703125,1824.569287109375,1735.7720336914062,1188.5963134765625,2878.9727783203125,2715.4393310546875,537.5941858253863,4226.317065429687,687.8095703125,-4226.317065429687,-687.8095703125,19667.72265625,7902.4353515625,4514.556640625,1769.031005859375,3676.1182861328125,3826.7470703125,6521.473906190667
1.2,1.0,0.7,-166.25391845703143,-359.3489990234375,166.25391845703143,359.3489990234375,6697.99072265625,2712.718859863281,2356.09033203125,723.24609375,2878.9727783203125,2715.4393310546875,1772.128726853529,4538.871374511718,724.6258544921875,-4538.871374511718,-724.6258544921875,18637.1796875,8214.98966064453,4551.3729248046875,1689.949951171875,3676.1182861328125,3826.7470703125,7023.377370096752
1.4,1.4,0.9,-789.356201171875,-806.8516845703125,789.356201171875,806.8516845703125,3912.51318359375,2089.6165771484375,1908.587646484375,980.734619140625,2878.9727783203125,2715.4393310546875,1065.9763756636473,1266.0322753906248,754.14892578125,-1266.0322753906248,-754.14892578125,9759.40625,4942.150561523437,4580.89599609375,2451.33984375,3676.1182861328125,3826.7470703125,2346.6146820470735
0.6,1.2,1.1,43.68479614257831,2.715087890625,-43.68479614257831,-2.715087890625,6096.310546875,2922.657574462891,2718.1544189453125,878.7455444335938,2878.9727783203125,2715.4393310546875,1509.9169843126028,4695.684197998047,832.1219482421875,-4695.684197998047,-832.1219482421875,28268.783203125,8371.80248413086,4658.8690185546875,778.1194458007812,3676.1182861328125,3826.7470703125,9398.052524450042
1.4,1.4,1.1,-847.7355102539063,-887.3416748046875,847.7355102539063,887.3416748046875,3667.092041015625,2031.2372680664062,1828.09765625,1375.50146484375,2878.9727783203125,2715.4393310546875,745.2308437824374,1419.0446533203121,837.486572265625,-1419.0446533203121,-837.486572265625,9009.26171875,5095.162939453125,4664.233642578125,2554.1845703125,3676.1182861328125,3826.7470703125,2314.590284780356
1.4,1.2,0.7,1161.238623046875,185.088134765625,-1161.238623046875,-185.088134765625,8264.7333984375,4040.2114013671876,2900.5274658203125,1710.3231201171875,2878.9727783203125,2715.4393310546875,2385.111230413713,4461.642541503907,875.341064453125,-4461.642541503907,-875.341064453125,22558.154296875,8137.760827636719,4702.088134765625,1627.2032470703125,3676.1182861328125,3826.7470703125,7446.7038836031115
0.6,1.4,0.9,-959.3954345703125,-742.4892578125,959.3954345703125,742.4892578125,2351.05517578125,1919.57734375,1972.9500732421875,1302.152099609375,2878.9727783203125,2715.4393310546875,368.36567979588995,1560.6437866210936,914.699462890625,-1560.6437866210936,-914.699462890625,13986.33203125,5236.762072753906,4741.446533203125,1637.0462646484375,3676.1182861328125,3826.7470703125,3405.1817591830054
1.4,1.0,0.9,832.8248046875001,-518.064453125,-832.8248046875001,518.064453125,9074.787109375,3711.7975830078126,2197.3748779296875,1917.3167724609375,2878.9727783203125,2715.4393310546875,2523.668376519507,3825.4432861328123,920.355712890625,-3825.4432861328123,-920.355712890625,22490.849609375,7501.561572265625,4747.102783203125,2049.846923828125,3676.1182861328125,3826.7470703125,6678.686732149636
1.0,1.4,1.1,-1514.7514556884767,-1226.4655151367188,1514.7514556884767,1226.4655151367188,2440.511474609375,1364.2213226318358,1488.9738159179688,-24.511383056640625,2878.9727783203125,2715.4393310546875,621.054808087759,1603.6339355468754,926.5865478515625,-1603.6339355468754,-926.5865478515625,9699.4296875,5279.752221679688,4753.3336181640625,1716.6610107421875,3676.1182861328125,3826.7470703125,3030.2217090795334
1.0,1.4,0.7,-1075.4998352050782,-1028.7921752929688,1075.4998352050782,1028.7921752929688,2881.39453125,1803.4729431152343,1686.6471557617188,1011.0949096679688,2878.9727783203125,2715.4393310546875,650.7811436977086,2814.0545593261722,932.708984375,-2814.0545593261722,-932.708984375,16258.8642578125,6490.172845458985,4759.4560546875,972.3541870117188,3676.1182861328125,3826.7470703125,4975.671859277108
1.4,1.2,1.1,-587.5269958496092,-725.962158203125,587.5269958496092,725.962158203125,5101.7412109375,2291.4457824707033,1989.4771728515625,1014.7276000976562,2878.9727783203125,2715.4393310546875,1155.2084107448893,3588.317602539062,1110.38720703125,-3588.317602539062,-1110.38720703125,21985.970703125,7264.435888671875,4937.13427734375,2868.197509765625,3676.1182861328125,3826.7470703125,6216.8565335095755
1.4,0.8,1.1,-1123.644708251953,-1697.6800537109375,1123.644708251953,1697.6800537109375,5105.86767578125,1755.3280700683595,1017.75927734375,690.6849365234375,2878.9727783203125,2715.4393310546875,1477.3418398631131,2402.864605712891,1121.9091796875,-2402.864605712891,-1121.9091796875,18597.20703125,6078.982891845703,4948.65625,977.9783325195312,3676.1182861328125,3826.7470703125,4972.793213202166
0.8,1.4,1.3,-1012.3940307617188,-951.979248046875,1012.3940307617188,951.979248046875,2725.43603515625,1866.5787475585937,1763.4600830078125,619.1527099609375,2878.9727783203125,2715.4393310546875,627.6875885032363,2296.768603515625,1151.177490234375,-2296.768603515625,-1151.177490234375,12925.671875,5972.886889648437,4977.924560546875,1345.025634765625,3676.1182861328125,3826.7470703125,4113.129677882628
0.6,1.0,0.7,1069.9738586425783,819.1505126953125,-1069.9738586425783,-819.1505126953125,7216.80517578125,3948.946636962891,3534.58984375,997.9627075195312,2878.9727783203125,2715.4393310546875,2299.6896283873284,7011.618103027344,1225.304443359375,-7011.618103027344,-1225.304443359375,48315.93359375,10687.736389160156,5052.051513671875,2011.1497802734375,3676.1182861328125,3826.7470703125,14122.994598381501
1.0,1.2,1.1,723.4709228515626,-172.5169677734375,-723.4709228515626,172.5169677734375,8027.3359375,3602.443701171875,2542.92236328125,669.490966796875,2878.9727783203125,2715.4393310546875,2600.6883396200387,3741.1200439453123,1506.025634765625,-3741.1200439453123,-1506.025634765625,24842.169921875,7417.238330078125,5332.772705078125,1377.69970703125,3676.1182861328125,3826.7470703125,7052.855350493841
0.8,1.4,0.9,-953.2641540527343,-913.8547973632812,953.2641540527343,913.8547973632812,3472.5068359375,1925.7086242675782,1801.5845336914062,941.6170043945312,2878.9727783203125,2715.4393310546875,755.7307349053999,2087.8514404296875,1525.216552734375,-2087.8514404296875,-1525.216552734375,11949.0703125,5763.9697265625,5351.963623046875,1772.67724609375,3676.1182861328125,3826.7470703125,3251.8141738668332
1.0,0.8,0.9,-1057.1716857910155,-860.0105590820312,1057.1716857910155,860.0105590820312,3429.6875,1821.801092529297,1855.4287719726562,354.786865234375,2878.9727783203125,2715.4393310546875,967.3555078214707,2004.9888305664062,1584.320556640625,-2004.9888305664062,-1584.320556640625,10167.60546875,5681.107116699219,5411.067626953125,1844.2032470703125,3676.1182861328125,3826.7470703125,2573.7347157442614
0.8,1.2,0.9,439.29584350585947,690.6512451171875,-439.29584350585947,-690.6512451171875,7607.8193359375,3318.268621826172,3406.090576171875,598.8866577148438,2878.9727783203125,2715.4393310546875,2036.03233490211,4852.349279785156,1620.77978515625,-4852.349279785156,-1620.77978515625,22803.07421875,8528.467565917968,5447.52685546875,1650.9007568359375,3676.1182861328125,3826.7470703125,6662.974673957778
0.6,0.8,0.9,-394.3557617187498,-234.36181640625,394.3557617187498,234.36181640625,4396.423828125,2484.6170166015627,2481.0775146484375,576.849853515625,2878.9727783203125,2715.4393310546875,1290.2975021586706,4581.537292480469,1724.440185546875,-4581.537292480469,-1724.440185546875,22346.912109375,8257.655578613281,5551.187255859375,1100.9156494140625,3676.1182861328125,3826.7470703125,6668.718442037488
0.6,1.2,0.9,1637.6945312500002,1721.4791259765625,-1637.6945312500002,-1721.4791259765625,6977.97705078125,4516.667309570313,4436.91845703125,2149.079833984375,2878.9727783203125,2715.4393310546875,1600.856084113796,5462.013891601562,1895.642822265625,-5462.013891601562,-1895.642822265625,32223.39453125,9138.132177734375,5722.389892578125,1685.01220703125,3676.1182861328125,3826.7470703125,9340.890468190177
1.0,0.8,0.7,-768.7165649414064,-467.58544921875,768.7165649414064,467.58544921875,3911.699951171875,2110.256213378906,2247.8538818359375,712.8380126953125,2878.9727783203125,2715.4393310546875,913.2025415018718,4213.393994140625,1943.36669921875,-4213.393994140625,-1943.36669921875,17622.8671875,7889.512280273438,5770.11376953125,3769.873046875,3676.1182861328125,3826.7470703125,5139.956455401169
1.2,1.0,1.1,420.9023681640624,-291.06201171875,-420.9023681640624,291.06201171875,7112.05322265625,3299.875146484375,2424.3773193359375,1053.28955078125,2878.9727783203125,2715.4393310546875,2016.9258448180024,4908.115258789063,1943.603515625,-4908.115258789063,-1943.603515625,20216.431640625,8584.233544921875,5770.3505859375,2837.568359375,3676.1182861328125,3826.7470703125,6689.185641014332
0.8,0.8,0.9,-563.0902343749999,-1064.7622680664062,563.0902343749999,1064.7622680664062,8241.0908203125,2315.8825439453126,1650.6770629882812,391.991943359375,2878.9727783203125,2715.4393310546875,2233.4601644736254,3176.377734375,2078.568359375,-3176.377734375,-2078.568359375,16364.8447265625,6852.496020507812,5905.3154296875,1728.4189453125,3676.1182861328125,3826.7470703125,4759.0666032812505
1.4,0.8,0.7,-1014.6032409667969,-991.7772827148438,1014.6032409667969,991.7772827148438,5194.375,1864.3695373535156,1723.6620483398438,570.2319946289062,2878.9727783203125,2715.4393310546875,1308.7207946244612,5712.842907714843,2084.438232421875,-5712.842907714843,-2084.438232421875,24967.359375,9388.961193847656,5911.185302734375,1968.0672607421875,3676.1182861328125,3826.7470703125,8643.282112120634
0.6,1.2,0.7,446.47857055664053,357.94189453125,-446.47857055664053,-357.94189453125,8736.703125,3325.451348876953,3073.3812255859375,627.9779663085938,2878.9727783203125,2715.4393310546875,2481.5118723679802,3242.1806030273438,2224.568603515625,-3242.1806030273438,-2224.568603515625,16414.3984375,6918.298889160156,6051.315673828125,1776.6207275390625,3676.1182861328125,3826.7470703125,4043.5425101272317
0.8,1.0,0.9,624.0008697509766,164.59521484375,-624.0008697509766,-164.59521484375,9972.7392578125,3502.973648071289,2880.0345458984375,464.0222473144531,2878.9727783203125,2715.4393310546875,2910.5308748751763,4444.8214111328125,2284.394287109375,-4444.8214111328125,-2284.394287109375,26958.47265625,8120.939697265625,6111.141357421875,2222.118408203125,3676.1182861328125,3826.7470703125,7125.300983527411
0.6,0.8,1.1,-293.70049438476553,-903.0108642578125,293.70049438476553,903.0108642578125,5995.0390625,2585.272283935547,1812.428466796875,709.9309692382812,2878.9727783203125,2715.4393310546875,1927.7675714348238,3575.7623535156254,2307.36962890625,-3575.7623535156254,-2307.36962890625,14818.60546875,7251.880639648438,6134.11669921875,1940.543701171875,3676.1182861328125,3826.7470703125,4384.667146810489
1.2,1.2,1.1,-243.02418212890643,-481.5255126953125,243.02418212890643,481.5255126953125,4915.84326171875,2635.948596191406,2233.913818359375,1022.3365478515625,2878.9727783203125,2715.4393310546875,1175.8364458344151,3760.3482177734377,2331.781005859375,-3760.3482177734377,-2331.781005859375,16445.984375,7436.46650390625,6158.528076171875,2258.480712890625,3676.1182861328125,3826.7470703125,4539.820455658119
0.6,1.2,1.3,939.1500000000001,746.001708984375,-939.1500000000001,-746.001708984375,7240.41455078125,3818.1227783203126,3461.4410400390625,1632.6142578125,2878.9727783203125,2715.4393310546875,1643.7943919095924,2282.6576416015623,2331.78857421875,-2282.6576416015623,-2331.78857421875,11953.0625,5958.775927734375,6158.53564453125,2256.965087890625,3676.1182861328125,3826.7470703125,3139.2136280868626
0.8,1.0,1.1,-693.3390258789063,-810.831787109375,693.3390258789063,810.831787109375,4146.3310546875,2185.633752441406,1904.6075439453125,1179.448486328125,2878.9727783203125,2715.4393310546875,1000.1283483162885,4265.011206054687,2520.41064453125,-4265.011206054687,-2520.41064453125,30930.875,7941.1294921875,6347.15771484375,2087.699462890625,3676.1182861328125,3826.7470703125,8530.572513271498
1.0,1.2,0.7,173.5077148437499,-142.70556640625,-173.5077148437499,142.70556640625,6417.9169921875,3052.4804931640624,2572.7337646484375,622.3028564453125,2878.9727783203125,2715.4393310546875,1912.4638650087795,2780.994580078125,2526.888916015625,-2780.994580078125,-2526.888916015625,11549.7802734375,6457.112866210938,6353.635986328125,1889.317626953125,3676.1182861328125,3826.7470703125,3132.4279932159925
1.0,0.8,1.1,-165.46807250976553,-282.0908203125,165.46807250976553,282.0908203125,6721.974609375,2713.504705810547,2433.3485107421875,659.4260864257812,2878.9727783203125,2715.4393310546875,1854.5806933583606,4759.267065429687,2532.880615234375,-4759.267065429687,-2532.880615234375,20005.638671875,8435.3853515625,6359.627685546875,1194.42431640625,3676.1182861328125,3826.7470703125,6436.571404460434
1.4,1.0,1.1,125.32976684570303,-325.547607421875,-125.32976684570303,325.547607421875,6649.04833984375,3004.3025451660155,2389.8917236328125,635.6710205078125,2878.9727783203125,2715.4393310546875,2229.4668199458374,3976.0101806640623,2578.186767578125,-3976.0101806640623,-2578.186767578125,13984.3994140625,7652.128466796875,6404.933837890625,2015.51611328125,3676.1182861328125,3826.7470703125,4147.948616742887
1.2,0.8,1.1,-597.9315765380861,-563.1734619140625,597.9315765380861,563.1734619140625,5948.8818359375,2281.0412017822264,2152.265869140625,438.5156555175781,2878.9727783203125,2715.4393310546875,1591.782740793097,2565.8479980468746,2598.628173828125,-2565.8479980468746,-2598.628173828125,11840.955078125,6241.966284179687,6425.375244140625,2646.5712890625,3676.1182861328125,3826.7470703125,2478.8515516495218
1.0,0.8,1.3,-1323.5107055664062,-1384.3464965820312,1323.5107055664062,1384.3464965820312,3049.59521484375,1555.4620727539063,1331.0928344726562,1069.490234375,2878.9727783203125,2715.4393310546875,581.6335423659741,5385.216516113282,2912.37060546875,-5385.216516113282,-2912.37060546875,25542.380859375,9061.334802246094,6739.11767578125,899.7696533203125,3676.1182861328125,3826.7470703125,8110.778131589603
1.2,0.8,1.3,-755.3552703857422,-826.837890625,755.3552703857422,826.837890625,5817.38720703125,2123.6175079345703,1888.6014404296875,343.72943115234375,2878.9727783203125,2715.4393310546875,1655.3637167323664,4014.6748046875,3000.890380859375,-4014.6748046875,-3000.890380859375,25730.529296875,7690.7930908203125,6827.637451171875,979.4647216796875,3676.1182861328125,3826.7470703125,7244.54307399356
1.2,0.8,0.9,-662.7066955566406,-1115.5095825195312,662.7066955566406,1115.5095825195312,5488.5107421875,2216.266082763672,1599.9297485351562,873.2556762695312,2878.9727783203125,2715.4393310546875,1621.2578815588245,6798.984912109376,3027.1923828125,-6798.984912109376,-3027.1923828125,38699.27734375,10475.103198242188,6853.939453125,2117.836181640625,3676.1182861328125,3826.7470703125,10810.239507386923
1.0,1.2,1.3,309.96923828125,402.6507568359375,-309.96923828125,-402.6507568359375,5719.1044921875,3188.9420166015625,3118.090087890625,1534.565673828125,2878.9727783203125,2715.4393310546875,1550.0510612193439,3925.1428588867184,3060.694091796875,-3925.1428588867184,-3060.694091796875,21115.23828125,7601.261145019531,6887.441162109375,831.9892578125,3676.1182861328125,3826.7470703125,6976.270035995499
1.2,1.2,1.3,598.4286098480225,174.1468505859375,-598.4286098480225,-174.1468505859375,8009.98681640625,3477.401388168335,2889.586181640625,16.05367660522461,2878.9727783203125,2715.4393310546875,2443.7773796814463,6935.7464599609375,3263.22021484375,-6935.7464599609375,-3263.22021484375,41576.51171875,10611.86474609375,7089.96728515625,2141.731689453125,3676.1182861328125,3826.7470703125,12082.636798401641
1.0,1.0,0.9,1313.6236816406254,306.9908447265625,-1313.6236816406254,-306.9908447265625,10988.43359375,4192.596459960938,3022.43017578125,1043.5621337890625,2878.9727783203125,2715.4393310546875,3400.341406929295,4673.352197265625,3333.532958984375,-4673.352197265625,-3333.532958984375,17222.765625,8349.470483398438,7160.280029296875,2671.881103515625,3676.1182861328125,3826.7470703125,4831.360845928396
1.2,1.4,1.1,-1236.227276611328,-1060.7380981445312,1236.227276611328,1060.7380981445312,2326.109619140625,1642.7455017089844,1654.7012329101562,1012.4425659179688,2878.9727783203125,2715.4393310546875,365.35439466440306,3502.15400390625,3456.138427734375,-3502.15400390625,-3456.138427734375,14910.6005859375,7178.272290039063,7282.885498046875,1677.819091796875,3676.1182861328125,3826.7470703125,3519.161556672927
1.2,1.4,0.7,-829.8682006835938,-782.3562622070312,829.8682006835938,782.3562622070312,3913.687255859375,2049.1045776367187,1933.0830688476562,928.3062744140625,2878.9727783203125,2715.4393310546875,865.6663985567797,3098.2465942382814,3487.31103515625,-3098.2465942382814,-3487.31103515625,18391.95703125,6774.364880371094,7314.05810546875,1316.9307861328125,3676.1182861328125,3826.7470703125,5171.819703297371
1.0,1.0,1.3,1386.6194213867184,567.7354736328125,-1386.6194213867184,-567.7354736328125,11626.943359375,4265.592199707031,3283.1748046875,1121.678466796875,2878.9727783203125,2715.4393310546875,3528.466331574496,7562.068774414063,3856.332763671875,-7562.068774414063,-3856.332763671875,28281.666015625,11238.187060546876,7683.079833984375,3008.40576171875,3676.1182861328125,3826.7470703125,9124.867194522947
0.6,0.8,0.7,-431.44835205078107,-807.4141845703125,431.44835205078107,807.4141845703125,4235.38134765625,2447.5244262695314,1908.025146484375,1093.3858642578125,2878.9727783203125,2715.4393310546875,1292.5822628598842,6693.712072753906,4160.5440673828125,-6693.712072753906,-4160.5440673828125,25533.95703125,10369.830358886718,7987.2911376953125,920.4741821289062,3676.1182861328125,3826.7470703125,9476.696877235885
1.2,1.2,0.9,449.77886962890625,-794.3837280273438,-449.77886962890625,794.3837280273438,7775.9736328125,3328.7516479492188,1921.0556030273438,1172.6231689453125,2878.9727783203125,2715.4393310546875,2465.2905711048816,7046.2084838867195,4239.88671875,-7046.2084838867195,-4239.88671875,40774.56640625,10722.326770019532,8066.6337890625,1995.9696044921875,3676.1182861328125,3826.7470703125,11215.936411800394
0.8,1.2,1.1,626.6385314941408,380.2913818359375,-626.6385314941408,-380.2913818359375,9050.279296875,3505.6113098144533,3095.730712890625,1001.7319946289062,2878.9727783203125,2715.4393310546875,2244.0534859395043,7038.418627929688,4283.251220703125,-7038.418627929688,-4283.251220703125,21369.423828125,10714.5369140625,8109.998291015625,4828.671875,3676.1182861328125,3826.7470703125,5838.339713150758
1.4,0.8,0.9,-722.8979125976562,-661.93359375,722.8979125976562,661.93359375,4759.24609375,2156.0748657226563,2053.5057373046875,594.4908447265625,2878.9727783203125,2715.4393310546875,1345.285892114316,3822.039196777344,4384.29541015625,-3822.039196777344,-4384.29541015625,16963.810546875,7498.157482910156,8211.04248046875,906.025634765625,3676.1182861328125,3826.7470703125,5331.988521067511
1.4,1.0,1.3,-490.46566162109366,-261.7442626953125,490.46566162109366,261.7442626953125,3810.086669921875,2388.507116699219,2453.695068359375,919.8580322265625,2878.9727783203125,2715.4393310546875,890.3779467268504,6163.110485839843,4408.390380859375,-6163.110485839843,-4408.390380859375,22097.80859375,9839.228771972656,8235.137451171875,2033.5208740234375,3676.1182861328125,3826.7470703125,7430.874089306134
0.8,1.0,1.3,-1233.7233764648438,-982.6096801757812,1233.7233764648438,982.6096801757812,2881.84326171875,1645.2494018554687,1732.8296508789062,623.4307861328125,2878.9727783203125,2715.4393310546875,651.8470947125357,12641.52052001953,4444.121337890625,-12641.52052001953,-4444.121337890625,47719.61328125,16317.638806152343,8270.868408203125,1802.9371337890625,3676.1182861328125,3826.7470703125,17353.662944809505
0.8,0.8,0.7,-1120.1427795410157,-1560.9136352539062,1120.1427795410157,1560.9136352539062,5394.96875,1758.8299987792968,1154.5256958007812,509.79644775390625,2878.9727783203125,2715.4393310546875,1653.7828097092727,5291.469128417968,4480.26904296875,-5291.469128417968,-4480.26904296875,20262.060546875,8967.58741455078,8307.01611328125,994.9420166015625,3676.1182861328125,3826.7470703125,6136.596909877304
1.2,1.0,1.3,1714.5121398925785,1337.6461181640625,-1714.5121398925785,-1337.6461181640625,9971.41796875,4593.484918212891,4053.08544921875,640.7638549804688,2878.9727783203125,2715.4393310546875,3313.991004715219,12528.714575195312,4582.939697265625,-12528.714575195312,-4582.939697265625,46361.11328125,16204.832861328125,8409.686767578125,3386.87890625,3676.1182861328125,3826.7470703125,15678.244800289092
0.6,1.0,1.1,556.6709106445314,284.8447265625,-556.6709106445314,-284.8447265625,7005.06640625,3435.643688964844,3000.2840576171875,907.8717041015625,2878.9727783203125,2715.4393310546875,1994.792754215861,5805.282043457031,4614.05126953125,-5805.282043457031,-4614.05126953125,25861.828125,9481.400329589844,8440.79833984375,1234.8255615234375,3676.1182861328125,3826.7470703125,6588.644713873033
1.0,1.0,1.1,347.22943115234375,294.5040283203125,-347.22943115234375,-294.5040283203125,7353.1982421875,3226.2022094726562,3009.943359375,1334.5845947265625,2878.9727783203125,2715.4393310546875,1704.9306257649862,7591.5380737304695,4687.00390625,-7591.5380737304695,-4687.00390625,32186.724609375,11267.656359863282,8513.7509765625,1891.5699462890625,3676.1182861328125,3826.7470703125,9698.674171936938
0.6,1.0,1.3,1473.3176086425783,1440.697509765625,-1473.3176086425783,-1440.697509765625,12726.1474609375,4352.290386962891,4156.1368408203125,941.6985473632812,2878.9727783203125,2715.4393310546875,3405.457478112569,6241.636096191407,4693.742431640625,-6241.636096191407,-4693.742431640625,19394.59765625,9917.75438232422,8520.489501953125,1915.6737060546875,3676.1182861328125,3826.7470703125,5652.608688723148
0.8,1.2,0.7,1047.835595703125,498.8179931640625,-1047.835595703125,-498.8179931640625,9316.7978515625,3926.8083740234374,3214.25732421875,1816.179443359375,2878.9727783203125,2715.4393310546875,2449.2967457549357,6075.4371337890625,5417.19140625,-6075.4371337890625,-5417.19140625,21500.2265625,9751.555419921875,9243.9384765625,2709.0478515625,3676.1182861328125,3826.7470703125,5165.523032394053
1.4,1.0,0.7,-391.0880371093749,-753.7164306640625,391.0880371093749,753.7164306640625,5225.1513671875,2487.8847412109376,1961.722900390625,973.0555419921875,2878.9727783203125,2715.4393310546875,1594.1630537143865,6779.074511718751,6024.611328125,-6779.074511718751,-6024.611328125,25473.2421875,10455.192797851563,9851.3583984375,2942.521484375,3676.1182861328125,3826.7470703125,7069.636750548545
0.8,1.2,1.3,1445.6565917968746,883.125732421875,-1445.6565917968746,-883.125732421875,10221.4609375,4324.629370117187,3598.5650634765625,1048.886962890625,2878.9727783203125,2715.4393310546875,2696.7354965097397,6436.424694824218,6293.453125,-6436.424694824218,-6293.453125,22416.16796875,10112.54298095703,10120.2001953125,1905.8016357421875,3676.1182861328125,3826.7470703125,7674.11169152479
1.0,1.0,0.7,153.066162109375,-131.1214599609375,-153.066162109375,131.1214599609375,6763.7421875,3032.0389404296875,2584.31787109375,1068.54052734375,2878.9727783203125,2715.4393310546875,1776.4252158038282,6047.084936523437,6854.9443359375,-6047.084936523437,-6854.9443359375,13963.08984375,9723.20322265625,10681.69140625,4533.994140625,3676.1182861328125,3826.7470703125,2923.6929274962886
1.2,1.0,0.9,1772.8704345703127,690.9136962890625,-1772.8704345703127,-690.9136962890625,11979.1591796875,4651.843212890625,3406.35302734375,1043.6961669921875,2878.9727783203125,2715.4393310546875,3952.287925587675,8959.870581054687,6938.487548828125,-8959.870581054687,-6938.487548828125,23381.919921875,12635.9888671875,10765.234619140625,2764.304443359375,3676.1182861328125,3826.7470703125,8435.099996883146
0.8,1.0,0.7,115.60364379882822,-186.1734619140625,-115.60364379882822,186.1734619140625,5484.828125,2994.5764221191407,2529.265869140625,974.8955688476562,2878.9727783203125,2715.4393310546875,1617.9963913261906,8910.654089355468,8184.20947265625,-8910.654089355468,-8184.20947265625,24821.126953125,12586.77237548828,12010.95654296875,1835.9779052734375,3676.1182861328125,3826.7470703125,8720.6148997247
0.6,1.0,0.9,1169.391223144531,192.1063232421875,-1169.391223144531,-192.1063232421875,14370.0625,4048.3640014648436,2907.545654296875,1335.3087158203125,2878.9727783203125,2715.4393310546875,3837.4670678902435,12668.561474609374,8907.862060546875,-12668.561474609374,-8907.862060546875,32580.060546875,16344.679760742187,12734.609130859375,4075.571044921875,3676.1182861328125,3826.7470703125,12046.935283379451
1.4,1.2,1.3,261.9401367187502,-503.6204833984375,-261.9401367187502,503.6204833984375,7643.51318359375,3140.9129150390627,2211.81884765625,1208.296630859375,2878.9727783203125,2715.4393310546875,2111.696471931384,10895.93895263672,10821.064453125,-10895.93895263672,-10821.064453125,34888.3359375,14572.057238769532,14647.8115234375,636.2120361328125,3676.1182861328125,3826.7470703125,8804.2640230163
