env_id,axis,stress_factor,seed,best_model,best_return,vanilla_return,best_minus_vanilla,num_models_above_vanilla
Walker2d-v5,action_noise,0.5,6,klprho0p05,2388.5827068209005,669.2111189163688,1719.3715879045317,2
Walker2d-v5,action_noise,0.5,7,vanilla,3074.054685696721,3074.054685696721,0.0,0
Walker2d-v5,action_noise,0.5,8,klprho0,3135.825110601644,1869.7193430539749,1266.1057675476693,2
Walker2d-v5,action_noise,0.5,9,klprho0,1659.8335944594266,1014.1533023973412,645.6802920620854,1
Walker2d-v5,action_noise,0.5,10,vanilla,2447.204699822908,2447.204699822908,0.0,0
Walker2d-v5,action_noise,0.5,11,klprho0,3242.83693055132,2896.252494855366,346.5844356959542,1
Walker2d-v5,action_noise,0.5,12,klprho0,4052.590324986126,735.9010509618067,3316.6892740243193,2
Walker2d-v5,action_noise,0.5,13,vanilla,2752.817903957384,2752.817903957384,0.0,0
Walker2d-v5,action_noise,0.5,14,klprho0,2411.3566706987663,697.2960173575507,1714.0606533412156,2
Walker2d-v5,action_noise,0.5,15,klprho0,4537.224893666616,2769.9551543511293,1767.2697393154863,2
Walker2d-v5,action_noise,0.5,16,klprho0,2373.5198373323333,1384.5588783443611,988.9609589879722,2
Walker2d-v5,action_noise,0.5,17,vanilla,3020.517285357052,3020.517285357052,0.0,0
Walker2d-v5,action_noise,0.5,18,vanilla,2781.712372559733,2781.712372559733,0.0,0
Walker2d-v5,action_noise,0.5,19,klprho0,3224.252600712557,1466.0896840248918,1758.1629166876653,1
Walker2d-v5,action_noise,0.5,20,klprho0,2103.4222755356745,943.1282487410516,1160.2940267946228,2
Walker2d-v5,action_noise,0.5,21,vanilla,3458.1990743403426,3458.1990743403426,0.0,0
Walker2d-v5,action_noise,0.5,22,klprho0,3334.3512028911164,2728.8186424022533,605.532560488863,2
Walker2d-v5,action_noise,0.5,23,klprho0p05,3454.693830211606,2905.492502016091,549.2013281955151,1
Walker2d-v5,action_noise,0.5,24,vanilla,1828.403112731601,1828.403112731601,0.0,0
Walker2d-v5,action_noise,0.5,25,klprho0p05,5033.532862104445,1847.9815846926065,3185.551277411838,1
Walker2d-v5,action_noise,0.5,26,klprho0p05,2947.7866798909263,1920.98717678215,1026.7995031087762,1
Walker2d-v5,action_noise,0.5,27,klprho0p05,3079.5469694948306,664.9972671670089,2414.5497023278217,2
Walker2d-v5,action_noise,0.5,28,vanilla,4531.493594598851,4531.493594598851,0.0,0
Walker2d-v5,action_noise,0.5,29,vanilla,1725.427085141914,1725.427085141914,0.0,0
Walker2d-v5,action_noise,0.5,30,klprho0,2876.961823289501,1756.6979209418064,1120.2639023476945,2
Walker2d-v5,action_noise,0.5,31,klprho0p05,3616.9844107906174,858.0435150663164,2758.940895724301,2
Walker2d-v5,action_noise,0.5,32,klprho0p05,3130.970978160913,1168.51478624799,1962.456191912923,2
Walker2d-v5,action_noise,0.5,33,klprho0,3213.971047502009,1637.7353703465155,1576.2356771554932,1
Walker2d-v5,action_noise,0.5,34,klprho0p05,2708.409410760027,1717.09892120939,991.3104895506372,1
Walker2d-v5,action_noise,0.5,35,klprho0,4800.843250287948,2466.498179461296,2334.345070826652,1
Walker2d-v5,action_replace,0.5,6,klprho0,222.42296035889385,48.99993346805582,173.42302689083803,2
Walker2d-v5,action_replace,0.5,7,vanilla,249.01790020310173,249.01790020310173,0.0,0
Walker2d-v5,action_replace,0.5,8,klprho0p05,266.65233780171314,116.22217283022184,150.4301649714913,2
Walker2d-v5,action_replace,0.5,9,klprho0,242.35027479624736,240.76197286845627,1.5883019277910932,1
Walker2d-v5,action_replace,0.5,10,klprho0p05,282.4294756421344,138.45865301234113,143.97082262979325,2
Walker2d-v5,action_replace,0.5,11,klprho0p05,198.66635115545705,170.7117396664951,27.954611488961945,1
Walker2d-v5,action_replace,0.5,12,vanilla,274.05418419453434,274.05418419453434,0.0,0
Walker2d-v5,action_replace,0.5,13,klprho0p05,264.5209396814122,193.8187811011892,70.702158580223,1
Walker2d-v5,action_replace,0.5,14,klprho0p05,218.25968750782795,149.534570300659,68.72511720716895,2
Walker2d-v5,action_replace,0.5,15,klprho0p05,311.16853922827,185.47849063305893,125.69004859521107,2
Walker2d-v5,action_replace,0.5,16,klprho0p05,243.14641354756128,190.7392842464423,52.40712930111897,1
Walker2d-v5,action_replace,0.5,17,klprho0p05,203.51786707359383,174.80083535426007,28.71703171933376,1
Walker2d-v5,action_replace,0.5,18,klprho0,218.7750238837598,192.77560222870144,25.99942165505834,2
Walker2d-v5,action_replace,0.5,19,klprho0,245.3949312429725,176.1187837669435,69.276147476029,1
Walker2d-v5,action_replace,0.5,20,klprho0p05,274.832049202338,145.95163174607305,128.88041745626495,2
Walker2d-v5,action_replace,0.5,21,vanilla,222.4790820474616,222.4790820474616,0.0,0
Walker2d-v5,action_replace,0.5,22,klprho0,361.08520560364025,170.02615557241774,191.0590500312225,2
Walker2d-v5,action_replace,0.5,23,klprho0,308.0395370825248,240.29664074833252,67.7428963341923,1
Walker2d-v5,action_replace,0.5,24,klprho0p05,221.21569245043744,77.74330863601257,143.47238381442486,2
Walker2d-v5,action_replace,0.5,25,klprho0p05,205.66806511392187,160.63373617395217,45.0343289399697,2
Walker2d-v5,action_replace,0.5,26,klprho0p05,169.69333702332136,43.14223462034737,126.551102402974,2
Walker2d-v5,action_replace,0.5,27,klprho0p05,256.64589076489665,124.9281818539592,131.71770891093746,2
Walker2d-v5,action_replace,0.5,28,klprho0,131.17614455842917,119.5965654886783,11.579579069750878,1
Walker2d-v5,action_replace,0.5,29,klprho0p05,154.10704297222847,144.68196555839876,9.425077413829712,2
Walker2d-v5,action_replace,0.5,30,vanilla,314.4866620923635,314.4866620923635,0.0,0
Walker2d-v5,action_replace,0.5,31,klprho0,213.4561789606836,165.28025831184675,48.175920648836836,2
Walker2d-v5,action_replace,0.5,32,klprho0p05,205.42372145645632,134.50633231564444,70.91738914081188,2
Walker2d-v5,action_replace,0.5,33,klprho0p05,294.73022043169505,172.7138561164583,122.01636431523676,2
Walker2d-v5,action_replace,0.5,34,klprho0p05,204.8452337039864,106.45322109488818,98.39201260909822,2
Walker2d-v5,action_replace,0.5,35,vanilla,239.38792459140203,239.38792459140203,0.0,0
Walker2d-v5,actuator_gain,0.5,6,klprho0p05,363.5704737834532,273.4695718066145,90.10090197683871,2
Walker2d-v5,actuator_gain,0.5,7,vanilla,396.0293213774669,396.0293213774669,0.0,0
Walker2d-v5,actuator_gain,0.5,8,klprho0p05,418.0500380406349,302.1588797514128,115.89115828922206,2
Walker2d-v5,actuator_gain,0.5,9,klprho0p05,399.23109476792,342.41662156702927,56.814473200890745,1
Walker2d-v5,actuator_gain,0.5,10,klprho0,434.84659376958126,292.8425331266397,142.00406064294157,2
Walker2d-v5,actuator_gain,0.5,11,klprho0p05,361.3279299845312,360.3326834427965,0.995246541734673,1
Walker2d-v5,actuator_gain,0.5,12,klprho0,558.5527129094155,298.62760171733544,259.92511119208007,2
Walker2d-v5,actuator_gain,0.5,13,vanilla,403.9706581594143,403.9706581594143,0.0,0
Walker2d-v5,actuator_gain,0.5,14,klprho0p05,437.8397127647301,339.8816658908099,97.95804687392018,2
Walker2d-v5,actuator_gain,0.5,15,klprho0p05,616.0710265005703,410.3788358046768,205.6921906958935,1
Walker2d-v5,actuator_gain,0.5,16,klprho0p05,424.39098541200735,304.2394949876867,120.15149042432063,2
Walker2d-v5,actuator_gain,0.5,17,klprho0p05,353.4513493298748,345.581053517813,7.870295812061784,1
Walker2d-v5,actuator_gain,0.5,18,klprho0p05,364.0363155455415,313.21419784269506,50.82211770284647,2
Walker2d-v5,actuator_gain,0.5,19,klprho0,465.8345723216594,358.1993408052525,107.63523151640686,2
Walker2d-v5,actuator_gain,0.5,20,vanilla,649.4050460922165,649.4050460922165,0.0,0
Walker2d-v5,actuator_gain,0.5,21,klprho0p05,369.0560411425872,254.5737029432364,114.4823381993508,1
Walker2d-v5,actuator_gain,0.5,22,vanilla,371.5159454240137,371.5159454240137,0.0,0
Walker2d-v5,actuator_gain,0.5,23,klprho0,365.6067977213947,344.93832726101016,20.668470460384526,1
Walker2d-v5,actuator_gain,0.5,24,klprho0,530.7478915837356,312.5624255759756,218.18546600776,2
Walker2d-v5,actuator_gain,0.5,25,klprho0p05,3660.6557118731225,246.83636182673183,3413.819350046391,2
Walker2d-v5,actuator_gain,0.5,26,klprho0p05,263.6605318878011,18.5569413826157,245.1035905051854,1
Walker2d-v5,actuator_gain,0.5,27,klprho0p05,503.709140990356,367.1818822092731,136.52725878108288,2
Walker2d-v5,actuator_gain,0.5,28,klprho0,745.8436690215908,274.92884079079704,470.9148282307938,2
Walker2d-v5,actuator_gain,0.5,29,klprho0,286.9457129185224,281.8734778068387,5.07223511168371,1
Walker2d-v5,actuator_gain,0.5,30,vanilla,384.6105337399197,384.6105337399197,0.0,0
Walker2d-v5,actuator_gain,0.5,31,klprho0p05,350.4238719831274,320.4361376802623,29.987734302865135,2
Walker2d-v5,actuator_gain,0.5,32,klprho0p05,384.4541690503581,1.0812666219292375,383.37290242842886,2
Walker2d-v5,actuator_gain,0.5,33,klprho0,371.61116904232944,329.2607435889697,42.35042545335972,2
Walker2d-v5,actuator_gain,0.5,34,klprho0,353.04894654567033,240.8934619115156,112.15548463415473,2
Walker2d-v5,actuator_gain,0.5,35,klprho0,581.4158962556961,341.018428978697,240.39746727699912,1
Walker2d-v5,damping,0.5,6,klprho0,4240.937112528057,3924.8118337789406,316.1252787491162,2
Walker2d-v5,damping,0.5,7,klprho0,4374.89887043277,3732.739603774692,642.1592666580782,1
Walker2d-v5,damping,0.5,8,klprho0,4457.052887755321,2980.5219032308087,1476.530984524512,2
Walker2d-v5,damping,0.5,9,klprho0,3830.984312904023,3634.628749322111,196.35556358191207,1
Walker2d-v5,damping,0.5,10,vanilla,4427.432451467342,4427.432451467342,0.0,0
Walker2d-v5,damping,0.5,11,vanilla,4053.6583443610166,4053.6583443610166,0.0,0
Walker2d-v5,damping,0.5,12,klprho0,5397.444372063665,3821.919786267408,1575.5245857962564,2
Walker2d-v5,damping,0.5,13,vanilla,4139.783753043217,4139.783753043217,0.0,0
Walker2d-v5,damping,0.5,14,klprho0,4456.456279012212,3938.0540920070825,518.4021870051292,1
Walker2d-v5,damping,0.5,15,klprho0,4717.884945433156,3583.523860380502,1134.3610850526538,2
Walker2d-v5,damping,0.5,16,klprho0,4495.848978446968,3729.2688823648105,766.580096082158,2
Walker2d-v5,damping,0.5,17,klprho0p05,4379.994541798225,3656.982739504792,723.0118022934334,2
Walker2d-v5,damping,0.5,18,vanilla,4757.231594472776,4757.231594472776,0.0,0
Walker2d-v5,damping,0.5,19,klprho0,3757.01499274482,3458.067186804203,298.94780594061695,1
Walker2d-v5,damping,0.5,20,vanilla,4110.524844354936,4110.524844354936,0.0,0
Walker2d-v5,damping,0.5,21,klprho0,5444.481962767977,3888.5561942437657,1555.9257685242114,1
Walker2d-v5,damping,0.5,22,klprho0,4938.59798560691,4123.801506992425,814.7964786144848,2
Walker2d-v5,damping,0.5,23,klprho0p05,4400.5273405980615,3858.173449345205,542.3538912528566,2
Walker2d-v5,damping,0.5,24,vanilla,3429.698636537447,3429.698636537447,0.0,0
Walker2d-v5,damping,0.5,25,klprho0p05,5426.662957831986,4748.907550355577,677.7554074764093,1
Walker2d-v5,damping,0.5,26,vanilla,4392.695739822874,4392.695739822874,0.0,0
Walker2d-v5,damping,0.5,27,klprho0p05,4171.273420702454,3599.537102830924,571.73631787153,2
Walker2d-v5,damping,0.5,28,vanilla,4783.2953467732095,4783.2953467732095,0.0,0
Walker2d-v5,damping,0.5,29,klprho0,4156.270199387604,4098.301611006067,57.9685883815373,1
Walker2d-v5,damping,0.5,30,vanilla,4019.7720084454513,4019.7720084454513,0.0,0
Walker2d-v5,damping,0.5,31,klprho0p05,4217.966074950202,3801.131252186795,416.8348227634069,1
Walker2d-v5,damping,0.5,32,klprho0p05,4823.032319914935,4349.418170108872,473.6141498060633,1
Walker2d-v5,damping,0.5,33,klprho0p05,4074.3035179353055,3665.819276969617,408.4842409656885,2
Walker2d-v5,damping,0.5,34,vanilla,4147.664903784438,4147.664903784438,0.0,0
Walker2d-v5,damping,0.5,35,klprho0,5264.890442039226,3829.7132009441934,1435.177241095033,2
Walker2d-v5,foot_left_actuator_gain,0.5,6,klprho0,811.2257516445358,233.3593885226147,577.866363121921,2
Walker2d-v5,foot_left_actuator_gain,0.5,7,vanilla,1159.666230211766,1159.666230211766,0.0,0
Walker2d-v5,foot_left_actuator_gain,0.5,8,klprho0p05,3786.683941504024,3004.215499736805,782.4684417672188,1
Walker2d-v5,foot_left_actuator_gain,0.5,9,vanilla,3630.127992051085,3630.127992051085,0.0,0
Walker2d-v5,foot_left_actuator_gain,0.5,10,vanilla,1185.388038242933,1185.388038242933,0.0,0
Walker2d-v5,foot_left_actuator_gain,0.5,11,klprho0,490.33255017098,340.1278547525161,150.20469541846393,2
Walker2d-v5,foot_left_actuator_gain,0.5,12,klprho0p05,4137.712213477666,245.05529650392532,3892.6569169737413,2
Walker2d-v5,foot_left_actuator_gain,0.5,13,klprho0,3287.166358783453,1005.156584490762,2282.009774292691,2
Walker2d-v5,foot_left_actuator_gain,0.5,14,klprho0,4442.140256669359,401.73367029924304,4040.4065863701157,2
Walker2d-v5,foot_left_actuator_gain,0.5,15,klprho0,5023.328533205585,3580.618522013241,1442.7100111923437,1
Walker2d-v5,foot_left_actuator_gain,0.5,16,klprho0,4302.875809797468,284.62591049645147,4018.2498993010163,2
Walker2d-v5,foot_left_actuator_gain,0.5,17,vanilla,2093.045377068556,2093.045377068556,0.0,0
Walker2d-v5,foot_left_actuator_gain,0.5,18,vanilla,4164.0167389702,4164.0167389702,0.0,0
Walker2d-v5,foot_left_actuator_gain,0.5,19,klprho0p05,832.3397944727815,329.9327159818426,502.4070784909389,2
Walker2d-v5,foot_left_actuator_gain,0.5,20,klprho0p05,1276.688481614497,283.5926797528618,993.0958018616352,2
Walker2d-v5,foot_left_actuator_gain,0.5,21,klprho0,3325.1571061714067,677.3147695479748,2647.842336623432,2
Walker2d-v5,foot_left_actuator_gain,0.5,22,klprho0,3412.929584226001,3085.2128570374443,327.7167271885569,1
Walker2d-v5,foot_left_actuator_gain,0.5,23,klprho0p05,1931.7267704668552,307.5911326282708,1624.1356378385844,2
Walker2d-v5,foot_left_actuator_gain,0.5,24,klprho0p05,3684.871905959095,549.3475166216728,3135.5243893374222,1
Walker2d-v5,foot_left_actuator_gain,0.5,25,klprho0p05,4742.330223075103,2317.089168991756,2425.241054083347,1
Walker2d-v5,foot_left_actuator_gain,0.5,26,klprho0,3835.2690975721152,535.0318161810472,3300.237281391068,2
Walker2d-v5,foot_left_actuator_gain,0.5,27,klprho0p05,2390.775425090559,480.8626378955034,1909.9127871950557,2
Walker2d-v5,foot_left_actuator_gain,0.5,28,vanilla,4513.113909379659,4513.113909379659,0.0,0
Walker2d-v5,foot_left_actuator_gain,0.5,29,klprho0,4161.054754532815,3969.147843826788,191.90691070602725,1
Walker2d-v5,foot_left_actuator_gain,0.5,30,klprho0,4049.798460362207,719.8286991972607,3329.9697611649462,2
Walker2d-v5,foot_left_actuator_gain,0.5,31,klprho0,3744.798212326582,254.45653932102064,3490.3416730055615,2
Walker2d-v5,foot_left_actuator_gain,0.5,32,klprho0p05,4837.394992185024,577.768105027432,4259.626887157592,2
Walker2d-v5,foot_left_actuator_gain,0.5,33,klprho0p05,4105.888266021457,3561.1497235928628,544.738542428594,1
Walker2d-v5,foot_left_actuator_gain,0.5,34,vanilla,4154.847227273064,4154.847227273064,0.0,0
Walker2d-v5,foot_left_actuator_gain,0.5,35,klprho0,5487.677255455222,2001.2393098603727,3486.437945594849,2
Walker2d-v5,foot_left_damping,0.5,6,klprho0,4250.294211285304,3918.866361487488,331.4278497978162,2
Walker2d-v5,foot_left_damping,0.5,7,klprho0,4315.437418355627,3734.745290031665,580.6921283239626,1
Walker2d-v5,foot_left_damping,0.5,8,klprho0,4464.992408480304,2992.870840557199,1472.1215679231054,2
Walker2d-v5,foot_left_damping,0.5,9,klprho0,3826.962989497354,3637.115943983045,189.84704551430923,1
Walker2d-v5,foot_left_damping,0.5,10,vanilla,4428.287552980158,4428.287552980158,0.0,0
Walker2d-v5,foot_left_damping,0.5,11,vanilla,3982.6595469837766,3982.6595469837766,0.0,0
Walker2d-v5,foot_left_damping,0.5,12,klprho0,5392.582047946871,3829.7285073652542,1562.853540581617,2
Walker2d-v5,foot_left_damping,0.5,13,vanilla,4171.410858677064,4171.410858677064,0.0,0
Walker2d-v5,foot_left_damping,0.5,14,klprho0,4475.2770625055655,3939.7487891478986,535.5282733576669,1
Walker2d-v5,foot_left_damping,0.5,15,klprho0,4724.63541069641,3514.396322159411,1210.2390885369991,2
Walker2d-v5,foot_left_damping,0.5,16,klprho0,4490.659807407717,3730.696248227112,759.9635591806054,2
Walker2d-v5,foot_left_damping,0.5,17,klprho0p05,4388.570135743269,3661.6606004952846,726.9095352479844,1
Walker2d-v5,foot_left_damping,0.5,18,vanilla,4763.747492500033,4763.747492500033,0.0,0
Walker2d-v5,foot_left_damping,0.5,19,klprho0,3750.98734542938,3457.594538415558,293.3928070138222,1
Walker2d-v5,foot_left_damping,0.5,20,vanilla,4115.923706468914,4115.923706468914,0.0,0
Walker2d-v5,foot_left_damping,0.5,21,klprho0,5490.739437891368,3908.5950246142847,1582.144413277083,1
Walker2d-v5,foot_left_damping,0.5,22,klprho0,4939.209231732513,3842.4764552862375,1096.7327764462757,2
Walker2d-v5,foot_left_damping,0.5,23,klprho0p05,4423.969656848169,3859.7797819094617,564.1898749387069,2
Walker2d-v5,foot_left_damping,0.5,24,klprho0,3428.204491179325,3412.101052864139,16.10343831518594,1
Walker2d-v5,foot_left_damping,0.5,25,klprho0p05,5441.007754473816,4696.744029972521,744.2637245012947,1
Walker2d-v5,foot_left_damping,0.5,26,vanilla,4398.003361193034,4398.003361193034,0.0,0
Walker2d-v5,foot_left_damping,0.5,27,klprho0p05,4186.601701095768,3600.8544602640795,585.747240831688,2
Walker2d-v5,foot_left_damping,0.5,28,vanilla,4787.185863550491,4787.185863550491,0.0,0
Walker2d-v5,foot_left_damping,0.5,29,klprho0,4163.09177841457,4117.903896615213,45.187881799357456,1
Walker2d-v5,foot_left_damping,0.5,30,vanilla,3988.807093308196,3988.807093308196,0.0,0
Walker2d-v5,foot_left_damping,0.5,31,klprho0p05,4222.673519051481,3814.245880479713,408.42763857176806,1
Walker2d-v5,foot_left_damping,0.5,32,klprho0p05,4794.013934487308,4366.664028014494,427.3499064728139,1
Walker2d-v5,foot_left_damping,0.5,33,klprho0p05,4073.247498385741,3679.20989887356,394.0375995121808,2
Walker2d-v5,foot_left_damping,0.5,34,vanilla,4140.18371651186,4140.18371651186,0.0,0
Walker2d-v5,foot_left_damping,0.5,35,klprho0,5168.637034128206,3835.3499875455054,1333.287046582701,2
Walker2d-v5,foot_left_friction,0.5,6,klprho0,4252.3920943714165,3900.549746123258,351.8423482481585,1
Walker2d-v5,foot_left_friction,0.5,7,klprho0,4419.72668995044,3690.750000844056,728.9766891063841,1
Walker2d-v5,foot_left_friction,0.5,8,klprho0,4492.382846133107,2996.9583645222788,1495.424481610828,2
Walker2d-v5,foot_left_friction,0.5,9,klprho0,3877.190894705392,3645.691411909015,231.49948279637692,1
Walker2d-v5,foot_left_friction,0.5,10,vanilla,4413.4197484136985,4413.4197484136985,0.0,0
Walker2d-v5,foot_left_friction,0.5,11,vanilla,4111.14656433208,4111.14656433208,0.0,0
Walker2d-v5,foot_left_friction,0.5,12,klprho0,5243.446645596051,3862.568166644088,1380.8784789519632,2
Walker2d-v5,foot_left_friction,0.5,13,vanilla,4108.569841070994,4108.569841070994,0.0,0
Walker2d-v5,foot_left_friction,0.5,14,klprho0,4478.862529740258,3955.9302281507457,522.932301589512,1
Walker2d-v5,foot_left_friction,0.5,15,klprho0,4767.740166038007,3605.344257273123,1162.3959087648846,2
Walker2d-v5,foot_left_friction,0.5,16,klprho0,4493.568964101197,3687.865653278683,805.7033108225137,2
Walker2d-v5,foot_left_friction,0.5,17,klprho0p05,4371.801708633579,3645.958638521376,725.8430701122033,2
Walker2d-v5,foot_left_friction,0.5,18,vanilla,4726.297794306531,4726.297794306531,0.0,0
Walker2d-v5,foot_left_friction,0.5,19,klprho0,3613.566982812743,3370.996761504024,242.57022130871883,1
Walker2d-v5,foot_left_friction,0.5,20,vanilla,4079.0452070419865,4079.0452070419865,0.0,0
Walker2d-v5,foot_left_friction,0.5,21,klprho0,5374.476115020528,3855.75715895102,1518.7189560695078,1
Walker2d-v5,foot_left_friction,0.5,22,klprho0,4738.80988344408,4038.489015163936,700.3208682801437,2
Walker2d-v5,foot_left_friction,0.5,23,klprho0p05,4178.883793160645,3758.684302883704,420.1994902769411,2
Walker2d-v5,foot_left_friction,0.5,24,klprho0p05,3947.215112629808,3397.608606825589,549.6065058042191,2
Walker2d-v5,foot_left_friction,0.5,25,klprho0p05,5321.051553350517,4182.6104476932405,1138.4411056572762,1
Walker2d-v5,foot_left_friction,0.5,26,vanilla,4296.340536946703,4296.340536946703,0.0,0
Walker2d-v5,foot_left_friction,0.5,27,klprho0,3864.7175557631017,3305.6730973287767,559.044458434325,1
Walker2d-v5,foot_left_friction,0.5,28,vanilla,4697.702954927544,4697.702954927544,0.0,0
Walker2d-v5,foot_left_friction,0.5,29,klprho0,4118.400200095217,4035.145498639591,83.25470145562576,1
Walker2d-v5,foot_left_friction,0.5,30,klprho0,4011.315937540815,3998.1170399073794,13.198897633435536,1
Walker2d-v5,foot_left_friction,0.5,31,klprho0p05,4242.064735327921,3814.596568053597,427.46816727432406,1
Walker2d-v5,foot_left_friction,0.5,32,klprho0p05,4773.417389008375,4371.773137775168,401.6442512332069,1
Walker2d-v5,foot_left_friction,0.5,33,klprho0,4079.4118905536097,3664.592002768887,414.8198877847226,2
Walker2d-v5,foot_left_friction,0.5,34,vanilla,4148.653209109201,4148.653209109201,0.0,0
Walker2d-v5,foot_left_friction,0.5,35,klprho0p05,4238.174896495144,3851.379662169631,386.79523432551287,2
Walker2d-v5,foot_left_mass,0.5,6,klprho0,4502.964491672379,2375.7651339709782,2127.199357701401,2
Walker2d-v5,foot_left_mass,0.5,7,vanilla,3672.4039360183497,3672.4039360183497,0.0,0
Walker2d-v5,foot_left_mass,0.5,8,klprho0,4489.097374704285,3045.018531926399,1444.0788427778862,1
Walker2d-v5,foot_left_mass,0.5,9,klprho0,3883.395326281031,3811.834900308356,71.56042597267515,1
Walker2d-v5,foot_left_mass,0.5,10,klprho0p05,4118.26775920828,1743.9411179247606,2374.326641283519,2
Walker2d-v5,foot_left_mass,0.5,11,vanilla,3985.096789117362,3985.096789117362,0.0,0
Walker2d-v5,foot_left_mass,0.5,12,klprho0,5142.368505960932,3767.407500366972,1374.9610055939606,2
Walker2d-v5,foot_left_mass,0.5,13,vanilla,4200.016140914566,4200.016140914566,0.0,0
Walker2d-v5,foot_left_mass,0.5,14,klprho0,4416.686995413698,3788.333805842152,628.3531895715464,1
Walker2d-v5,foot_left_mass,0.5,15,klprho0,4620.062722017481,3104.8921848843943,1515.1705371330868,2
Walker2d-v5,foot_left_mass,0.5,16,klprho0,4211.7922891965245,3764.724321397676,447.0679677988487,1
Walker2d-v5,foot_left_mass,0.5,17,klprho0p05,4429.132122019221,3825.060830977549,604.0712910416723,2
Walker2d-v5,foot_left_mass,0.5,18,klprho0p05,3939.636927738297,2669.4647746264773,1270.1721531118196,2
Walker2d-v5,foot_left_mass,0.5,19,klprho0,3699.454044616669,3437.159059585002,262.2949850316668,1
Walker2d-v5,foot_left_mass,0.5,20,vanilla,4184.904870533037,4184.904870533037,0.0,0
Walker2d-v5,foot_left_mass,0.5,21,klprho0,5056.4274510792575,3903.023964239752,1153.4034868395056,1
Walker2d-v5,foot_left_mass,0.5,22,klprho0p05,4554.385122473974,3036.459675859629,1517.9254466143448,2
Walker2d-v5,foot_left_mass,0.5,23,klprho0,3922.688391188474,3912.933689004402,9.754702184071903,1
Walker2d-v5,foot_left_mass,0.5,24,vanilla,4038.574676059046,4038.574676059046,0.0,0
Walker2d-v5,foot_left_mass,0.5,25,klprho0p05,4303.850073357289,4235.599816962901,68.25025639438809,1
Walker2d-v5,foot_left_mass,0.5,26,vanilla,4561.829199438633,4561.829199438633,0.0,0
Walker2d-v5,foot_left_mass,0.5,27,klprho0p05,4208.505488264552,3113.56184022067,1094.9436480438817,2
Walker2d-v5,foot_left_mass,0.5,28,vanilla,4659.584275166878,4659.584275166878,0.0,0
Walker2d-v5,foot_left_mass,0.5,29,vanilla,3837.068064569985,3837.068064569985,0.0,0
Walker2d-v5,foot_left_mass,0.5,30,klprho0p05,3911.732019031918,3798.823667167536,112.90835186438198,2
Walker2d-v5,foot_left_mass,0.5,31,klprho0p05,4273.137434932065,3480.98580729941,792.1516276326547,2
Walker2d-v5,foot_left_mass,0.5,32,klprho0,4504.265597555068,4232.162140397698,272.10345715737003,2
Walker2d-v5,foot_left_mass,0.5,33,vanilla,3798.530544231037,3798.530544231037,0.0,0
Walker2d-v5,foot_left_mass,0.5,34,vanilla,4269.27373709517,4269.27373709517,0.0,0
Walker2d-v5,foot_left_mass,0.5,35,klprho0,5113.039165049969,3601.564830695621,1511.4743343543478,2
Walker2d-v5,friction,0.5,6,vanilla,3873.694193567954,3873.694193567954,0.0,0
Walker2d-v5,friction,0.5,7,klprho0,3960.250935939782,3562.006228234396,398.24470770538574,1
Walker2d-v5,friction,0.5,8,klprho0,4024.739426034539,3002.968261876014,1021.7711641585252,1
Walker2d-v5,friction,0.5,9,vanilla,3629.235157344226,3629.235157344226,0.0,0
Walker2d-v5,friction,0.5,10,vanilla,3921.396137979963,3921.396137979963,0.0,0
Walker2d-v5,friction,0.5,11,klprho0p05,3305.9417492611465,1175.4205280386154,2130.521221222531,2
Walker2d-v5,friction,0.5,12,klprho0,5162.964617750861,3855.3852989532425,1307.5793187976187,2
Walker2d-v5,friction,0.5,13,vanilla,4061.394504114348,4061.394504114348,0.0,0
Walker2d-v5,friction,0.5,14,klprho0,4045.3942906773977,4033.333080880425,12.06120979697289,1
Walker2d-v5,friction,0.5,15,klprho0,4287.111869923157,2555.8909440418947,1731.2209258812627,2
Walker2d-v5,friction,0.5,16,vanilla,3692.5283252061977,3692.5283252061977,0.0,0
Walker2d-v5,friction,0.5,17,klprho0p05,4338.120463730548,3613.0476510997264,725.0728126308218,1
Walker2d-v5,friction,0.5,18,vanilla,3406.4584698016297,3406.4584698016297,0.0,0
Walker2d-v5,friction,0.5,19,vanilla,3373.3582166307474,3373.3582166307474,0.0,0
Walker2d-v5,friction,0.5,20,vanilla,3851.186192592229,3851.186192592229,0.0,0
Walker2d-v5,friction,0.5,21,klprho0,4393.736274417275,3846.7415342963695,546.9947401209056,1
Walker2d-v5,friction,0.5,22,klprho0p05,4584.446763230968,2382.518139720564,2201.928623510404,2
Walker2d-v5,friction,0.5,23,klprho0,4177.184916722773,3765.6739130286296,411.51100369414326,2
Walker2d-v5,friction,0.5,24,klprho0,3324.7460556280043,2168.894117361452,1155.8519382665522,1
Walker2d-v5,friction,0.5,25,klprho0p05,4932.525754415652,4154.3985374765525,778.1272169390995,1
Walker2d-v5,friction,0.5,26,klprho0p05,3313.543029250048,985.3436660944684,2328.1993631555797,2
Walker2d-v5,friction,0.5,27,klprho0p05,3730.737033607768,3314.2631432904445,416.47389031732337,1
Walker2d-v5,friction,0.5,28,vanilla,3406.6098563702494,3406.6098563702494,0.0,0
Walker2d-v5,friction,0.5,29,vanilla,3899.952386227003,3899.952386227003,0.0,0
Walker2d-v5,friction,0.5,30,klprho0,3794.456548458869,2507.8388706334385,1286.6176778254303,2
Walker2d-v5,friction,0.5,31,klprho0p05,4278.338450137507,3563.3510185351784,714.9874316023283,2
Walker2d-v5,friction,0.5,32,klprho0,4059.408562147856,3152.700480915661,906.7080812321951,2
Walker2d-v5,friction,0.5,33,klprho0,3341.089613121916,3265.370134541682,75.71947858023395,1
Walker2d-v5,friction,0.5,34,vanilla,3035.205025457838,3035.205025457838,0.0,0
Walker2d-v5,friction,0.5,35,vanilla,3845.273818589917,3845.273818589917,0.0,0
Walker2d-v5,friction_damping,0.5,6,klprho0,4019.8794650406912,3864.717233905833,155.1622311348583,1
Walker2d-v5,friction_damping,0.5,7,klprho0,3933.092731816604,3563.272924117064,369.81980769954,1
Walker2d-v5,friction_damping,0.5,8,klprho0,4139.749007333588,2995.6811944803217,1144.0678128532668,1
Walker2d-v5,friction_damping,0.5,9,klprho0,3611.1245318959336,3611.043039714293,0.08149218164044214,1
Walker2d-v5,friction_damping,0.5,10,vanilla,4097.5576317290215,4097.5576317290215,0.0,0
Walker2d-v5,friction_damping,0.5,11,klprho0p05,3253.515577194691,1210.978733217994,2042.5368439766971,2
Walker2d-v5,friction_damping,0.5,12,klprho0,5166.737708574875,3844.736820924568,1322.000887650307,2
Walker2d-v5,friction_damping,0.5,13,vanilla,3721.635111797122,3721.635111797122,0.0,0
Walker2d-v5,friction_damping,0.5,14,vanilla,4044.6414468735215,4044.6414468735215,0.0,0
Walker2d-v5,friction_damping,0.5,15,klprho0,4443.3519113800585,2889.341679468006,1554.0102319120524,2
Walker2d-v5,friction_damping,0.5,16,vanilla,3685.492726995765,3685.492726995765,0.0,0
Walker2d-v5,friction_damping,0.5,17,klprho0p05,4336.005495470964,3614.7764246910856,721.2290707798784,1
Walker2d-v5,friction_damping,0.5,18,vanilla,3653.058955264515,3653.058955264515,0.0,0
Walker2d-v5,friction_damping,0.5,19,vanilla,3368.835676999201,3368.835676999201,0.0,0
Walker2d-v5,friction_damping,0.5,20,vanilla,4034.575271898707,4034.575271898707,0.0,0
Walker2d-v5,friction_damping,0.5,21,klprho0,4283.999262561809,3664.7917050035735,619.2075575582353,1
Walker2d-v5,friction_damping,0.5,22,klprho0,4588.131027740182,2490.780527990292,2097.35049974989,2
Walker2d-v5,friction_damping,0.5,23,klprho0,4169.384099043969,3761.451489472349,407.93260957162056,2
Walker2d-v5,friction_damping,0.5,24,klprho0,3442.569645280232,2573.1016112407697,869.4680340394625,1
Walker2d-v5,friction_damping,0.5,25,klprho0p05,4909.901111557409,4211.179448744547,698.7216628128626,1
Walker2d-v5,friction_damping,0.5,26,klprho0p05,3130.6042781704,1356.4089336473294,1774.1953445230706,2
Walker2d-v5,friction_damping,0.5,27,klprho0p05,4102.34435603526,3471.259919844391,631.0844361908689,1
Walker2d-v5,friction_damping,0.5,28,klprho0p05,3216.0450676991595,2883.5393500874648,332.50571761169476,1
Walker2d-v5,friction_damping,0.5,29,vanilla,4030.860329622506,4030.860329622506,0.0,0
Walker2d-v5,friction_damping,0.5,30,klprho0p05,3591.780454782572,2969.141801023675,622.6386537588974,2
Walker2d-v5,friction_damping,0.5,31,klprho0p05,4269.599416855928,3538.846871726821,730.7525451291071,2
Walker2d-v5,friction_damping,0.5,32,klprho0,4080.931098050381,2362.853442880997,1718.077655169384,2
Walker2d-v5,friction_damping,0.5,33,klprho0,3395.5184673910967,3206.956573747831,188.56189364326565,1
Walker2d-v5,friction_damping,0.5,34,vanilla,3498.7144661881293,3498.7144661881293,0.0,0
Walker2d-v5,friction_damping,0.5,35,vanilla,3842.2854465471055,3842.2854465471055,0.0,0
Walker2d-v5,friction_mass,0.5,6,klprho0,2976.920201498209,2318.4040827726776,658.5161187255312,1
Walker2d-v5,friction_mass,0.5,7,klprho0,3317.9809103605585,369.04065262351,2948.9402577370483,1
Walker2d-v5,friction_mass,0.5,8,klprho0,4247.003054396901,2490.304229702192,1756.6988246947085,2
Walker2d-v5,friction_mass,0.5,9,klprho0,3114.418151834856,2073.3337630188425,1041.0843888160134,2
Walker2d-v5,friction_mass,0.5,10,vanilla,2244.695759058938,2244.695759058938,0.0,0
Walker2d-v5,friction_mass,0.5,11,vanilla,2609.6642982007093,2609.6642982007093,0.0,0
Walker2d-v5,friction_mass,0.5,12,klprho0,4168.228124063584,2718.3087743679084,1449.9193496956755,2
Walker2d-v5,friction_mass,0.5,13,vanilla,3161.9102027357853,3161.9102027357853,0.0,0
Walker2d-v5,friction_mass,0.5,14,klprho0p05,2825.3922416367336,253.3340475948393,2572.0581940418942,2
Walker2d-v5,friction_mass,0.5,15,vanilla,2036.668645827944,2036.668645827944,0.0,0
Walker2d-v5,friction_mass,0.5,16,vanilla,3224.1126283414505,3224.1126283414505,0.0,0
Walker2d-v5,friction_mass,0.5,17,klprho0,3610.243919188864,3231.5030545354607,378.74086465340315,1
Walker2d-v5,friction_mass,0.5,18,klprho0,3706.526228446638,3437.720373057958,268.8058553886799,2
Walker2d-v5,friction_mass,0.5,19,vanilla,2892.474409029636,2892.474409029636,0.0,0
Walker2d-v5,friction_mass,0.5,20,vanilla,2678.541530705093,2678.541530705093,0.0,0
Walker2d-v5,friction_mass,0.5,21,vanilla,3462.45468928229,3462.45468928229,0.0,0
Walker2d-v5,friction_mass,0.5,22,klprho0p05,4176.832359800334,2602.8463597113355,1573.986000088999,2
Walker2d-v5,friction_mass,0.5,23,klprho0p05,3826.854266041241,2295.64972752594,1531.204538515301,2
Walker2d-v5,friction_mass,0.5,24,klprho0,2729.0899644938545,1960.640835379339,768.4491291145155,1
Walker2d-v5,friction_mass,0.5,25,klprho0p05,3174.637652960192,2372.41089574864,802.226757211552,1
Walker2d-v5,friction_mass,0.5,26,vanilla,3691.526318521114,3691.526318521114,0.0,0
Walker2d-v5,friction_mass,0.5,27,klprho0p05,2786.813566185146,1418.7720981721018,1368.0414680130443,1
Walker2d-v5,friction_mass,0.5,28,vanilla,3206.9611566096705,3206.9611566096705,0.0,0
Walker2d-v5,friction_mass,0.5,29,vanilla,2927.292610128176,2927.292610128176,0.0,0
Walker2d-v5,friction_mass,0.5,30,klprho0,2964.075183874392,438.0843502133536,2525.990833661039,2
Walker2d-v5,friction_mass,0.5,31,klprho0p05,3925.865978970115,1708.5715222187446,2217.2944567513705,2
Walker2d-v5,friction_mass,0.5,32,klprho0,3140.9278494927785,3037.405546982448,103.52230251033052,1
Walker2d-v5,friction_mass,0.5,33,klprho0,2133.083817545719,2117.750630002348,15.333187543370968,1
Walker2d-v5,friction_mass,0.5,34,vanilla,3042.357564531038,3042.357564531038,0.0,0
Walker2d-v5,friction_mass,0.5,35,vanilla,2658.283555280642,2658.283555280642,0.0,0
Walker2d-v5,friction_mass_damping,0.5,6,klprho0,2840.047434916654,2128.1693359041847,711.8780990124692,1
Walker2d-v5,friction_mass_damping,0.5,7,klprho0,3919.139115039684,645.9556956128218,3273.183419426862,1
Walker2d-v5,friction_mass_damping,0.5,8,klprho0,3917.987526363743,2372.91983471384,1545.0676916499033,2
Walker2d-v5,friction_mass_damping,0.5,9,klprho0,3521.757920819678,2283.8563380047667,1237.9015828149113,2
Walker2d-v5,friction_mass_damping,0.5,10,vanilla,2942.338845421068,2942.338845421068,0.0,0
Walker2d-v5,friction_mass_damping,0.5,11,vanilla,2620.818489827365,2620.818489827365,0.0,0
Walker2d-v5,friction_mass_damping,0.5,12,klprho0,4516.108009046852,2723.894083678366,1792.2139253684863,2
Walker2d-v5,friction_mass_damping,0.5,13,vanilla,3371.6395722805414,3371.6395722805414,0.0,0
Walker2d-v5,friction_mass_damping,0.5,14,klprho0p05,2770.2870918037474,271.22310548464463,2499.0639863191027,2
Walker2d-v5,friction_mass_damping,0.5,15,klprho0,1853.78955314902,1837.1517833485768,16.637769800443266,1
Walker2d-v5,friction_mass_damping,0.5,16,klprho0,3225.1858028465804,3210.7097472927144,14.47605555386599,1
Walker2d-v5,friction_mass_damping,0.5,17,klprho0,3764.375042798461,3115.0609154608,649.3141273376609,1
Walker2d-v5,friction_mass_damping,0.5,18,vanilla,3607.2065525691823,3607.2065525691823,0.0,0
Walker2d-v5,friction_mass_damping,0.5,19,vanilla,2789.222921058405,2789.222921058405,0.0,0
Walker2d-v5,friction_mass_damping,0.5,20,vanilla,1924.983871018936,1924.983871018936,0.0,0
Walker2d-v5,friction_mass_damping,0.5,21,vanilla,3575.517621124493,3575.517621124493,0.0,0
Walker2d-v5,friction_mass_damping,0.5,22,klprho0p05,4048.827020959863,2328.1876097156146,1720.6394112442485,2
Walker2d-v5,friction_mass_damping,0.5,23,klprho0,3387.967475339273,2496.846566304279,891.1209090349939,2
Walker2d-v5,friction_mass_damping,0.5,24,klprho0,2832.329723736741,2023.468061440484,808.861662296257,1
Walker2d-v5,friction_mass_damping,0.5,25,klprho0p05,4456.7934639739005,2357.0294071133044,2099.764056860596,1
Walker2d-v5,friction_mass_damping,0.5,26,vanilla,3196.635794235542,3196.635794235542,0.0,0
Walker2d-v5,friction_mass_damping,0.5,27,klprho0p05,3432.6633852646373,1526.1187210984208,1906.5446641662165,1
Walker2d-v5,friction_mass_damping,0.5,28,vanilla,3473.4836259827694,3473.4836259827694,0.0,0
Walker2d-v5,friction_mass_damping,0.5,29,vanilla,2932.946133722943,2932.946133722943,0.0,0
Walker2d-v5,friction_mass_damping,0.5,30,klprho0,2390.3901055553383,390.0007904627961,2000.3893150925423,2
Walker2d-v5,friction_mass_damping,0.5,31,klprho0p05,3895.475868493026,1055.0920113603734,2840.383857132653,2
Walker2d-v5,friction_mass_damping,0.5,32,vanilla,3316.8023975841643,3316.8023975841643,0.0,0
Walker2d-v5,friction_mass_damping,0.5,33,klprho0p05,2226.2617921214683,2188.1169815333137,38.14481058815454,1
Walker2d-v5,friction_mass_damping,0.5,34,vanilla,3173.88755806653,3173.88755806653,0.0,0
Walker2d-v5,friction_mass_damping,0.5,35,vanilla,2951.599302183625,2951.599302183625,0.0,0
Walker2d-v5,leg_left_actuator_gain,0.5,6,klprho0,4051.767790066132,3880.9220572845015,170.84573278163043,2
Walker2d-v5,leg_left_actuator_gain,0.5,7,klprho0,3976.1895991444894,3593.817783159354,382.3718159851355,1
Walker2d-v5,leg_left_actuator_gain,0.5,8,klprho0,4488.279220661176,3005.9413367726675,1482.3378838885083,2
Walker2d-v5,leg_left_actuator_gain,0.5,9,klprho0,3784.555920799183,3660.713974670454,123.84194612872898,1
Walker2d-v5,leg_left_actuator_gain,0.5,10,klprho0p05,3945.5776363305786,2737.433685394727,1208.1439509358515,1
Walker2d-v5,leg_left_actuator_gain,0.5,11,vanilla,4229.763870086696,4229.763870086696,0.0,0
Walker2d-v5,leg_left_actuator_gain,0.5,12,klprho0,4892.826344599362,3901.5399397087226,991.286404890639,2
Walker2d-v5,leg_left_actuator_gain,0.5,13,klprho0,3670.500912938695,2722.2307996465925,948.2701132921025,1
Walker2d-v5,leg_left_actuator_gain,0.5,14,klprho0,4411.785105095423,4065.161794039874,346.62331105554904,1
Walker2d-v5,leg_left_actuator_gain,0.5,15,klprho0,4695.577315274083,3491.57616508597,1204.0011501881131,2
Walker2d-v5,leg_left_actuator_gain,0.5,16,klprho0,4376.463725351702,3706.735266951614,669.7284584000881,2
Walker2d-v5,leg_left_actuator_gain,0.5,17,klprho0p05,4366.448069828907,3629.975806865922,736.472262962985,1
Walker2d-v5,leg_left_actuator_gain,0.5,18,vanilla,4757.672741317341,4757.672741317341,0.0,0
Walker2d-v5,leg_left_actuator_gain,0.5,19,klprho0,3747.204508873485,3510.5551186988696,236.6493901746153,1
Walker2d-v5,leg_left_actuator_gain,0.5,20,vanilla,3892.422672314167,3892.422672314167,0.0,0
Walker2d-v5,leg_left_actuator_gain,0.5,21,klprho0,5492.703572608606,3885.837762251655,1606.865810356951,1
Walker2d-v5,leg_left_actuator_gain,0.5,22,klprho0,4805.922790281943,3644.5530219023394,1161.3697683796036,2
Walker2d-v5,leg_left_actuator_gain,0.5,23,klprho0p05,4235.368970140274,3840.6158448815454,394.75312525872823,1
Walker2d-v5,leg_left_actuator_gain,0.5,24,klprho0p05,3613.5053636755447,2452.368168815562,1161.1371948599826,2
Walker2d-v5,leg_left_actuator_gain,0.5,25,klprho0p05,5446.076599440168,4330.167979099919,1115.9086203402494,1
Walker2d-v5,leg_left_actuator_gain,0.5,26,vanilla,4263.507566969684,4263.507566969684,0.0,0
Walker2d-v5,leg_left_actuator_gain,0.5,27,klprho0p05,4153.617336558998,3514.643309228521,638.9740273304774,2
Walker2d-v5,leg_left_actuator_gain,0.5,28,vanilla,4294.238395296061,4294.238395296061,0.0,0
Walker2d-v5,leg_left_actuator_gain,0.5,29,klprho0,4101.0217645909415,3883.066660571357,217.95510401958472,1
Walker2d-v5,leg_left_actuator_gain,0.5,30,vanilla,4013.6054059339913,4013.6054059339913,0.0,0
Walker2d-v5,leg_left_actuator_gain,0.5,31,klprho0p05,4157.849602241298,3056.892804941848,1100.95679729945,2
Walker2d-v5,leg_left_actuator_gain,0.5,32,klprho0p05,4691.414365140517,4326.137585821786,365.2767793187304,1
Walker2d-v5,leg_left_actuator_gain,0.5,33,klprho0,4024.8144563041087,3600.8670728495936,423.94738345451515,2
Walker2d-v5,leg_left_actuator_gain,0.5,34,vanilla,4100.895079446387,4100.895079446387,0.0,0
Walker2d-v5,leg_left_actuator_gain,0.5,35,klprho0p05,4216.852361655864,3791.944656146696,424.90770550916795,1
Walker2d-v5,leg_left_damping,0.5,6,klprho0,4253.380438954557,3919.0465969479,334.3338420066566,2
Walker2d-v5,leg_left_damping,0.5,7,klprho0,4459.208367880812,3714.816052207733,744.3923156730793,1
Walker2d-v5,leg_left_damping,0.5,8,klprho0,4469.5769819551215,2990.252685270473,1479.3242966846483,2
Walker2d-v5,leg_left_damping,0.5,9,klprho0,3832.8498593314607,3640.918629147237,191.93123018422375,1
Walker2d-v5,leg_left_damping,0.5,10,vanilla,4411.179790947991,4411.179790947991,0.0,0
Walker2d-v5,leg_left_damping,0.5,11,klprho0,4091.304566616781,4023.240907928646,68.06365868813509,1
Walker2d-v5,leg_left_damping,0.5,12,klprho0,5387.221824540272,3825.608173986237,1561.6136505540348,2
Walker2d-v5,leg_left_damping,0.5,13,vanilla,4148.315700192425,4148.315700192425,0.0,0
Walker2d-v5,leg_left_damping,0.5,14,klprho0,4471.744296823473,3934.3432638394393,537.4010329840335,1
Walker2d-v5,leg_left_damping,0.5,15,klprho0,4733.397518945499,3599.0139320612834,1134.3835868842152,2
Walker2d-v5,leg_left_damping,0.5,16,klprho0,4470.783619860916,3730.6883895164256,740.0952303444901,2
Walker2d-v5,leg_left_damping,0.5,17,klprho0p05,4384.253294453971,3655.249704431864,729.0035900221069,2
Walker2d-v5,leg_left_damping,0.5,18,vanilla,4762.541001744752,4762.541001744752,0.0,0
Walker2d-v5,leg_left_damping,0.5,19,klprho0,3767.223842742912,3458.5712833226257,308.65255942028625,1
Walker2d-v5,leg_left_damping,0.5,20,klprho0,4246.0904599756495,4118.431195666202,127.65926430944728,1
Walker2d-v5,leg_left_damping,0.5,21,klprho0,5474.83725191507,3901.848017107376,1572.9892348076937,1
Walker2d-v5,leg_left_damping,0.5,22,klprho0,4926.986667354673,3904.419697337372,1022.5669700173012,2
Walker2d-v5,leg_left_damping,0.5,23,klprho0p05,4396.680331902795,3859.093669208383,537.5866626944121,2
Walker2d-v5,leg_left_damping,0.5,24,klprho0,3432.915886105504,3416.5757077604662,16.340178345037657,1
Walker2d-v5,leg_left_damping,0.5,25,klprho0p05,5232.398696904285,4785.749245591084,446.6494513132011,1
Walker2d-v5,leg_left_damping,0.5,26,vanilla,4399.446140723076,4399.446140723076,0.0,0
Walker2d-v5,leg_left_damping,0.5,27,klprho0p05,4158.8273972807765,3422.634838777075,736.1925585037015,2
Walker2d-v5,leg_left_damping,0.5,28,vanilla,4765.199373792691,4765.199373792691,0.0,0
Walker2d-v5,leg_left_damping,0.5,29,klprho0,4163.044070060586,4113.154241521832,49.889828538754045,1
Walker2d-v5,leg_left_damping,0.5,30,vanilla,4036.82741225468,4036.82741225468,0.0,0
Walker2d-v5,leg_left_damping,0.5,31,klprho0p05,4230.025481509372,3805.2475110876985,424.7779704216737,1
Walker2d-v5,leg_left_damping,0.5,32,klprho0p05,4794.659014950229,4368.113449612645,426.54556533758387,1
Walker2d-v5,leg_left_damping,0.5,33,klprho0p05,4066.781383593765,3667.36197220612,399.41941138764514,2
Walker2d-v5,leg_left_damping,0.5,34,vanilla,4136.771366920157,4136.771366920157,0.0,0
Walker2d-v5,leg_left_damping,0.5,35,klprho0,5377.322884224549,3833.519209646041,1543.803674578508,2
Walker2d-v5,leg_left_mass,0.5,6,klprho0,4337.129217777093,3979.885367520575,357.2438502565178,2
Walker2d-v5,leg_left_mass,0.5,7,klprho0,4025.419039982399,3728.218381137724,297.2006588446752,1
Walker2d-v5,leg_left_mass,0.5,8,klprho0,4591.344836461801,3015.5639330387976,1575.780903423003,2
Walker2d-v5,leg_left_mass,0.5,9,klprho0,3886.995185586648,3711.654699788463,175.340485798185,1
Walker2d-v5,leg_left_mass,0.5,10,vanilla,4442.400625130246,4442.400625130246,0.0,0
Walker2d-v5,leg_left_mass,0.5,11,vanilla,4057.881531960161,4057.881531960161,0.0,0
Walker2d-v5,leg_left_mass,0.5,12,klprho0,5398.46504243951,3860.608775350639,1537.8562670888714,2
Walker2d-v5,leg_left_mass,0.5,13,vanilla,4266.843922623031,4266.843922623031,0.0,0
Walker2d-v5,leg_left_mass,0.5,14,klprho0,4462.42381319521,3982.232176555317,480.19163663989275,1
Walker2d-v5,leg_left_mass,0.5,15,klprho0,4770.856383210336,3657.76470174844,1113.0916814618963,2
Walker2d-v5,leg_left_mass,0.5,16,klprho0,4513.399469960166,3783.969977853845,729.429492106321,1
Walker2d-v5,leg_left_mass,0.5,17,klprho0p05,4445.8517704327805,3786.864584736813,658.9871856959676,2
Walker2d-v5,leg_left_mass,0.5,18,vanilla,4749.408759148921,4749.408759148921,0.0,0
Walker2d-v5,leg_left_mass,0.5,19,klprho0,3713.2024282720986,3530.149714973664,183.0527132984348,1
Walker2d-v5,leg_left_mass,0.5,20,vanilla,4128.298229574059,4128.298229574059,0.0,0
Walker2d-v5,leg_left_mass,0.5,21,klprho0,4452.687402248936,3932.307638889477,520.3797633594595,1
Walker2d-v5,leg_left_mass,0.5,22,klprho0,4818.761817847428,3258.460986718032,1560.3008311293956,2
Walker2d-v5,leg_left_mass,0.5,23,klprho0p05,4530.243512492633,3883.842974780696,646.4005377119374,2
Walker2d-v5,leg_left_mass,0.5,24,vanilla,3826.066661625513,3826.066661625513,0.0,0
Walker2d-v5,leg_left_mass,0.5,25,klprho0p05,5547.059371957304,4863.091520183212,683.9678517740922,1
Walker2d-v5,leg_left_mass,0.5,26,vanilla,4446.795121953861,4446.795121953861,0.0,0
Walker2d-v5,leg_left_mass,0.5,27,klprho0p05,4173.358837500642,3634.276643707949,539.082193792693,2
Walker2d-v5,leg_left_mass,0.5,28,vanilla,4740.876116904527,4740.876116904527,0.0,0
Walker2d-v5,leg_left_mass,0.5,29,klprho0,4254.735076261183,4077.9079760778345,176.82710018334865,1
Walker2d-v5,leg_left_mass,0.5,30,klprho0,4111.700185334328,4004.680947120122,107.01923821420633,1
Walker2d-v5,leg_left_mass,0.5,31,klprho0p05,4282.142423391272,3798.788255759424,483.3541676318482,1
Walker2d-v5,leg_left_mass,0.5,32,klprho0p05,4646.782236043891,4431.729941392927,215.05229465096454,1
Walker2d-v5,leg_left_mass,0.5,33,klprho0p05,4077.425917282668,3777.256858212336,300.16905907033197,1
Walker2d-v5,leg_left_mass,0.5,34,vanilla,4224.185020944007,4224.185020944007,0.0,0
Walker2d-v5,leg_left_mass,0.5,35,klprho0,5330.6778760299785,3948.868451752156,1381.8094242778225,2
Walker2d-v5,mass,0.5,6,klprho0,3841.1591749122,2065.2438515280646,1775.9153233841353,1
Walker2d-v5,mass,0.5,7,klprho0,3484.9082883491187,398.6234855498435,3086.284802799275,1
Walker2d-v5,mass,0.5,8,klprho0,4270.756994952171,901.3836026666144,3369.3733922855567,2
Walker2d-v5,mass,0.5,9,klprho0,3273.7623241264573,1733.0915679835337,1540.6707561429237,2
Walker2d-v5,mass,0.5,10,vanilla,3025.0915769869125,3025.0915769869125,0.0,0
Walker2d-v5,mass,0.5,11,vanilla,3523.2070263438386,3523.2070263438386,0.0,0
Walker2d-v5,mass,0.5,12,klprho0,4576.486543600133,2240.2481223382915,2336.2384212618413,2
Walker2d-v5,mass,0.5,13,vanilla,3605.809292262597,3605.809292262597,0.0,0
Walker2d-v5,mass,0.5,14,klprho0p05,3156.770547600687,252.85148017076412,2903.919067429923,2
Walker2d-v5,mass,0.5,15,vanilla,2950.2565972043617,2950.2565972043617,0.0,0
Walker2d-v5,mass,0.5,16,klprho0,3296.876884429469,3194.244416339271,102.63246809019802,1
Walker2d-v5,mass,0.5,17,klprho0,3450.7065482966486,3106.551579184318,344.1549691123305,1
Walker2d-v5,mass,0.5,18,vanilla,4099.484550539388,4099.484550539388,0.0,0
Walker2d-v5,mass,0.5,19,vanilla,2524.514458843481,2524.514458843481,0.0,0
Walker2d-v5,mass,0.5,20,klprho0,3687.8257739862975,2549.6374316388583,1138.1883423474392,1
Walker2d-v5,mass,0.5,21,vanilla,3120.033859844874,3120.033859844874,0.0,0
Walker2d-v5,mass,0.5,22,klprho0p05,4013.720224111899,2877.079821618873,1136.6404024930257,2
Walker2d-v5,mass,0.5,23,klprho0,3441.500875452636,3077.204864965322,364.2960104873141,2
Walker2d-v5,mass,0.5,24,klprho0,3112.0379082028267,2518.372361554942,593.6655466478846,1
Walker2d-v5,mass,0.5,25,klprho0p05,4683.3545515754,3827.27473595683,856.0798156185701,1
Walker2d-v5,mass,0.5,26,klprho0,3719.1245251703135,3346.288663244441,372.83586192587245,1
Walker2d-v5,mass,0.5,27,klprho0p05,3138.961351095334,2216.930738891016,922.030612204318,1
Walker2d-v5,mass,0.5,28,vanilla,3592.87447363342,3592.87447363342,0.0,0
Walker2d-v5,mass,0.5,29,vanilla,3053.8979713871004,3053.8979713871004,0.0,0
Walker2d-v5,mass,0.5,30,klprho0p05,3055.8694436128726,360.9103232706293,2694.9591203422433,2
Walker2d-v5,mass,0.5,31,klprho0p05,3961.632023304984,1759.9762436001893,2201.655779704795,2
Walker2d-v5,mass,0.5,32,vanilla,3235.680993587105,3235.680993587105,0.0,0
Walker2d-v5,mass,0.5,33,klprho0,2633.55659819889,2104.0549315717462,529.5016666271435,2
Walker2d-v5,mass,0.5,34,vanilla,2495.6721644569766,2495.6721644569766,0.0,0
Walker2d-v5,mass,0.5,35,klprho0,4568.80379736268,2682.6514546785065,1886.1523426841732,2
Walker2d-v5,mass_damping,0.5,6,klprho0,3804.998378165013,2112.923717187213,1692.0746609778002,1
Walker2d-v5,mass_damping,0.5,7,klprho0,3463.808987598181,572.0823946319567,2891.7265929662244,1
Walker2d-v5,mass_damping,0.5,8,klprho0,4300.198630977682,602.8440269953846,3697.3546039822977,2
Walker2d-v5,mass_damping,0.5,9,klprho0,3304.412190670854,1836.062025795515,1468.3501648753393,2
Walker2d-v5,mass_damping,0.5,10,vanilla,2944.79042680474,2944.79042680474,0.0,0
Walker2d-v5,mass_damping,0.5,11,klprho0,3742.4175565950222,3356.413638404624,386.00391819039805,1
Walker2d-v5,mass_damping,0.5,12,klprho0,4171.4591734811065,2734.504870097009,1436.9543033840973,1
Walker2d-v5,mass_damping,0.5,13,vanilla,3628.7830849633215,3628.7830849633215,0.0,0
Walker2d-v5,mass_damping,0.5,14,klprho0p05,3136.1087798240683,265.75811530336625,2870.350664520702,2
Walker2d-v5,mass_damping,0.5,15,vanilla,2720.792177795104,2720.792177795104,0.0,0
Walker2d-v5,mass_damping,0.5,16,vanilla,3177.716864357562,3177.716864357562,0.0,0
Walker2d-v5,mass_damping,0.5,17,klprho0,3730.1423284511247,2983.458302592196,746.6840258589286,1
Walker2d-v5,mass_damping,0.5,18,vanilla,3869.051145990084,3869.051145990084,0.0,0
Walker2d-v5,mass_damping,0.5,19,vanilla,2371.6312071814145,2371.6312071814145,0.0,0
Walker2d-v5,mass_damping,0.5,20,klprho0,3136.843709642243,2479.0805741420163,657.7631355002268,1
Walker2d-v5,mass_damping,0.5,21,vanilla,3410.7089749494507,3410.7089749494507,0.0,0
Walker2d-v5,mass_damping,0.5,22,klprho0p05,4014.028161868372,2602.04644470589,1411.9817171624823,2
Walker2d-v5,mass_damping,0.5,23,klprho0p05,3319.616164545409,3251.7615630776577,67.85460146775131,1
Walker2d-v5,mass_damping,0.5,24,klprho0,2795.468735482076,2636.9555930551446,158.5131424269316,1
Walker2d-v5,mass_damping,0.5,25,klprho0p05,4716.469364872219,3565.7990718688498,1150.670293003369,1
Walker2d-v5,mass_damping,0.5,26,klprho0,3640.820955633003,2950.076128531143,690.7448271018602,1
Walker2d-v5,mass_damping,0.5,27,klprho0p05,2732.75153529029,2603.132873518998,129.61866177129195,1
Walker2d-v5,mass_damping,0.5,28,vanilla,3955.6256418762814,3955.6256418762814,0.0,0
Walker2d-v5,mass_damping,0.5,29,vanilla,2891.937590723337,2891.937590723337,0.0,0
Walker2d-v5,mass_damping,0.5,30,klprho0,2632.274238914698,373.73131817717024,2258.5429207375278,2
Walker2d-v5,mass_damping,0.5,31,klprho0p05,3961.4832301354254,1681.1343799355673,2280.348850199858,2
Walker2d-v5,mass_damping,0.5,32,vanilla,3290.973090988108,3290.973090988108,0.0,0
Walker2d-v5,mass_damping,0.5,33,klprho0,2800.755067807836,2281.435299334352,519.3197684734841,1
Walker2d-v5,mass_damping,0.5,34,vanilla,2472.400772912902,2472.400772912902,0.0,0
Walker2d-v5,mass_damping,0.5,35,klprho0,3738.6029476087992,2832.9268124980536,905.6761351107457,2
Walker2d-v5,thigh_left_actuator_gain,0.5,6,klprho0,4288.108675747049,3314.040110360462,974.0685653865871,2
Walker2d-v5,thigh_left_actuator_gain,0.5,7,vanilla,2504.0933438113907,2504.0933438113907,0.0,0
Walker2d-v5,thigh_left_actuator_gain,0.5,8,klprho0,4393.468432311983,2908.129254144897,1485.3391781670857,2
Walker2d-v5,thigh_left_actuator_gain,0.5,9,klprho0,3762.1880313846086,3641.753507880173,120.43452350443567,1
Walker2d-v5,thigh_left_actuator_gain,0.5,10,vanilla,3326.6882549509355,3326.6882549509355,0.0,0
Walker2d-v5,thigh_left_actuator_gain,0.5,11,vanilla,3569.565022533588,3569.565022533588,0.0,0
Walker2d-v5,thigh_left_actuator_gain,0.5,12,klprho0p05,3955.755806419057,3736.344665796678,219.4111406223792,1
Walker2d-v5,thigh_left_actuator_gain,0.5,13,vanilla,3699.9094980909017,3699.9094980909017,0.0,0
Walker2d-v5,thigh_left_actuator_gain,0.5,14,klprho0,3998.846372486776,3694.2984759533697,304.5478965334064,1
Walker2d-v5,thigh_left_actuator_gain,0.5,15,klprho0p05,3951.187670841544,2627.0134301867893,1324.1742406547546,1
Walker2d-v5,thigh_left_actuator_gain,0.5,16,klprho0p05,3988.9546753642608,3772.696967538592,216.2577078256686,1
Walker2d-v5,thigh_left_actuator_gain,0.5,17,klprho0,3987.373874105384,3453.1229491660224,534.2509249393615,2
Walker2d-v5,thigh_left_actuator_gain,0.5,18,vanilla,4182.89038149678,4182.89038149678,0.0,0
Walker2d-v5,thigh_left_actuator_gain,0.5,19,vanilla,3352.2853874277694,3352.2853874277694,0.0,0
Walker2d-v5,thigh_left_actuator_gain,0.5,20,vanilla,3926.2400136683273,3926.2400136683273,0.0,0
Walker2d-v5,thigh_left_actuator_gain,0.5,21,vanilla,3688.947348335286,3688.947348335286,0.0,0
Walker2d-v5,thigh_left_actuator_gain,0.5,22,klprho0p05,4209.137621395237,2737.52497567866,1471.612645716577,2
Walker2d-v5,thigh_left_actuator_gain,0.5,23,vanilla,3748.87810528853,3748.87810528853,0.0,0
Walker2d-v5,thigh_left_actuator_gain,0.5,24,klprho0p05,3439.099230508982,2173.9667132035265,1265.1325173054556,2
Walker2d-v5,thigh_left_actuator_gain,0.5,25,klprho0p05,4598.597324438791,1674.2091955709425,2924.388128867848,2
Walker2d-v5,thigh_left_actuator_gain,0.5,26,vanilla,4105.252543610653,4105.252543610653,0.0,0
Walker2d-v5,thigh_left_actuator_gain,0.5,27,klprho0,3765.056017699097,2843.552723174605,921.503294524492,2
Walker2d-v5,thigh_left_actuator_gain,0.5,28,vanilla,4651.428636739072,4651.428636739072,0.0,0
Walker2d-v5,thigh_left_actuator_gain,0.5,29,klprho0,3997.32029751576,3931.076438764535,66.24385875122516,1
Walker2d-v5,thigh_left_actuator_gain,0.5,30,klprho0,3583.617638888735,2986.563320002588,597.054318886147,1
Walker2d-v5,thigh_left_actuator_gain,0.5,31,klprho0p05,3712.200551547393,1090.937138764878,2621.263412782515,2
Walker2d-v5,thigh_left_actuator_gain,0.5,32,klprho0p05,3934.875197848675,3934.561235614658,0.3139622340167989,1
Walker2d-v5,thigh_left_actuator_gain,0.5,33,klprho0p05,4037.533057915428,3520.715922039385,516.8171358760428,1
Walker2d-v5,thigh_left_actuator_gain,0.5,34,vanilla,3995.834266749661,3995.834266749661,0.0,0
Walker2d-v5,thigh_left_actuator_gain,0.5,35,klprho0,4467.353001225914,3408.454457318466,1058.8985439074481,2
Walker2d-v5,thigh_left_damping,0.5,6,klprho0,4069.7668287847655,3929.091715002604,140.6751137821616,2
Walker2d-v5,thigh_left_damping,0.5,7,klprho0,4464.554447255476,3732.3994576550817,732.154989600394,1
Walker2d-v5,thigh_left_damping,0.5,8,klprho0,4479.4785403735805,2988.7932869631977,1490.6852534103828,2
Walker2d-v5,thigh_left_damping,0.5,9,klprho0,3822.101177479508,3641.2292718768354,180.87190560267254,1
Walker2d-v5,thigh_left_damping,0.5,10,vanilla,4428.753532796878,4428.753532796878,0.0,0
Walker2d-v5,thigh_left_damping,0.5,11,vanilla,4114.105024677076,4114.105024677076,0.0,0
Walker2d-v5,thigh_left_damping,0.5,12,klprho0,5397.091685920799,3829.457954532258,1567.633731388541,2
Walker2d-v5,thigh_left_damping,0.5,13,vanilla,4163.632934249726,4163.632934249726,0.0,0
Walker2d-v5,thigh_left_damping,0.5,14,klprho0,4470.844427478602,3934.23502763388,536.6093998447218,1
Walker2d-v5,thigh_left_damping,0.5,15,klprho0,4727.875689359638,3600.997698462924,1126.8779908967144,2
Walker2d-v5,thigh_left_damping,0.5,16,klprho0,4493.089375858674,3731.391058765901,761.6983170927733,2
Walker2d-v5,thigh_left_damping,0.5,17,klprho0p05,4385.6516098360935,3670.0710953277785,715.580514508315,2
Walker2d-v5,thigh_left_damping,0.5,18,vanilla,4760.20528776983,4760.20528776983,0.0,0
Walker2d-v5,thigh_left_damping,0.5,19,klprho0,3764.99048672978,3461.5272002422234,303.4632864875566,1
Walker2d-v5,thigh_left_damping,0.5,20,vanilla,4114.746007237131,4114.746007237131,0.0,0
Walker2d-v5,thigh_left_damping,0.5,21,klprho0,5455.168842882557,3901.001813468224,1554.1670294143332,1
Walker2d-v5,thigh_left_damping,0.5,22,klprho0,4928.600025792906,3603.28789636129,1325.312129431616,2
Walker2d-v5,thigh_left_damping,0.5,23,klprho0p05,4397.188754240257,3860.063512362005,537.1252418782524,2
Walker2d-v5,thigh_left_damping,0.5,24,vanilla,3599.0744312688,3599.0744312688,0.0,0
Walker2d-v5,thigh_left_damping,0.5,25,klprho0p05,5417.274489011637,4648.131892430605,769.1425965810322,1
Walker2d-v5,thigh_left_damping,0.5,26,vanilla,4403.555062231095,4403.555062231095,0.0,0
Walker2d-v5,thigh_left_damping,0.5,27,klprho0p05,3960.8804486118447,3591.6171902118977,369.26325839994706,2
Walker2d-v5,thigh_left_damping,0.5,28,vanilla,4790.124605547809,4790.124605547809,0.0,0
Walker2d-v5,thigh_left_damping,0.5,29,klprho0,4163.903512316589,4110.712149195007,53.19136312158116,1
Walker2d-v5,thigh_left_damping,0.5,30,vanilla,4033.820077709725,4033.820077709725,0.0,0
Walker2d-v5,thigh_left_damping,0.5,31,klprho0p05,4228.316960424478,3789.84459715568,438.47236326879784,1
Walker2d-v5,thigh_left_damping,0.5,32,klprho0p05,4798.991937929187,4367.606499666935,431.38543826225214,1
Walker2d-v5,thigh_left_damping,0.5,33,klprho0p05,4074.0877690372895,3669.5139495223607,404.5738195149288,2
Walker2d-v5,thigh_left_damping,0.5,34,vanilla,4147.9205113039625,4147.9205113039625,0.0,0
Walker2d-v5,thigh_left_damping,0.5,35,klprho0,5396.5206782451005,3842.18602698669,1554.3346512584103,2
Walker2d-v5,thigh_left_mass,0.5,6,klprho0,4089.1604315150216,3588.722770994534,500.4376605204875,2
Walker2d-v5,thigh_left_mass,0.5,7,klprho0,4449.8412269775,3619.239704953173,830.6015220243271,1
Walker2d-v5,thigh_left_mass,0.5,8,klprho0,4325.060679378361,2841.011528061184,1484.049151317177,2
Walker2d-v5,thigh_left_mass,0.5,9,klprho0,3755.871760896004,3452.319166221229,303.55259467477526,1
Walker2d-v5,thigh_left_mass,0.5,10,vanilla,4420.850102736696,4420.850102736696,0.0,0
Walker2d-v5,thigh_left_mass,0.5,11,vanilla,3897.692278049909,3897.692278049909,0.0,0
Walker2d-v5,thigh_left_mass,0.5,12,klprho0,5357.635836643769,3644.39912043032,1713.2367162134487,2
Walker2d-v5,thigh_left_mass,0.5,13,klprho0,3995.503470792611,3961.888982420395,33.614488372215874,1
Walker2d-v5,thigh_left_mass,0.5,14,klprho0,4239.024826138164,3787.442162932308,451.5826632058561,1
Walker2d-v5,thigh_left_mass,0.5,15,klprho0,4613.268248278318,3417.864394894954,1195.4038533833645,2
Walker2d-v5,thigh_left_mass,0.5,16,klprho0,4140.695798114188,3591.479312827397,549.2164852867909,2
Walker2d-v5,thigh_left_mass,0.5,17,klprho0p05,4331.130360937736,3646.557134496168,684.5732264415683,2
Walker2d-v5,thigh_left_mass,0.5,18,vanilla,4558.148918648393,4558.148918648393,0.0,0
Walker2d-v5,thigh_left_mass,0.5,19,klprho0,3639.8666868646287,3312.377354090794,327.4893327738346,1
Walker2d-v5,thigh_left_mass,0.5,20,klprho0,4115.039564880696,3949.9001255202006,165.13943936049554,1
Walker2d-v5,thigh_left_mass,0.5,21,klprho0,3794.053603187321,3788.84031925326,5.21328393406111,1
Walker2d-v5,thigh_left_mass,0.5,22,klprho0p05,4401.267369305368,4037.741367206681,363.5260020986875,2
Walker2d-v5,thigh_left_mass,0.5,23,klprho0p05,4359.02534597302,3803.221167182041,555.8041787909792,2
Walker2d-v5,thigh_left_mass,0.5,24,vanilla,4271.175049550432,4271.175049550432,0.0,0
Walker2d-v5,thigh_left_mass,0.5,25,klprho0p05,5233.154202064082,4560.7550080115925,672.3991940524893,1
Walker2d-v5,thigh_left_mass,0.5,26,vanilla,4294.200936772071,4294.200936772071,0.0,0
Walker2d-v5,thigh_left_mass,0.5,27,klprho0p05,4103.249261688551,3435.2911764793653,667.9580852091858,2
Walker2d-v5,thigh_left_mass,0.5,28,vanilla,4517.830256832867,4517.830256832867,0.0,0
Walker2d-v5,thigh_left_mass,0.5,29,vanilla,3857.212514198212,3857.212514198212,0.0,0
Walker2d-v5,thigh_left_mass,0.5,30,klprho0,3949.979114417546,3851.166810383596,98.81230403395011,1
Walker2d-v5,thigh_left_mass,0.5,31,klprho0p05,4222.216069946173,3453.9157913376985,768.3002786084744,1
Walker2d-v5,thigh_left_mass,0.5,32,klprho0p05,4525.220246168094,4254.680580437833,270.5396657302608,1
Walker2d-v5,thigh_left_mass,0.5,33,klprho0p05,3960.588076440907,3534.6799988253574,425.9080776155497,2
Walker2d-v5,thigh_left_mass,0.5,34,vanilla,3913.4274269477055,3913.4274269477055,0.0,0
Walker2d-v5,thigh_left_mass,0.5,35,klprho0,4604.710576029762,3845.21759079837,759.4929852313917,2
