model_label,axis,factor,scenario_label,n,mean_return_mean,mean_return_ci95,median_return_mean,median_return_ci95,iqm_return_mean,iqm_return_ci95,seed_iqm_of_mean_return
klb0p5,action_replace,0.0,action_replace_0,5,370.4520330445288,58.7305789828168,350.451104149025,37.870912045963806,350.07141429259855,48.31038361697306,351.4527981335691
klb0p5,action_replace,0.05,action_replace_0p05,5,340.49448519059274,54.626719960526,321.22096341190326,65.30919085906747,321.5258504825363,52.806577946637255,348.91819036774933
klb0p5,action_replace,0.1,action_replace_0p1,5,359.8005916142641,80.87633823059883,330.43121356807586,72.0512959639961,330.29856076011265,72.11868421833401,373.3406140160448
klb0p5,action_replace,0.15,action_replace_0p15,5,346.6649188191096,70.89440215760307,338.17426992273147,78.49331469184492,340.6961485177997,76.44000035212736,344.5195047829067
klb0p5,action_replace,0.2,action_replace_0p2,5,325.0578235087777,57.81249136409209,318.22398594019717,57.658406467765005,322.4086449440802,56.70843235203344,330.3537994495278
klb0p5,action_replace,0.25,action_replace_0p25,5,316.72854559308064,46.068129407620866,303.80456431691175,48.83729613419014,303.60879473953105,46.82796828828143,322.48073221080637
klb0p5,action_replace,0.3,action_replace_0p3,5,275.5786745365913,35.081630843049695,281.59332802692694,40.60351157294637,279.10460862456296,36.50544675898347,281.609962052841
klb0p5,action_replace,0.35,action_replace_0p35,5,276.1702726997533,51.28848526226608,257.8498099606843,36.89920542308405,265.4593211757176,36.113102881709466,272.21583511829675
klb0p5,action_replace,0.4,action_replace_0p4,5,259.6307075035477,26.695165753485064,270.5932275360907,27.44912954093855,269.4879775535979,29.593562158848677,264.6865427621911
klb0p5,action_replace,0.45,action_replace_0p45,5,222.2772695853243,29.24012619556959,198.5917584865101,49.63299033693489,200.97217791168995,43.109540005208494,212.76500118443678
klb0p5,action_replace,0.5,action_replace_0p5,5,175.1836223085273,13.37019924393346,166.97051603704804,23.454298915174792,163.59718248699565,18.724280930719313,174.81255492725168
klb1,action_replace,0.0,action_replace_0,5,444.6457802168704,154.2882623378056,416.96052666362414,157.59331458793505,458.26960150395115,162.80057962799873,497.8167114449746
klb1,action_replace,0.05,action_replace_0p05,5,384.6702155185686,115.38114555248146,356.2917659388906,111.55981801536461,362.51924803718987,112.25566092495882,424.6411345606968
klb1,action_replace,0.1,action_replace_0p1,5,350.79095372885115,94.96732214702627,298.55614274494,117.11307237524338,319.1914699348953,104.75718243876524,344.24553755672423
klb1,action_replace,0.15,action_replace_0p15,5,358.55550675317875,77.93901127165375,351.62201469848753,82.4137883368678,359.7682724654215,83.06069606113697,370.18032855232565
klb1,action_replace,0.2,action_replace_0p2,5,322.99075268553145,60.250000452560386,350.76573887067127,84.78736815432505,335.3224452754347,72.13144022110103,333.5383944133583
klb1,action_replace,0.25,action_replace_0p25,5,328.4252832619205,83.10090190147656,342.5474002798652,80.11152688482332,338.27407242913,78.12520439219092,348.5969371110496
klb1,action_replace,0.3,action_replace_0p3,5,290.29790953675814,68.16950932994503,300.0702272525935,79.95299484258868,299.7458192441421,81.21238468962619,315.5680991189687
klb1,action_replace,0.35,action_replace_0p35,5,267.55145459815657,93.82725187589776,261.4804376230996,110.17970503325088,256.26250142023025,101.69878238607717,297.7387168081369
klb1,action_replace,0.4,action_replace_0p4,5,263.2312514737557,82.80064787955027,273.987516313543,88.7821327254347,266.0772042549525,86.63202961042889,297.01010508753285
klb1,action_replace,0.45,action_replace_0p45,5,238.01381228463788,77.76745158638953,241.5602947503941,73.26196736240735,241.7696581582783,80.08118428266711,264.3463349905148
klb1,action_replace,0.5,action_replace_0p5,5,198.73179659799322,93.74790548753985,202.77863248926488,102.58875121572734,196.5550277291344,102.82849955427662,209.7294000306356
klb10,action_replace,0.0,action_replace_0,5,486.6807375822388,80.90103948325994,459.70389550197734,98.51913564291944,467.74842869962396,97.89194202186772,488.6364881583465
klb10,action_replace,0.05,action_replace_0p05,5,462.6324210142616,99.67705090439925,447.2488853467188,112.6538922543003,449.8297684917669,106.04190393727686,462.9746109755726
klb10,action_replace,0.1,action_replace_0p1,5,393.0471690360003,148.89275914843503,389.74642605886936,151.3010397476687,388.7878228541464,149.68862370487471,410.7804136586292
klb10,action_replace,0.15,action_replace_0p15,5,376.53670901592943,132.70745969161268,368.46999823162406,143.80590337373852,375.1141572486783,139.73621642502997,406.0310993964895
klb10,action_replace,0.2,action_replace_0p2,5,383.20301205354383,160.49427146599638,370.2912472919937,178.88253197169433,377.50239893401385,170.16412725481743,439.45119382028355
klb10,action_replace,0.25,action_replace_0p25,5,346.7193342732724,135.3282911818601,363.3521895870801,159.7120741055567,360.42667815177083,151.65488438314105,389.7190753671966
klb10,action_replace,0.3,action_replace_0p3,5,315.87255871984337,150.39086136679617,325.38038213663697,164.3010379626148,323.6383851876434,164.63317520138074,364.7303144439675
klb10,action_replace,0.35,action_replace_0p35,5,277.5956827162031,123.5704099231304,298.626076931772,146.61743058299103,291.92349656423465,139.11720892439786,305.97638694874735
klb10,action_replace,0.4,action_replace_0p4,5,264.41709219931096,133.40564580265266,283.7945220955601,142.5529397120365,278.92316622621655,140.86502073254852,311.99310398753664
klb10,action_replace,0.45,action_replace_0p45,5,292.7534324605408,137.8803107844463,287.58758547105015,144.2068582307358,287.27421892455357,143.6446879742744,345.6549203674035
klb10,action_replace,0.5,action_replace_0p5,5,227.99210926228528,113.63557784642057,246.6000817037684,124.11721835273512,231.27171774757275,118.72551999128386,263.79781043718134
klb100,action_replace,0.0,action_replace_0,5,596.3818553910754,114.65911158211915,589.4103609610817,107.95967043014805,586.7988571991857,104.55333151926432,600.3868943446495
klb100,action_replace,0.05,action_replace_0p05,5,554.9532831854186,105.50744617611649,546.6352469147959,102.97799256599441,551.5618234915419,102.36961448152998,543.5579466799958
klb100,action_replace,0.1,action_replace_0p1,5,526.9927417335941,100.14577913711568,523.5149537756998,97.08520197119917,527.6713560806564,104.14116118735478,519.7585339256501
klb100,action_replace,0.15,action_replace_0p15,5,490.95113622943984,98.29809452232954,479.20611941617716,100.62925210254893,482.69457361742406,95.82942792238246,471.722967007086
klb100,action_replace,0.2,action_replace_0p2,5,439.06058972960017,80.74702431251097,432.1777649256528,78.7399821123307,434.5743014860906,82.14370873295019,422.873082391491
klb100,action_replace,0.25,action_replace_0p25,5,453.30926209670395,68.57044781165122,451.011289034744,62.15631982664094,453.6645435477055,65.39824520531685,442.8670179372751
klb100,action_replace,0.3,action_replace_0p3,5,424.9556056612828,74.45251832189605,420.6838432556315,70.95607205084333,418.3463508723406,68.43299657288968,413.04183758434715
klb100,action_replace,0.35,action_replace_0p35,5,382.9681614306768,37.87347179249422,372.20060543632127,54.070056853150476,377.25573544368604,47.54780167184004,388.0730781358274
klb100,action_replace,0.4,action_replace_0p4,5,323.43893470483937,37.38042537777515,335.6875249654453,31.3207828327431,328.1880567982771,39.279501814484206,313.49885024705145
klb100,action_replace,0.45,action_replace_0p45,5,309.0947881728385,17.2071814035917,324.35640566023034,28.80164651447201,319.871897270177,28.07322410725259,304.73920707245617
klb100,action_replace,0.5,action_replace_0p5,5,298.1438971558381,31.949218663275566,304.0256286507833,42.95453457334765,304.371285985539,35.32578876459995,296.45450143706745
klb2,action_replace,0.0,action_replace_0,5,821.6986088814963,156.25727741147276,880.8895719836476,226.750608073795,885.4421008419795,218.40450524058298,873.7522128200757
klb2,action_replace,0.05,action_replace_0p05,5,721.5543444979006,220.88406804609826,734.9507167216249,309.60199602230637,753.2111649733513,254.15530863594412,698.5270815212249
klb2,action_replace,0.1,action_replace_0p1,5,657.7350153012495,264.7367247308691,658.6326318501848,387.13015944157513,633.0730627623846,358.22627436375285,667.415952933766
klb2,action_replace,0.15,action_replace_0p15,5,522.8322864371523,261.81975372142864,471.1039634785631,432.22419003028364,468.52785569489043,395.49887590634967,497.0083258612967
klb2,action_replace,0.2,action_replace_0p2,5,533.443520075042,222.60453713352098,480.56358469612985,386.81523264763683,481.897178129685,352.2000597510202,548.8626964519397
klb2,action_replace,0.25,action_replace_0p25,5,427.68991840268137,238.75826411661572,399.1362579553421,381.2571998572614,396.1059458750115,345.95165669236667,397.26508636611806
klb2,action_replace,0.3,action_replace_0p3,5,371.8649740991856,137.5993923257197,310.86676425164376,258.86707474742593,322.1236131461473,217.4045343283266,359.4018643156149
klb2,action_replace,0.35,action_replace_0p35,5,283.3315992705598,50.69189571743474,174.88988343812562,106.1570023991862,216.30268314767008,82.79155169581925,282.1297007564397
klb2,action_replace,0.4,action_replace_0p4,5,213.98808094401852,114.4253472358487,160.44268622590266,124.69160493496025,166.84139271275902,121.00913449569106,224.40656545339985
klb2,action_replace,0.45,action_replace_0p45,5,162.986975704941,55.38807139559021,115.30969306938691,99.15843773603622,120.69151671317177,86.00956567182399,146.96070227653823
klb2,action_replace,0.5,action_replace_0p5,5,130.48732505388097,48.917084712158534,93.6905290627794,69.13703229484706,107.59558097183199,61.49953665893674,123.45702681181895
klb20,action_replace,0.0,action_replace_0,5,658.8862018261807,265.08873002926657,631.7932984527258,269.87938601273095,628.8489354793471,265.5631009808445,724.3236300518516
klb20,action_replace,0.05,action_replace_0p05,5,695.4591446065413,182.24457173873714,660.4471953180863,148.63855947299672,654.1618963549879,175.237449997129,703.4749248793404
klb20,action_replace,0.1,action_replace_0p1,5,628.7004122858073,98.79110836132669,605.0138978815171,109.80341647944813,625.67624710931,104.6846456960404,640.02773444723
klb20,action_replace,0.15,action_replace_0p15,5,625.2577667139697,102.20160373456059,606.9100649461967,105.53362693235559,618.4305699287297,114.24952719816656,647.5858207565458
klb20,action_replace,0.2,action_replace_0p2,5,563.1421793924446,81.6555579111297,514.8319894326634,78.9409556964324,537.9109615964743,73.6795496517649,564.8092582040114
klb20,action_replace,0.25,action_replace_0p25,5,541.471267802514,100.36277840979376,558.8923548263899,152.64891928729477,539.7876557517286,115.60432726487926,524.7681875039992
klb20,action_replace,0.3,action_replace_0p3,5,484.61642187536347,122.74821656778852,498.06566405305966,156.67799940076733,480.2315557843266,129.28560025499604,447.12192519093014
klb20,action_replace,0.35,action_replace_0p35,5,417.623512048758,65.56504119638085,413.4637725691664,64.55757276348069,415.9504151685954,67.2755079629161,409.35271338488957
klb20,action_replace,0.4,action_replace_0p4,5,355.314206824336,45.147787806921144,356.62705777740973,43.46724274366424,355.2769269983047,46.57798010708307,365.1033816197575
klb20,action_replace,0.45,action_replace_0p45,5,347.5812843925479,29.507175138755304,352.93997512260137,40.09271410575402,345.520225558127,28.081404394304116,351.8692316191896
klb20,action_replace,0.5,action_replace_0p5,5,288.4187975378939,47.90045455824621,293.3907063182638,72.66620109284624,286.34272221457366,68.58935688446249,283.2589518336085
klb5,action_replace,0.0,action_replace_0,5,386.18238889784755,222.61641412735185,350.3352318873808,228.69613452348048,351.98137994983813,230.08091780349147,423.8219864697223
klb5,action_replace,0.05,action_replace_0p05,5,429.82810915624003,240.78022964618452,386.9298076620197,229.92213893268166,379.1454353298157,230.29847795047982,491.64152434757233
klb5,action_replace,0.1,action_replace_0p1,5,446.7672738749141,236.36361719905716,448.22928474007676,268.392918267633,437.56758553643505,248.87088093284555,526.4433114737067
klb5,action_replace,0.15,action_replace_0p15,5,368.43523672823125,188.75300139679825,327.50269374978916,176.44532712700243,338.54409875136037,179.4981195116826,438.7406685301726
klb5,action_replace,0.2,action_replace_0p2,5,371.064957305789,192.5113005115414,341.43385656911744,178.6382672510537,340.42226464894475,176.20717949273285,443.74960506907865
klb5,action_replace,0.25,action_replace_0p25,5,302.08601611852777,151.6970739133908,266.331740402222,149.58566948912414,289.21807422291903,149.75608657867156,370.471567289667
klb5,action_replace,0.3,action_replace_0p3,5,283.9831841218097,145.29203457299448,276.0096006440505,145.67126917941422,274.31441322196986,143.8263011855379,335.0356953359048
klb5,action_replace,0.35,action_replace_0p35,5,243.38449189404363,124.94880182251838,241.9272569201252,124.85281774263797,239.3746178172524,124.51361978579246,293.5636735466237
klb5,action_replace,0.4,action_replace_0p4,5,244.7017576229242,124.44780251288977,228.84748448037644,131.06743376683352,232.11492924886315,132.04594610039487,289.5859801664461
klb5,action_replace,0.45,action_replace_0p45,5,210.6038065488753,104.69230097608754,204.8479594303435,108.54471205683525,207.44158509935065,107.5240271383501,256.8992794081709
klb5,action_replace,0.5,action_replace_0p5,5,167.79067202125364,79.01315743228645,171.68971739309222,101.46719934395985,164.83660373222216,93.41489579476398,195.76933967581272
klb50,action_replace,0.0,action_replace_0,5,594.1946814536047,135.5662657587936,549.6236015120435,62.879336822692004,571.2547570228858,98.37924359392461,559.6615925765728
klb50,action_replace,0.05,action_replace_0p05,5,558.4533289674821,171.28798418042578,545.9383326934079,135.29608057411738,551.7466521544685,154.41036835623683,496.887086931616
klb50,action_replace,0.1,action_replace_0p1,5,523.9895713003627,118.4310715800566,488.11082056381895,52.63582274897142,496.6053707421778,70.16026797997861,486.98483090931967
klb50,action_replace,0.15,action_replace_0p15,5,478.08623747060784,101.34386444184233,463.3068054765082,64.54046240383592,465.93675695001605,71.17148301437534,437.1467604911463
klb50,action_replace,0.2,action_replace_0p2,5,437.83431530182554,55.301765429791466,444.3140394407084,52.772077905336936,441.3575221178561,53.309555385723144,420.2554656372466
klb50,action_replace,0.25,action_replace_0p25,5,402.07797135634917,46.85686258407185,396.2284518555227,47.07924817259638,393.9897061802636,44.641186505062066,390.14643359687307
klb50,action_replace,0.3,action_replace_0p3,5,388.06636152370027,41.09514594578649,382.2718521703675,31.652016984891944,387.02733499307095,36.884011556135526,382.3260103664283
klb50,action_replace,0.35,action_replace_0p35,5,364.2842878494563,45.06267311550319,362.2435188989638,35.57986329753231,364.5025857439245,36.35187659547268,365.9500348261582
klb50,action_replace,0.4,action_replace_0p4,5,336.9141805507619,26.884044292009005,344.08538161017657,32.367600031901546,341.4469923642804,29.490713121576082,343.17987597980164
klb50,action_replace,0.45,action_replace_0p45,5,318.4298113285162,34.493894441986086,332.8398113860534,30.12927067029511,332.1835695329877,34.45458824471905,315.127108465586
klb50,action_replace,0.5,action_replace_0p5,5,269.00895354782585,15.502691651870707,297.0954507541065,11.33324223260501,293.53156435241056,15.743069165675333,266.87282368240284
vanilla,action_replace,0.0,action_replace_0,5,2151.4076527521242,1173.9950208803332,2006.739946835221,1397.9015711837872,2127.1337247952906,1288.6470822802194,2067.948769006832
vanilla,action_replace,0.05,action_replace_0p05,5,1603.4702165976798,855.4197527737612,1662.754385997369,1061.9369071967444,1623.8527793508993,958.3187606612246,1466.9055954802564
vanilla,action_replace,0.1,action_replace_0p1,5,1115.9711086545005,510.60851975271066,1119.7193568381588,548.4275107932149,1084.4466174962238,489.8766457094055,1030.218202880382
vanilla,action_replace,0.15,action_replace_0p15,5,889.2507513029832,320.0548492350816,810.0399666989575,232.2683555791521,843.3064841864649,271.6182059924941,838.2940453063944
vanilla,action_replace,0.2,action_replace_0p2,5,691.0005331279411,145.74867933550428,621.3687423412895,85.2698467831623,648.7638854728152,113.62851219744337,670.1554509069124
vanilla,action_replace,0.25,action_replace_0p25,5,504.5077249932413,97.13887034909035,494.3445499294097,98.7016075496941,493.9677532123991,86.04670749723178,523.2425282763877
vanilla,action_replace,0.3,action_replace_0p3,5,405.33512561206976,69.00368784223114,399.38798619169904,47.24495149507643,393.2162832993416,51.18305520323839,401.19007409613255
vanilla,action_replace,0.35,action_replace_0p35,5,365.9565910312298,79.19275176613809,367.67593896403866,59.15945045656097,369.4685546107836,71.51208602249298,346.2375345248729
vanilla,action_replace,0.4,action_replace_0p4,5,299.8960590134021,32.49652571224686,313.2563318119377,19.18477584018199,311.81895977247575,24.372846057101718,287.95343354457594
vanilla,action_replace,0.45,action_replace_0p45,5,260.3686054562853,74.48186886114713,262.2369200717676,104.8502154914967,266.3120260317545,92.21726198225383,272.31777946045867
vanilla,action_replace,0.5,action_replace_0p5,5,250.42467416825465,49.693318060531745,274.46425743579414,72.90801367366171,262.43351061138594,64.95313027037066,245.27019166603074
