model_label,axis,factor,scenario_label,n,drop_mean_return_mean,drop_mean_return_ci95,drop_median_return_mean,drop_median_return_ci95,drop_iqm_return_mean,drop_iqm_return_ci95,rel_drop_mean_return_mean,rel_drop_mean_return_ci95
a1e9,friction,0.5,friction_0p5,5,-107.45497986553464,174.51639184366482,-110.48279654834501,203.18609714306794,-102.48136511802295,209.5745146659774,-0.07811294435209981,0.1082486878839925
a1e9,friction,0.6,friction_0p6,5,-179.4015649760503,90.59589300265246,-91.15390765151037,161.47936741260958,-98.02000949803747,147.08507316883575,-0.10179226277671931,0.05182162695598843
a1e9,friction,0.7,friction_0p7,5,-163.9802250705509,89.21542876949555,-96.07026377544943,84.04257786842496,-96.16034496707407,92.07442580817441,-0.09002036765604539,0.04281790701599436
a1e9,friction,0.8,friction_0p8,5,-151.10658696507267,103.93847189181979,-61.08879356993693,72.2550919379653,-67.40728149341103,81.65750578271383,-0.078639415179902,0.04303452822823741
a1e9,friction,0.9,friction_0p9,5,-116.70280023006717,152.69822084576208,-43.7523387849556,37.68503818781696,-45.727127905900716,29.762629932360323,-0.05824131875307326,0.06434624818076999
a1e9,friction,1.0,friction_1,5,0.0,0.0,0.0,0.0,0.0,0.0,0.0,0.0
a1e9,friction,1.1,friction_1p1,5,-54.16498578995679,162.7059697747739,15.537690193667732,10.84854741963678,16.594665524902666,40.314109934942586,-0.01976964156255488,0.07246240272818774
a1e9,friction,1.3,friction_1p3,5,174.14444742497273,131.7642088590741,223.85112893545892,204.01612279506722,226.75550262021207,194.42971642681508,0.08996951556597774,0.05382994313864212
a1e9,friction,1.5,friction_1p5,5,136.81611932291815,60.11203726842266,199.1106768225743,140.13413013692636,191.097967697678,114.65374883408964,0.0782511320505164,0.02653335364665941
a1e9,friction,1.7,friction_1p7,5,226.04951707307924,127.51492908587826,210.57595649529557,118.53529943683066,239.9954961117682,161.18575789032963,0.12375504461281348,0.04743116721849226
a1e9,friction,2.0,friction_2,5,259.8830323696984,108.64415105167198,277.28817910465483,111.30152069832799,294.35945474698417,135.3117963483679,0.148152956656522,0.049670551833846485
a1e9,gear,0.5,gear_0p5,5,2063.885644580322,510.74247185133544,2127.4159722053564,550.3946611184036,2136.783137968534,571.5292087844506,1.1279506254206868,0.043767161629373115
a1e9,gear,0.6,gear_0p6,5,1612.867461633019,654.2668102562058,1615.3691942266994,733.3694567821658,1658.0745878169532,731.6696299063415,0.844757627149386,0.14975026233705857
a1e9,gear,0.7,gear_0p7,5,1081.7224113947802,499.31800329126264,1105.8345980349663,570.1696297796267,1121.5003986031893,585.2870746034031,0.5575300260412976,0.11554727582475452
a1e9,gear,0.8,gear_0p8,5,628.8252678932884,291.0670127127358,660.8341988042476,340.7435072672009,671.8559452425432,355.7970531116363,0.3239192586677088,0.0681277806358069
a1e9,gear,0.9,gear_0p9,5,303.32661347735683,167.47033159453554,319.2508062421424,180.38286468774916,324.78915414382044,188.4763544678133,0.1536734477612192,0.05079999996415043
a1e9,gear,1.0,gear_1,5,0.0,0.0,0.0,0.0,0.0,0.0,0.0,0.0
a1e9,gear,1.1,gear_1p1,5,4.55168787218463,89.83726134835351,-95.54485343036417,47.049496910926855,-46.824906274835755,22.523554325108336,-0.009778383975317242,0.044132478654570075
a1e9,gear,1.3,gear_1p3,5,413.4121527234491,597.198424170239,576.4339164504609,799.65062086044,559.4139929923119,770.7100142466657,0.15361541256783656,0.24496917431191242
a1e9,gear,1.5,gear_1p5,5,940.0503882831878,693.980435533366,905.2467635944456,886.3438290516328,983.0700313955991,872.8518944182235,0.44846937844492485,0.2409165971528941
a1e9,gear,1.7,gear_1p7,5,1064.3528995354286,531.4624413883622,1078.7392533802422,734.7064140461865,1081.7463670812617,720.9208974323451,0.5432336222803176,0.15358968919537636
a1e9,gear,2.0,gear_2,5,1421.1891841348147,369.41288057808924,1604.160915002701,425.64508376737757,1573.1599227756328,445.43373553208505,0.7813001902134388,0.10509109444742389
a1e9,gravity,0.0,gravity_0,5,-657.15577328896,421.4686898548935,-627.0888496989703,373.781702330296,-636.0584087897951,389.151096495279,-0.5282259856431126,0.28607522397679175
a1e9,gravity,0.5,gravity_0p5,5,-308.6696332785746,170.8052719742845,-335.43401019973635,181.69980853405625,-334.71890258338976,199.13192854272043,-0.25073712206288656,0.11534411993555414
a1e9,gravity,0.6,gravity_0p6,5,-215.34026255381997,81.07188123009206,-285.10058205982523,165.4267689359128,-240.51332460727008,157.8254745962984,-0.17833887807668664,0.048308046969809545
a1e9,gravity,0.7,gravity_0p7,5,-146.2942247393691,44.965001478399614,-228.3954455586774,137.96124769834358,-229.80005010975248,149.48960483599066,-0.12246849047701283,0.028433475888617214
a1e9,gravity,0.8,gravity_0p8,5,-85.20411594986604,113.41965972576807,-148.82386809337316,78.01917025612168,-106.21498831270301,127.75210124106229,-0.07122526238662094,0.08521170538903236
a1e9,gravity,0.9,gravity_0p9,5,-13.690258407799229,96.18359593319232,-32.61687815523042,38.971957986958905,-27.629732384008094,80.01540988140661,-0.012122321800789917,0.07509134379584553
a1e9,gravity,1.0,gravity_1,5,0.0,0.0,0.0,0.0,0.0,0.0,0.0,0.0
a1e9,gravity,1.1,gravity_1p1,5,172.21837427570148,185.99497972046484,206.3072602923994,254.4106084078426,205.5464832355754,219.01782579485578,0.13180520290983158,0.13545102592247238
a1e9,gravity,1.3,gravity_1p3,5,470.72412834556144,423.13310047388893,627.4871935175058,619.0371683526741,583.7164579093649,561.5938108372662,0.36821947340387495,0.308995950873861
a1e9,gravity,1.5,gravity_1p5,5,522.9312515577024,411.3614155209292,643.1846701748569,587.6568873404345,609.7167880996469,523.3977679404935,0.41371926184475105,0.29044584480873964
a1e9,gravity,1.7,gravity_1p7,5,733.5959180361275,535.8730109779596,834.552811816286,695.1101197163624,832.0624115440498,678.08121823527,0.5844118228565363,0.37954468947408915
a1e9,gravity,2.0,gravity_2,5,963.5169544404073,592.8383523788257,1031.939442582066,722.0857339643075,1013.6332728553825,695.4810130867278,0.7792826272878051,0.40762117939131015
a1e9,mass,0.5,mass_0p5,5,914.0520408874014,561.0564186042332,1036.9405370396858,749.7348290647028,1014.50544637436,716.3527865619519,0.46754897053010164,0.16481664014652034
a1e9,mass,0.6,mass_0p6,5,716.6688109485829,534.7049901646346,830.0191119833107,756.8926585057887,779.5542396142541,700.2557769169694,0.3544022727065472,0.173535441439372
a1e9,mass,0.7,mass_0p7,5,450.0256891070441,548.5920355968655,534.8758710317231,784.403991561388,544.5789306246558,716.0027927881101,0.19960723886366302,0.20607926410525948
a1e9,mass,0.8,mass_0p8,5,126.14449590287946,219.81958302957315,15.908788420177052,75.6222475831888,99.61949190855421,187.41121951571364,0.05155066940812628,0.08564356446041493
a1e9,mass,0.9,mass_0p9,5,-54.68263917873742,140.86991339573223,-69.35097175150176,90.13630761910325,-56.49224545764832,101.4776499267855,-0.03281122469215473,0.06201527231059056
a1e9,mass,1.0,mass_1,5,0.0,0.0,0.0,0.0,0.0,0.0,0.0,0.0
a1e9,mass,1.1,mass_1p1,5,123.40451384387174,64.88632771663815,108.24905066772826,59.17034754339473,132.18042573260772,91.41611090658033,0.06466722033488646,0.02054992417155975
a1e9,mass,1.3,mass_1p3,5,295.4294949828951,79.55650365088785,359.16090864974194,152.54595642485526,360.05320498612946,157.62524656468486,0.16582808888472844,0.026127289190604096
a1e9,mass,1.5,mass_1p5,5,601.9614016539908,280.1077080209257,657.1140441718104,349.27930181088067,670.0604156180641,353.6591266575951,0.32251165194312736,0.07099432145605702
a1e9,mass,1.7,mass_1p7,5,850.1030326670641,352.9856330330063,904.2323343229615,424.6617907239695,914.881055796742,429.8172132139844,0.45620844038625813,0.07111198165125619
a1e9,mass,2.0,mass_2,5,1300.9628797600926,447.4468629769839,1327.0491303476756,543.7907269859161,1331.8438766019988,546.1649539072207,0.7123122304022536,0.08342294224123634
a2p70,friction,0.5,friction_0p5,1,-104.11415958832208,0.0,-96.75023304820343,0.0,-96.67772658998615,0.0,-0.0784273697626591,0.0
a2p70,friction,0.6,friction_0p6,1,-67.3714373147775,0.0,-65.16333351854223,0.0,-64.2295509392477,0.0,-0.05074972171528257,0.0
a2p70,friction,0.7,friction_0p7,1,-51.068368966302614,0.0,-51.85655262508453,0.0,-49.59107769306138,0.0,-0.038468906361372165,0.0
a2p70,friction,0.8,friction_0p8,1,-19.798120453394176,0.0,-10.494499288959105,0.0,-12.352775940737729,0.0,-0.014913576784787,0.0
a2p70,friction,0.9,friction_0p9,1,-13.832211549505928,0.0,-14.560556571865618,0.0,-11.454787571042289,0.0,-0.0104195622777721,0.0
a2p70,friction,1.0,friction_1,1,0.0,0.0,0.0,0.0,0.0,0.0,0.0,0.0
a2p70,friction,1.1,friction_1p1,1,0.4965628614813795,0.0,0.2230474757598131,0.0,2.670746199723226,0.0,0.00037405209149066,0.0
a2p70,friction,1.3,friction_1p3,1,40.13999577181198,0.0,41.20188827350785,0.0,42.27030365951441,0.0,0.030236754569361896,0.0
a2p70,friction,1.5,friction_1p5,1,65.32573276826633,0.0,66.93543192840798,0.0,68.99361270737609,0.0,0.04920872837173759,0.0
a2p70,friction,1.7,friction_1p7,1,72.88124499213654,0.0,80.47518725975715,0.0,76.65242276328513,0.0,0.05490016317052766,0.0
a2p70,friction,2.0,friction_2,1,131.61343020453137,0.0,122.17131337566525,0.0,131.12720583437954,0.0,0.0991420878504645,0.0
a2p70,gear,0.5,gear_0p5,1,1488.6324773740134,0.0,1604.0509181689763,0.0,1572.8513439244311,0.0,1.112439677270014,0.0
a2p70,gear,0.6,gear_0p6,1,964.3655829913301,0.0,923.1392334189616,0.0,946.2924425001772,0.0,0.7206604411893719,0.0
a2p70,gear,0.7,gear_0p7,1,549.5817360930617,0.0,543.7618965890117,0.0,544.1351970624436,0.0,0.4106967558650499,0.0
a2p70,gear,0.8,gear_0p8,1,284.0974436613053,0.0,295.668655196735,0.0,290.8521888727196,0.0,0.21230308578066462,0.0
a2p70,gear,0.9,gear_0p9,1,110.50945147733682,0.0,121.55797807070144,0.0,119.6814615078597,0.0,0.08258257186058145,0.0
a2p70,gear,1.0,gear_1,1,0.0,0.0,0.0,0.0,0.0,0.0,0.0,0.0
a2p70,gear,1.1,gear_1p1,1,-42.00939306300597,0.0,-21.60529713016149,0.0,-33.7336330347905,0.0,-0.03139318560599834,0.0
a2p70,gear,1.3,gear_1p3,1,22.878729261197122,0.0,-93.87241984980415,0.0,-88.69153081297259,0.0,0.01709703810880893,0.0
a2p70,gear,1.5,gear_1p5,1,187.12558465481948,0.0,-49.06845785516384,0.0,-27.594969531987317,0.0,0.13983701697116013,0.0
a2p70,gear,1.7,gear_1p7,1,768.9430956043216,0.0,1035.9280363167818,0.0,872.7924028788464,0.0,0.5746232344883607,0.0
a2p70,gear,2.0,gear_2,1,1105.3549210289632,0.0,1211.3977758350552,0.0,1179.8304973889085,0.0,0.8260203175114115,0.0
a2p70,gravity,0.0,gravity_0,1,-344.0036873992657,0.0,-327.90694504092676,0.0,-321.49466172635596,0.0,-0.35119807632402256,0.0
a2p70,gravity,0.5,gravity_0p5,1,-181.4520952416766,0.0,-160.97322181647087,0.0,-152.23578093987487,0.0,-0.18524692940246715,0.0
a2p70,gravity,0.6,gravity_0p6,1,-162.50864305821244,0.0,-156.97083925779498,0.0,-153.00156959228514,0.0,-0.16590729959772302,0.0
a2p70,gravity,0.7,gravity_0p7,1,-141.4071681059437,0.0,-118.35160951434477,0.0,-113.11136558778219,0.0,-0.14436451478961998,0.0
a2p70,gravity,0.8,gravity_0p8,1,-109.23195751828041,0.0,-73.55967868015568,0.0,-76.60308561945487,0.0,-0.11151640159311071,0.0
a2p70,gravity,0.9,gravity_0p9,1,-36.46841686127084,0.0,-44.88533263465797,0.0,-41.0629066326793,0.0,-0.03723110628577584,0.0
a2p70,gravity,1.0,gravity_1,1,0.0,0.0,0.0,0.0,0.0,0.0,0.0,0.0
a2p70,gravity,1.1,gravity_1p1,1,21.84878474468826,0.0,46.49679058434117,0.0,44.6578303515422,0.0,0.02230572361117239,0.0
a2p70,gravity,1.3,gravity_1p3,1,109.37115445464894,0.0,122.50987026922519,0.0,115.0066421745754,0.0,0.11165850965204581,0.0
a2p70,gravity,1.5,gravity_1p5,1,165.11841250513794,0.0,158.27697992375965,0.0,164.42717946794926,0.0,0.16857164897240184,0.0
a2p70,gravity,1.7,gravity_1p7,1,344.26758601480446,0.0,291.75198604637217,0.0,287.030948355272,0.0,0.35146749403527583,0.0
a2p70,gravity,2.0,gravity_2,1,674.0045468715589,0.0,528.4220821245973,0.0,581.1592083871423,0.0,0.6881004738190526,0.0
a2p70,mass,0.5,mass_0p5,1,338.09743933248,0.0,331.66135619917327,0.0,308.88074685168726,0.0,0.2536325355448174,0.0
a2p70,mass,0.6,mass_0p6,1,130.35258560717102,0.0,136.63745923958868,0.0,130.78534053424573,0.0,0.09778736232857804,0.0
a2p70,mass,0.7,mass_0p7,1,-5.989848539223431,0.0,6.429888128896891,0.0,-1.464293723233368,0.0,-0.0044934397478198,0.0
a2p70,mass,0.8,mass_0p8,1,-43.079841104346315,0.0,-44.06217183501076,0.0,-45.294334154255694,0.0,-0.03231745662355725,0.0
a2p70,mass,0.9,mass_0p9,1,-36.0738231477028,0.0,-28.73056299702739,0.0,-33.61201827932041,0.0,-0.027061711114439134,0.0
a2p70,mass,1.0,mass_1,1,0.0,0.0,0.0,0.0,0.0,0.0,0.0,0.0
a2p70,mass,1.1,mass_1p1,1,58.819846910811975,0.0,67.7157599624984,0.0,66.67996323324519,0.0,0.04412522893341549,0.0
a2p70,mass,1.3,mass_1p3,1,177.22843840151722,0.0,162.7321481431527,0.0,176.15629480425014,0.0,0.1329524952663757,0.0
a2p70,mass,1.5,mass_1p5,1,297.7818876707129,0.0,295.72305533220015,0.0,290.2727101297246,0.0,0.22338878211666252,0.0
a2p70,mass,1.7,mass_1p7,1,646.4064607810571,0.0,613.8810000458761,0.0,599.6148546417566,0.0,0.4849185192415059,0.0
a2p70,mass,2.0,mass_2,1,1515.6828511735303,0.0,1589.8033922477377,0.0,1584.5735197697575,0.0,1.1370286784304842,0.0
a3p00,friction,0.5,friction_0p5,4,-158.4236536443529,82.2616353620263,-157.47352373249555,84.97165410203564,-157.44227823710878,81.59624774236882,-0.11066107898031481,0.056383404404705614
a3p00,friction,0.6,friction_0p6,4,-79.63610365213208,86.43237773858826,-131.50599734434059,71.11776162160409,-130.04362341489406,71.60840749235267,-0.05934950034153861,0.06465276711540198
a3p00,friction,0.7,friction_0p7,4,-70.04620521641539,51.98000455326578,-98.38948450290826,63.35091306759568,-96.33740794508611,53.17705613239554,-0.051190567920662365,0.040289625765726325
a3p00,friction,0.8,friction_0p8,4,-36.758956791765,67.69095752213317,-60.2063001700692,37.48556743676175,-62.07014665997792,34.33259004173842,-0.02497004541586394,0.048422694909042566
a3p00,friction,0.9,friction_0p9,4,-24.113546799835717,16.264798495513446,-33.02149893845325,25.73604332789377,-33.22403553391075,19.527433360846725,-0.01651790929245814,0.00981688658586239
a3p00,friction,1.0,friction_1,4,0.0,0.0,0.0,0.0,0.0,0.0,0.0,0.0
a3p00,friction,1.1,friction_1p1,4,40.820521625791,57.2942913477542,10.995704241558883,29.8941799545973,17.254516455983946,20.869766087753316,0.026652001289759603,0.035477180331534755
a3p00,friction,1.3,friction_1p3,4,57.06085437367159,32.597109822024336,51.59151899799724,44.39452769750998,51.71381614851822,42.488419279523356,0.039110652761716776,0.01868986157049099
a3p00,friction,1.5,friction_1p5,4,104.9781613206265,43.85055020465394,110.37931428797202,46.44786777232435,105.72983680764389,48.24549225299328,0.07248822703433316,0.023552906128311103
a3p00,friction,1.7,friction_1p7,4,132.58924843531906,39.46761141904449,129.66909851426738,36.51465826674555,131.7756936302066,39.81460594792254,0.0925974380530021,0.02333033882605224
a3p00,friction,2.0,friction_2,4,178.55603763512624,41.58636389738732,167.45537655409805,34.41465816565964,171.49211341022226,39.88000849701821,0.12500754227094546,0.023324156613763986
a3p00,gear,0.5,gear_0p5,4,1552.5648371039556,447.0061494661359,1581.5616607530487,445.3042543824069,1575.0594671972585,438.43783295456143,1.0956493604194395,0.29808582884491064
a3p00,gear,0.6,gear_0p6,4,1361.9375220434551,424.7910952292998,1374.5235347045652,510.33665512079807,1379.254741052839,501.36376931851083,0.9557111413756982,0.25164856852759143
a3p00,gear,0.7,gear_0p7,4,940.4432504444255,292.6524387341108,852.3463157067395,273.7629028605023,917.3494865423606,276.40749103290955,0.6612343930333744,0.1806434196456874
a3p00,gear,0.8,gear_0p8,4,507.4654088201184,243.89028633210705,415.4426339903178,149.81884630851957,425.8244115468629,155.67653287239025,0.353655511532739,0.1489105079975834
a3p00,gear,0.9,gear_0p9,4,149.84770483755858,75.57474830740664,148.07574136098435,60.982195982272,147.1185690174978,60.64809240374869,0.10430229253896492,0.04642931689785994
a3p00,gear,1.0,gear_1,4,0.0,0.0,0.0,0.0,0.0,0.0,0.0,0.0
a3p00,gear,1.1,gear_1p1,4,-36.23933310936371,36.79991810931365,-24.454136193356533,26.81405619357619,-28.30059779019723,20.40628059828981,-0.02551016066320302,0.02652366022218625
a3p00,gear,1.3,gear_1p3,4,25.00588203474723,139.21809941958722,34.55493716546982,141.54173176922947,32.78069529919469,137.95154709273638,0.01914717210843083,0.10323450023566283
a3p00,gear,1.5,gear_1p5,4,364.7841552239613,183.49109252857193,195.3449896929265,275.66411112070233,214.47121399008927,269.42569800394955,0.2626679143920475,0.14332838086046143
a3p00,gear,1.7,gear_1p7,4,780.2208359628097,214.63704165736223,725.8306191141095,434.8479843694321,711.0690516100202,401.7449739598041,0.5633854348126845,0.18488345970387568
a3p00,gear,2.0,gear_2,4,1186.77344850272,210.3883719829473,1174.7747115403704,527.1713953875801,1232.3699109015217,347.03937314965117,0.8529439613294987,0.2012067645616596
a3p00,gravity,0.0,gravity_0,4,-369.8804377358866,78.72736943255225,-354.73748297788416,84.25125341389986,-352.83872382984885,82.09592933493389,-0.35682040405228094,0.12244576063206102
a3p00,gravity,0.5,gravity_0p5,4,-150.56391782163948,83.6076516577814,-183.18239520127946,44.25173806638289,-180.80741545348587,40.286784716006835,-0.15057141282753123,0.09759485988041965
a3p00,gravity,0.6,gravity_0p6,4,-183.18269819148688,52.32895250739147,-176.4780260445632,61.46452729677142,-166.429710649137,47.216352021796716,-0.17588679551958555,0.06646739631682654
a3p00,gravity,0.7,gravity_0p7,4,-53.18278719272817,89.98752618091774,-102.29990626295046,18.343272354720938,-95.42610432893812,19.28329563332612,-0.05180939139914587,0.08698769016228088
a3p00,gravity,0.8,gravity_0p8,4,-9.340869949969175,134.35427199728596,-87.10710192124577,67.78488512659214,-82.98930797587639,55.14272335783143,-0.0171336608078003,0.13631857754786728
a3p00,gravity,0.9,gravity_0p9,4,-1.1555146728386774,52.52413722571743,-47.7286068851939,17.83924336475324,-41.32426209079611,7.622764691950394,-0.004385010718386704,0.055149836102980396
a3p00,gravity,1.0,gravity_1,4,0.0,0.0,0.0,0.0,0.0,0.0,0.0,0.0
a3p00,gravity,1.1,gravity_1p1,4,27.744889749455126,45.607879991098805,48.59986942862781,30.05637198256034,46.515543881535336,30.17733272862601,0.028578474002670176,0.040753187639487466
a3p00,gravity,1.3,gravity_1p3,4,179.73429912393715,67.22388558733668,130.5773086469633,31.16756422801972,141.1765829432355,31.051601099560038,0.17130286698546443,0.06810624897017423
a3p00,gravity,1.5,gravity_1p5,4,257.0812261749114,88.51563186625762,201.6804794684417,53.47353908578674,202.35816181342358,58.61010509583945,0.24573043419800597,0.09050241934944994
a3p00,gravity,1.7,gravity_1p7,4,389.1605808030264,48.27149853572198,329.181758818401,65.06831834964844,335.5326704588808,70.32108883562965,0.37113277293245256,0.07977230400214572
a3p00,gravity,2.0,gravity_2,4,765.7580051142245,142.40413005422678,580.2557556363679,123.56156536309021,609.5632209426365,140.4245734541148,0.7247755172250373,0.14241056295954635
a3p00,mass,0.5,mass_0p5,4,403.7210077102549,118.83159056999412,367.04136056732034,116.24504922064393,367.3798149769837,113.91467892448895,0.2808863599869541,0.0711033643959343
a3p00,mass,0.6,mass_0p6,4,262.4607551984823,51.70772516818219,241.591199472163,82.19513023418965,233.30804282380387,77.55557377462594,0.18350292148702174,0.03249635080525506
a3p00,mass,0.7,mass_0p7,4,154.05660562064378,31.070703698562614,138.94455269527424,61.30197929794847,134.71451691046178,60.84390111220774,0.10802291932021457,0.02224737786792168
a3p00,mass,0.8,mass_0p8,4,61.149051576102465,13.148454814378624,56.08002186562942,48.57430980945575,52.402641745578705,41.94909118454669,0.04290307179473414,0.009630206947119245
a3p00,mass,0.9,mass_0p9,4,6.054650772543141,12.682855688871257,-2.9252677610942897,14.225374875450512,-6.185117073086758,11.247103551966793,0.0043569356929374975,0.00878585546505893
a3p00,mass,1.0,mass_1,4,0.0,0.0,0.0,0.0,0.0,0.0,0.0,0.0
a3p00,mass,1.1,mass_1p1,4,49.52335347652388,18.442338559790358,57.34876110781914,10.37739437822737,51.83349785748783,8.781344887087359,0.0345820432480008,0.01261053063890692
a3p00,mass,1.3,mass_1p3,4,293.60314103452527,119.97099727527763,237.90924014688022,79.26768979031327,234.59210266181069,70.64056365535413,0.2031353745742536,0.07270400497949207
a3p00,mass,1.5,mass_1p5,4,539.8796235520838,252.8329863315496,407.26658625849365,124.848580839581,474.7798748545969,178.9678645369772,0.37153214724041567,0.1493104682286249
a3p00,mass,1.7,mass_1p7,4,810.205888222454,392.6051947700837,898.2153043258262,629.3238902819346,831.1890481980766,508.2090091359601,0.5556172787941807,0.2256746837967456
a3p00,mass,2.0,mass_2,4,1303.1024283909844,476.3451529194099,1352.513800726742,565.8280589640808,1346.3199624161077,559.38977028115,0.89852663628801,0.2723051894139879
a3p05,friction,0.5,friction_0p5,4,-222.43218685394487,135.2940855938808,-218.76099415625566,138.96713490723178,-223.4276177498278,139.0879869190244,-0.1584727306557815,0.09504264335991995
a3p05,friction,0.6,friction_0p6,4,-135.84341375509814,81.01542064545374,-165.7410416103566,90.0003933336397,-168.03706743644887,91.75426272816195,-0.09630924801997676,0.05467983489850792
a3p05,friction,0.7,friction_0p7,4,-150.31339068594605,103.352725759063,-124.38332981137381,66.17561022953194,-125.96384202337822,69.00304116501563,-0.1078607696376768,0.0755825027770152
a3p05,friction,0.8,friction_0p8,4,-112.85709791267885,77.34706433209723,-81.0699040718477,38.124895759989286,-83.08355935090958,44.367514976295496,-0.08096368020919872,0.056634974521183934
a3p05,friction,0.9,friction_0p9,4,-22.668732406853792,48.98134683139298,-40.699529639465936,24.607397837617242,-44.04695951885299,28.68311314955608,-0.01606712906185119,0.03558749329620081
a3p05,friction,1.0,friction_1,4,0.0,0.0,0.0,0.0,0.0,0.0,0.0,0.0
a3p05,friction,1.1,friction_1p1,4,5.31303466342905,56.4259742114139,33.76418922862365,8.869282176169602,26.86104429310052,10.93596062045561,0.0032113331731416484,0.040835851377843825
a3p05,friction,1.3,friction_1p3,4,74.41135233667808,40.12345840116811,105.48985787081187,24.231278108898394,100.43817705060394,22.96693285161883,0.05300418893786092,0.02858612620122094
a3p05,friction,1.5,friction_1p5,4,144.3495710746672,46.12399079856626,144.62689232520756,42.24712215938042,145.15136716474353,44.715646651741686,0.10319860643399163,0.03240734226873873
a3p05,friction,1.7,friction_1p7,4,178.23319067335217,44.28150103640432,189.8750617297918,55.91723048985332,187.3309842370865,53.05038756192487,0.12759819970117375,0.03194095959604337
a3p05,friction,2.0,friction_2,4,230.10754056843876,64.97109244982983,242.74762076638518,79.74238029113428,240.05401214826497,75.3953543534928,0.1645539637067901,0.04587019903592541
a3p05,gear,0.5,gear_0p5,4,1506.711992912618,283.5227071283449,1515.484649319637,261.5638131776238,1514.9794844765456,270.0172466403443,1.0541913902522937,0.1683188784005603
a3p05,gear,0.6,gear_0p6,4,1379.7554161910907,355.41428791045735,1368.1356517525064,348.7555435678997,1368.9669902926732,356.10598593773653,0.9644262691622525,0.22676957599338268
a3p05,gear,0.7,gear_0p7,4,1079.7890514828773,253.0187240006678,946.2685388607574,334.57950836835687,985.892131555762,350.279584494344,0.7537909609596208,0.1468081112455066
a3p05,gear,0.8,gear_0p8,4,581.9141236891173,224.2212216352469,479.6732611651569,135.89827117196492,495.28667911216843,139.55148174256476,0.405893525543077,0.14697514977163545
a3p05,gear,0.9,gear_0p9,4,255.74883735485992,144.39293035553533,191.46668874337536,56.25108957415119,196.68004536639683,52.72970020060825,0.1779022909808053,0.09592780766362476
a3p05,gear,1.0,gear_1,4,0.0,0.0,0.0,0.0,0.0,0.0,0.0,0.0
a3p05,gear,1.1,gear_1p1,4,-36.67664407365464,23.11783569285605,-52.97106758726102,27.38942614967015,-51.136983275118325,28.533489581713596,-0.025376107327147304,0.015390746981270822
a3p05,gear,1.3,gear_1p3,4,67.82065082078657,108.58464697397618,63.06411421763897,123.6244210413751,68.47292710767948,116.17554347331516,0.04877296784994695,0.0796058181308605
a3p05,gear,1.5,gear_1p5,4,346.42261597254395,184.5673599771921,268.59477103790573,202.2993909519078,267.90879844224287,186.63844623825867,0.24458553026034383,0.1331539621910914
a3p05,gear,1.7,gear_1p7,4,572.6563105606982,256.7914315598119,453.61497798415974,302.08652458447165,480.80408513030005,286.59867813731125,0.40353933310065004,0.19018260167236878
a3p05,gear,2.0,gear_2,4,1070.926558180216,201.04599879183132,1047.989833336465,255.80920480523727,1072.457889336606,233.35262357888237,0.7524547047258391,0.14361828996537218
a3p05,gravity,0.0,gravity_0,4,-474.33512375095347,170.09346622913958,-374.7815089186136,155.85930455221978,-367.20083321485345,129.65932534513388,-0.5363301617755795,0.2742703574312228
a3p05,gravity,0.5,gravity_0p5,4,-236.73929378544761,102.62513439257934,-221.72374246087753,137.49321493910887,-211.45672678739922,112.143291982078,-0.26836623966951656,0.16067517506969398
a3p05,gravity,0.6,gravity_0p6,4,-211.9048330268053,81.64069721762904,-168.09852706311102,106.04773946641761,-152.7259652408147,62.14946276551554,-0.24061878135237014,0.12952628865229082
a3p05,gravity,0.7,gravity_0p7,4,-204.68579653237975,98.44745395362956,-147.20525473341638,117.29522344031707,-141.84177513804352,90.27937327020194,-0.23553317196946255,0.14898091344058106
a3p05,gravity,0.8,gravity_0p8,4,-57.51650738724169,105.9911253200954,-108.65039286573796,97.23715441369009,-91.2637222282894,53.24338358302965,-0.06691305729679793,0.12991252055306637
a3p05,gravity,0.9,gravity_0p9,4,-15.016226140434469,116.41752266788839,-58.913208941239304,70.86535737158898,6.686367755831611,105.91436049296175,-0.012580434401044081,0.14007598970059784
a3p05,gravity,1.0,gravity_1,4,0.0,0.0,0.0,0.0,0.0,0.0,0.0,0.0
a3p05,gravity,1.1,gravity_1p1,4,168.87194345743376,158.1019377988089,38.06318616720449,20.98647228835392,135.01481964026362,166.89905864919646,0.1852786003775329,0.1663545400115503
a3p05,gravity,1.3,gravity_1p3,4,197.2571210155204,115.2943686292616,121.73409461006673,20.48154823484537,174.6685204888162,85.2602187028476,0.2143837545800559,0.12263161795506407
a3p05,gravity,1.5,gravity_1p5,4,385.9675063519597,158.0197304923783,238.31795916145117,60.7290456064647,377.7481581353344,232.95854863518431,0.4272639561914558,0.20038898010159034
a3p05,gravity,1.7,gravity_1p7,4,650.0934383301253,403.2579005516645,594.6202003204174,523.2053688608573,693.1926178726067,432.85062614873704,0.6896781950561314,0.365794281737398
a3p05,gravity,2.0,gravity_2,4,842.884797979907,209.03795654277687,897.4216880203159,688.0747577473355,842.1441393986468,442.170642277304,0.9222544467769141,0.3081257011039325
a3p05,mass,0.5,mass_0p5,4,601.6457897775683,190.34108998862658,585.6832740941551,174.1875429422556,581.4868411105449,169.07136082801583,0.4187927543484829,0.1176471814303794
a3p05,mass,0.6,mass_0p6,4,397.73829723413695,134.08286189676065,381.95518556746276,115.42651107623868,386.1958661499001,114.81865205830901,0.2768448336407111,0.08392044859734275
a3p05,mass,0.7,mass_0p7,4,231.71464360683262,94.77623451739169,228.1944213707568,92.21471241308478,226.72238013751928,90.30277251934986,0.16104620871895836,0.06108238241939191
a3p05,mass,0.8,mass_0p8,4,82.11283724433707,72.6594461158714,87.45206123572916,70.0517200809356,83.78289170325718,71.07971233174896,0.056828073606549345,0.049265402304486436
a3p05,mass,0.9,mass_0p9,4,1.4403453767367296,24.274738405139228,1.1323835384569065,18.318986087124568,0.7380049673852795,12.5630818168385,0.0008597609942662195,0.01719532933918933
a3p05,mass,1.0,mass_1,4,0.0,0.0,0.0,0.0,0.0,0.0,0.0,0.0
a3p05,mass,1.1,mass_1p1,4,95.3755461256568,46.52244902207116,105.76996565257042,34.50807993631592,100.99575125258025,34.329521658734464,0.06670784073803145,0.032209846192870074
a3p05,mass,1.3,mass_1p3,4,340.2429888048816,91.67077250389576,324.0368695688103,67.33353446230237,322.3914804967403,71.12803603532107,0.23785182504456143,0.06177167320953724
a3p05,mass,1.5,mass_1p5,4,565.1024670835844,139.33117585009484,513.9562060610558,123.70040946234175,512.5291897513521,120.92027952841461,0.3954523889133097,0.09501001110042627
a3p05,mass,1.7,mass_1p7,4,712.0591453714537,160.86126471090307,678.7085028131096,186.0352021075741,679.558061579168,179.68223849420315,0.49995609519492457,0.11721308538740938
a3p05,mass,2.0,mass_2,4,1276.7331143353367,233.17346864071607,1271.3636715640905,394.53462129199306,1322.5604471398776,346.79596425918334,0.8927387120602738,0.13591411745976414
a3p10,friction,0.5,friction_0p5,5,-187.35667105459873,91.43033867231668,-185.41365972838724,94.87573040938459,-190.5751323717537,95.2508648790525,-0.1397922808631295,0.07295643471463714
a3p10,friction,0.6,friction_0p6,5,-161.56680146916614,95.26447173657255,-135.35165458197758,70.40516725285735,-142.96459823709642,70.51939467716682,-0.1211351070987301,0.07600198927900224
a3p10,friction,0.7,friction_0p7,5,-94.52497044514652,42.83444368037097,-91.2574444095711,43.3830011178198,-96.16499841055625,41.823055290816036,-0.06988551076461277,0.032255752648921485
a3p10,friction,0.8,friction_0p8,5,-47.698025261083465,37.82742755191218,-58.10113227853549,28.038802911921064,-62.09938142509086,27.22097091694038,-0.03423941507510263,0.027551366013283025
a3p10,friction,0.9,friction_0p9,5,-31.139851497271184,17.52828549992876,-27.813140785078303,21.06434461137766,-31.965253144267898,20.333031894163753,-0.02306956585101088,0.01316705735880685
a3p10,friction,1.0,friction_1,5,0.0,0.0,0.0,0.0,0.0,0.0,0.0,0.0
a3p10,friction,1.1,friction_1p1,5,8.579727521517224,17.917702338037902,14.227487712062521,18.686784550477824,11.265860247900946,17.198087600795347,0.0065606374131127075,0.013786946361588042
a3p10,friction,1.3,friction_1p3,5,88.40284809642517,83.8914525502552,66.76734675386675,34.05239588161279,62.76731200528589,33.41725192984148,0.06743298480289377,0.06730297624486502
a3p10,friction,1.5,friction_1p5,5,94.38533844902254,27.827677317092263,102.95868555976995,30.421020326117894,97.51761295979709,31.07694557716909,0.06980417042575673,0.023447341362674835
a3p10,friction,1.7,friction_1p7,5,117.13485348856962,18.524551854785955,135.4011415371146,44.542059646124684,132.98118227501783,40.460931480556205,0.08616454343444953,0.015327065991912596
a3p10,friction,2.0,friction_2,5,172.32809860257348,69.35351492671768,167.50613113294588,50.90244593985166,164.98439911202485,50.05112660490948,0.12860404593305433,0.05844192677511285
a3p10,gear,0.5,gear_0p5,5,1487.932228965879,270.3601780882161,1493.9044917009842,270.9988316222993,1492.9690373197475,266.2255738897286,1.0644806454587534,0.17543335370231722
a3p10,gear,0.6,gear_0p6,5,1391.2305617498298,327.91207473055726,1444.3402445283089,374.6875163265436,1408.8318968038625,352.1480856396767,0.9950530964119064,0.22189221680115187
a3p10,gear,0.7,gear_0p7,5,1112.7794259280531,211.29821601127438,1231.0904608184617,480.4726810373952,1132.633379957751,368.36604894502307,0.7990030986941619,0.15318616618219916
a3p10,gear,0.8,gear_0p8,5,513.2133918887755,123.23364760548152,443.42046627012525,149.56157524007642,443.6662592271423,151.97775878583872,0.368508233738173,0.09098219422032655
a3p10,gear,0.9,gear_0p9,5,210.08554216266958,68.71293863082393,163.00751026617908,50.09412002906357,164.31998134814535,52.43780404207998,0.15172805647180806,0.05277445568913929
a3p10,gear,1.0,gear_1,5,0.0,0.0,0.0,0.0,0.0,0.0,0.0,0.0
a3p10,gear,1.1,gear_1p1,5,-39.215200838861485,27.582214024763438,-44.26346780964163,29.127626471707217,-40.33587425894848,33.44605678253528,-0.02767646535844903,0.019070306736779247
a3p10,gear,1.3,gear_1p3,5,22.00371578479494,126.83583344268688,28.18883729962581,130.97208201756817,25.89614707393621,131.970067441452,0.01759351616499088,0.09166610050034253
a3p10,gear,1.5,gear_1p5,5,199.67048346300982,240.67353748534336,150.56732272108403,267.34143034878514,151.6180868784275,266.25654001454467,0.1471141312261895,0.17664139733063083
a3p10,gear,1.7,gear_1p7,5,618.6439456287692,248.3642474465064,456.57187439269484,330.8447169463386,509.0590862811151,324.58360175840755,0.44924060353384937,0.1885526265406801
a3p10,gear,2.0,gear_2,5,1147.339789171782,160.2958188887851,1154.6611951557704,327.6278433814062,1194.6324574849345,215.57725093271918,0.827231129207027,0.13467178047221515
a3p10,gravity,0.0,gravity_0,5,-586.802917962819,164.25196861692126,-398.74880908638414,130.30243333932003,-417.8549913892568,132.08400535055432,-0.7775416775661356,0.3110277630161856
a3p10,gravity,0.5,gravity_0p5,5,-404.3428796305133,168.8653659770458,-245.91324544090145,121.83905939936359,-265.53972017393636,121.53534072313042,-0.5439889877441668,0.2817471591967433
a3p10,gravity,0.6,gravity_0p6,5,-239.5579170608732,206.08986337149855,-178.809989162033,88.90709486734045,-199.28117769336336,96.95367542481054,-0.3342326915450321,0.2808731184769643
a3p10,gravity,0.7,gravity_0p7,5,-352.760365320594,119.43904071976576,-175.228502560045,100.91464484731453,-187.53645130864123,92.5811583321213,-0.46841746178125626,0.21693875444384866
a3p10,gravity,0.8,gravity_0p8,5,-186.19699906550485,93.90795004411571,-124.07332291706935,96.65513041732771,-128.09175533460797,81.92799633775938,-0.24076751237956184,0.12610916087282514
a3p10,gravity,0.9,gravity_0p9,5,-179.8298972102305,129.01895064629494,-77.21395542007295,71.42310599326787,-100.90279628913194,79.06070671707988,-0.251504196846728,0.2035116445935787
a3p10,gravity,1.0,gravity_1,5,0.0,0.0,0.0,0.0,0.0,0.0,0.0,0.0
a3p10,gravity,1.1,gravity_1p1,5,-0.05389974764427734,111.48221752886447,-4.930008326303641,55.79734026422253,-5.337080092153997,49.347502744469324,-0.01883431926878429,0.15159371095127191
a3p10,gravity,1.3,gravity_1p3,5,111.20762811451418,99.87926124169766,118.89087153464713,63.88138185313753,120.16307443052499,51.14177422381382,0.14074215807241722,0.11800984143226358
a3p10,gravity,1.5,gravity_1p5,5,347.58303146235176,102.76975899867531,188.58208016791565,46.54567912261669,281.02535123328903,110.0616321011724,0.43960660192577417,0.11901799752267365
a3p10,gravity,1.7,gravity_1p7,5,530.0732028274608,102.00050481446704,305.7794721494864,93.36449842095713,477.31992609854797,193.70262366423677,0.6780089684880127,0.15496601478671732
a3p10,gravity,2.0,gravity_2,5,839.3190634522222,249.96991463118465,959.5167124809581,545.059294931308,996.3600267733229,456.6340553322713,1.0561821307006174,0.27540443134393017
a3p10,mass,0.5,mass_0p5,5,401.1684639089951,179.90274858776513,335.06806212696415,89.97700854742615,337.14820589332413,93.92079200990774,0.28753668125277965,0.1333935973905384
a3p10,mass,0.6,mass_0p6,5,231.7905425335936,91.07417107418408,213.81909700950624,85.59078646579607,212.40417341423534,83.52449742864025,0.1658011976966755,0.06713352358569208
a3p10,mass,0.7,mass_0p7,5,105.50820286699918,79.56768864832972,92.65057425017021,56.64028555280773,89.50564869044088,54.41050193410563,0.07599727553608476,0.05927588910624191
a3p10,mass,0.8,mass_0p8,5,11.913967050526207,35.30193935692854,14.427071133680466,32.2041017702232,11.30589563823778,32.08373206484298,0.008733041707089892,0.02610068854390042
a3p10,mass,0.9,mass_0p9,5,-12.797765333695542,17.90755122473681,-13.28363987147045,12.524374773602602,-12.67666896653609,14.58412872298753,-0.009072379797959485,0.012894364823214667
a3p10,mass,1.0,mass_1,5,0.0,0.0,0.0,0.0,0.0,0.0,0.0,0.0
a3p10,mass,1.1,mass_1p1,5,95.72015568576512,42.31170940662987,86.23052695562274,20.379808827888905,84.0937364107754,18.972673043553137,0.06918048275790556,0.03205182622244624
a3p10,mass,1.3,mass_1p3,5,323.1063158828382,110.04028858852062,292.7380163566455,76.45852359973877,294.78834669928676,75.25192874232,0.23327227640079093,0.08400502928028657
a3p10,mass,1.5,mass_1p5,5,497.17398355371915,125.46416323392737,477.35932996027367,128.8928504052386,481.47312356562213,124.9924893697009,0.35825337478813035,0.09647182061115996
a3p10,mass,1.7,mass_1p7,5,855.1728015220066,214.18544257491817,732.0283913232518,224.48151327087464,798.9219778195057,239.61064848933557,0.6159871929727389,0.16289101122851535
a3p10,mass,2.0,mass_2,5,1341.0249912997556,230.56831259582538,1392.4859601784742,358.09711569753324,1350.6878407807592,297.83981845519935,0.9652173431574926,0.18446984472517058
a3p20,friction,0.5,friction_0p5,5,-199.5880597099263,94.44145429798255,-194.59697913866003,90.7629856266618,-196.42132891652386,89.01006144731748,-0.1379860735939385,0.0651256382686203
a3p20,friction,0.6,friction_0p6,5,-137.0688615025264,64.70243916482337,-137.76466543579858,65.51174487181906,-141.3525761094399,65.45750855066858,-0.09478506883525306,0.0441102993385183
a3p20,friction,0.7,friction_0p7,5,-113.80656591748625,48.94722238533498,-111.11127036619955,46.42305307711543,-113.63595644642915,45.27977084598374,-0.07898148580620315,0.034349593477780105
a3p20,friction,0.8,friction_0p8,5,-67.91741234912566,28.331941056950235,-64.6095245015637,30.379116490854777,-66.55211304700197,28.22958031624517,-0.04704288190197581,0.01950181103370722
a3p20,friction,0.9,friction_0p9,5,-27.587076764395214,15.558957204026106,-34.40481454013634,17.19879224397754,-33.51004690982195,14.160347146762836,-0.018808101265685127,0.009893827589946032
a3p20,friction,1.0,friction_1,5,0.0,0.0,0.0,0.0,0.0,0.0,0.0,0.0
a3p20,friction,1.1,friction_1p1,5,26.377234686294152,22.2053513148188,28.156533116778064,22.30755820821539,27.50369608768174,19.4936903897157,0.018293868852465516,0.016055695248515814
a3p20,friction,1.3,friction_1p3,5,85.1693044182849,19.453228966416606,88.20103160819363,23.514222909680786,85.40817883256491,26.213103980077534,0.05943442185246023,0.013589328564023713
a3p20,friction,1.5,friction_1p5,5,123.99017775997663,28.9411037476579,122.95320960024837,30.773816300068585,123.21221558945949,31.798875390480735,0.08682031545203875,0.021906376771223413
a3p20,friction,1.7,friction_1p7,5,162.5234656236536,51.14786212177668,159.17175564758767,37.84506718753427,158.74116278642236,39.038461183508794,0.114379311496734,0.03929028122211498
a3p20,friction,2.0,friction_2,5,193.86337765336634,45.84683005557328,205.16563051773988,47.07344764871201,202.06946169349536,49.25217771152486,0.13573505335693228,0.03477274887670286
a3p20,gear,0.5,gear_0p5,5,1590.0335698900612,169.99972364464688,1595.8767623042936,167.59720206013088,1593.2520591052435,167.79539530078404,1.102608357422916,0.0999530383396965
a3p20,gear,0.6,gear_0p6,5,1351.0665836961134,168.6725973820157,1421.4532954856681,213.4565528191927,1399.7900324082273,196.55815346840626,0.9381204705525452,0.11436176308727564
a3p20,gear,0.7,gear_0p7,5,835.5770095573528,98.65712428232915,796.0476265614217,146.95901139423384,796.0023083897693,149.08281718184332,0.5813148022905203,0.0761248659037105
a3p20,gear,0.8,gear_0p8,5,469.8611189304623,135.56453614509724,466.9142208773566,132.35701115943513,467.06988420957714,138.5184830393663,0.32687894193052736,0.09834970463841183
a3p20,gear,0.9,gear_0p9,5,183.9261601958,65.76720519264848,183.50330518266497,61.4485989222351,181.46599752356025,62.079653497897134,0.12836119505680083,0.04807957589030994
a3p20,gear,1.0,gear_1,5,0.0,0.0,0.0,0.0,0.0,0.0,0.0,0.0
a3p20,gear,1.1,gear_1p1,5,-29.00768786498488,28.2630530939748,-26.9729732612338,22.36011006894986,-29.191412761143464,25.230850172818066,-0.021005143441839468,0.020593659778023098
a3p20,gear,1.3,gear_1p3,5,105.65750487210826,93.19641513132348,54.36430756276527,104.22691501472197,54.07469653000949,107.99770427865354,0.07475573851728144,0.06747733137471709
a3p20,gear,1.5,gear_1p5,5,382.2447317181106,181.19152442754347,217.6921848500327,200.95505351573595,269.7211989744432,195.0302060251198,0.2716116716312185,0.13435246102909323
a3p20,gear,1.7,gear_1p7,5,739.5013501759182,288.6319367434559,576.0466051628216,399.64010216875636,710.0565254364008,314.7408619107874,0.5237266375208558,0.2164140265777608
a3p20,gear,2.0,gear_2,5,1189.6298830307255,208.7951306904677,1248.0763821438318,406.12738630094776,1210.6290963351403,361.3345032132633,0.8300775831323035,0.15571286003172724
a3p20,gravity,0.0,gravity_0,5,-359.6043730995427,101.96430811056062,-364.6371849273884,120.4016732976391,-357.10304076814015,112.75419196048098,-0.3557457083021418,0.16517274820858033
a3p20,gravity,0.5,gravity_0p5,5,-198.2694602258201,65.46207173862913,-204.44953243953873,89.96028944753677,-196.55528031443743,79.15895608189855,-0.19704839998442947,0.10104724928272737
a3p20,gravity,0.6,gravity_0p6,5,-158.91724567959653,77.61058742887651,-165.24906261985984,104.7921544103014,-161.67162792803032,94.61018314352062,-0.1604516880065711,0.10827302686321717
a3p20,gravity,0.7,gravity_0p7,5,-129.38331421103922,59.99413405486821,-122.37617571255001,61.1326970162572,-128.09970497390978,66.92218720634321,-0.1302860268734493,0.08457195401314017
a3p20,gravity,0.8,gravity_0p8,5,-68.29302451423955,24.676696366407313,-75.76480427231527,19.629476856027583,-70.93900429464672,16.83433701788806,-0.06663036326365288,0.03167050936593653
a3p20,gravity,0.9,gravity_0p9,5,-59.79463544023365,66.00171717816468,-74.3633338417873,86.13894273872478,-68.70501446148697,75.99562666878482,-0.06611273034692673,0.08394086412728564
a3p20,gravity,1.0,gravity_1,5,0.0,0.0,0.0,0.0,0.0,0.0,0.0,0.0
a3p20,gravity,1.1,gravity_1p1,5,80.7373510860635,44.65029672302065,33.50081878944254,15.173278786091625,37.021926968796016,15.018301272972078,0.0797411517836157,0.047614371319936254
a3p20,gravity,1.3,gravity_1p3,5,171.96931650358107,29.501277743495574,112.72186800719851,21.16079435243235,123.21327654798317,12.357779215112625,0.1647341337125517,0.03975911595731402
a3p20,gravity,1.5,gravity_1p5,5,313.874566498831,44.36846237824452,229.24405825836607,36.23401180366884,237.7394506767495,46.58169196731563,0.3011201274208154,0.0771934823276677
a3p20,gravity,1.7,gravity_1p7,5,405.91674734553527,84.15461272409392,305.9599393064335,61.821056733226534,328.0558462603979,79.43856310178383,0.3934342916511965,0.1363877608067206
a3p20,gravity,2.0,gravity_2,5,727.418415240564,201.50288598298079,572.8425070272162,135.09328131309942,589.7521610689406,139.79111393664496,0.6808543616201879,0.16864207022523342
a3p20,mass,0.5,mass_0p5,5,492.09805681968527,146.14298588574545,405.17717140627246,64.06924276853498,425.5993441974727,96.53495827224783,0.3430152815666594,0.10434024319743361
a3p20,mass,0.6,mass_0p6,5,340.1403806498639,137.66915677125584,263.2614797549762,31.94203045497985,280.5753755149837,60.948602727279926,0.23904925655670173,0.10476144042466416
a3p20,mass,0.7,mass_0p7,5,165.8932999140317,88.52303415167388,108.00873147992456,37.202103991999316,112.8099137881663,33.194155005520734,0.11650315132994264,0.06609835199650313
a3p20,mass,0.8,mass_0p8,5,78.45615355738933,76.25059403790401,34.1158098113237,31.359054299866493,36.62660482677643,28.863276075320524,0.05486650872836733,0.055703300972053775
a3p20,mass,0.9,mass_0p9,5,1.6355780108446651,12.685405280790652,-11.37797894747241,9.198684867342871,-8.648841005024632,9.501156077884893,0.0009929066999258731,0.009146974806477822
a3p20,mass,1.0,mass_1,5,0.0,0.0,0.0,0.0,0.0,0.0,0.0,0.0
a3p20,mass,1.1,mass_1p1,5,78.54821907616092,19.417415129598936,78.42816194960878,23.900615956436027,77.47754940680738,25.715042918865432,0.05502138072700906,0.01433128800364326
a3p20,mass,1.3,mass_1p3,5,283.3065708446034,79.39885333911333,277.47882239407505,89.1634169890433,275.98898610681,88.33766826242159,0.19843016882489728,0.06117109505616462
a3p20,mass,1.5,mass_1p5,5,515.2306673624215,122.83505452036347,470.7372412610813,144.1767251879973,476.1182025179325,145.19543135591238,0.3600733278971478,0.09478608809474515
a3p20,mass,1.7,mass_1p7,5,906.9504714401961,216.09808598351506,779.0974395969348,239.74992392822992,869.6676856082265,209.39272254877773,0.6259433949785362,0.12805746550025643
a3p20,mass,2.0,mass_2,5,1403.473060941433,387.5652130546955,1465.590791579447,429.89642508998094,1465.837161938367,428.74818057853133,0.9688645410045169,0.24412824394694857
a3p40,friction,0.5,friction_0p5,5,-126.1271656270812,76.13341681466494,-130.71157085243166,83.36386496451364,-127.87329015118976,78.38491178441919,-0.08957390183491308,0.052992290676527595
a3p40,friction,0.6,friction_0p6,5,-100.48959414312435,60.71531487369222,-96.17714213362338,61.99874495960046,-96.60577314462435,60.15115512882379,-0.07172028478427928,0.04332660995904518
a3p40,friction,0.7,friction_0p7,5,-84.2685274938452,48.57723400660441,-80.88494323471032,44.84137676755203,-80.59561639623044,47.7302025029479,-0.06062203562616614,0.03565603557057248
a3p40,friction,0.8,friction_0p8,5,-25.53296494941128,34.86489887083748,-46.508271736595,25.54143852088203,-44.37312468135569,20.29064432391878,-0.017311720013822446,0.024542836668915963
a3p40,friction,0.9,friction_0p9,5,-34.971521361921305,23.88470675046423,-31.419331582417726,20.019887720243588,-29.67890969863738,19.984062204338155,-0.02598445388852057,0.018283474513532533
a3p40,friction,1.0,friction_1,5,0.0,0.0,0.0,0.0,0.0,0.0,0.0,0.0
a3p40,friction,1.1,friction_1p1,5,9.876296648188873,25.637748624299533,12.41418545857855,14.23336757068683,12.96572112291401,18.094163388200492,0.006245264166006577,0.017948753298483163
a3p40,friction,1.3,friction_1p3,5,61.7760989722954,21.808976275137436,60.55893851871665,20.437664214537076,61.6737137708858,19.97591388280493,0.043761810559726944,0.013585981212869237
a3p40,friction,1.5,friction_1p5,5,88.86769886773854,26.87611893632009,93.66625533490529,28.05396760059404,93.70587219475155,28.82243517317897,0.06309943849148607,0.016116656060992603
a3p40,friction,1.7,friction_1p7,5,119.75593133708144,32.61404072117533,119.59229980526284,29.12391019020975,122.07226211666443,35.1238909014495,0.08543540610535026,0.020603111712489637
a3p40,friction,2.0,friction_2,5,162.45831168621308,27.335690343821472,163.93714564018325,31.336291163918517,166.02260842280697,32.63452347967151,0.11693873877189556,0.01997775862725783
a3p40,gear,0.5,gear_0p5,5,1586.7406811209617,202.3974073114627,1594.4761952896172,195.94499411135985,1594.6100061134277,195.64985298146854,1.1294569219413373,0.11124471339520564
a3p40,gear,0.6,gear_0p6,5,1302.0691027777466,245.9293887966912,1354.9580909576712,265.9481861981152,1339.9299549033244,274.13474353697296,0.9263681513155891,0.1591735629626718
a3p40,gear,0.7,gear_0p7,5,742.6246852837436,122.9318608727564,705.0738647454573,144.06289896930326,708.649860198169,144.91382793049652,0.5301100631787317,0.08863778750725676
a3p40,gear,0.8,gear_0p8,5,411.9476224077615,113.40807415553826,404.2299328314349,107.93436147408042,408.2860638383515,116.46862260632247,0.2946188602235825,0.08432492451747832
a3p40,gear,0.9,gear_0p9,5,161.2107183163509,48.112653465258845,166.26124911258597,49.405868724395184,165.14409953315004,53.334705892943326,0.11540237076945785,0.03593491027418151
a3p40,gear,1.0,gear_1,5,0.0,0.0,0.0,0.0,0.0,0.0,0.0,0.0
a3p40,gear,1.1,gear_1p1,5,-33.863133554047046,16.94305071694487,-34.511932020359744,17.56473137507874,-35.71108590511949,16.87115124950043,-0.023691419548401864,0.010974897028157892
a3p40,gear,1.3,gear_1p3,5,121.88531283342095,116.24570952683588,16.865018788502084,93.29995608976432,23.680785518857057,107.33774226546605,0.09016715158483508,0.08268614225133922
a3p40,gear,1.5,gear_1p5,5,493.6401162688568,232.51152949361557,414.1352588994956,277.4121494266002,409.0844167842158,287.20627793185366,0.3618481631398561,0.17433102595504765
a3p40,gear,1.7,gear_1p7,5,829.6877164894616,310.32077519230114,785.9481078640896,444.3464010111458,787.4473921717287,446.06954324139167,0.6041220053027798,0.24006430864032718
a3p40,gear,2.0,gear_2,5,1089.1489654843294,228.1422862155787,1092.2511012725213,328.1917968900353,1084.761695171525,280.4513306024109,0.7875149141939534,0.1921490625689884
a3p40,gravity,0.0,gravity_0,5,-370.6601645832718,96.4650574941219,-370.9929724001737,117.08470808400692,-370.14209247515527,109.86113820386606,-0.3844160522241044,0.1623282438279151
a3p40,gravity,0.5,gravity_0p5,5,-217.14016579450836,82.56806321524807,-222.7981472361966,107.59339811475787,-220.64086465563932,100.09096985881544,-0.2288983430988305,0.12516941147980726
a3p40,gravity,0.6,gravity_0p6,5,-177.74915664519978,70.98924798865838,-189.18372147948784,95.18675351261042,-185.64490821358757,90.34453968030058,-0.18711356079707675,0.10699324034490831
a3p40,gravity,0.7,gravity_0p7,5,-134.22477335845753,55.19314825176297,-136.2688428847117,89.21289168798667,-134.64165449143428,69.18365837703952,-0.1416176431948753,0.08268488687550317
a3p40,gravity,0.8,gravity_0p8,5,-112.38307218466018,84.24496713290557,-119.60188323557627,118.04878258585457,-120.31025749283624,109.87002081135348,-0.1238690038438851,0.11407965455294217
a3p40,gravity,0.9,gravity_0p9,5,-28.014807653108097,3.469462820776659,-23.437310610644364,17.944037538224546,-26.822963085237213,13.127652911462503,-0.027974556123953324,0.005001898325800827
a3p40,gravity,1.0,gravity_1,5,0.0,0.0,0.0,0.0,0.0,0.0,0.0,0.0
a3p40,gravity,1.1,gravity_1p1,5,54.24861868739856,42.717881386778444,33.23438802831579,37.326796768158665,30.659192369418133,31.591615123318125,0.052326843516367974,0.042276088753449854
a3p40,gravity,1.3,gravity_1p3,5,134.9787008099593,32.93977890002244,126.23922913299467,18.62708583485951,132.65214656867366,18.852709331062094,0.14005343939229767,0.05574475859893376
a3p40,gravity,1.5,gravity_1p5,5,217.7653923822175,33.38726376627344,206.7302082359431,43.586888588694194,209.59667976408417,40.60894753818946,0.22181665185402047,0.06318824278354539
a3p40,gravity,1.7,gravity_1p7,5,390.4114197029518,65.5485596713862,342.4969004896797,56.36935486141552,344.27151232001586,52.27307007618877,0.3963424916046933,0.1125504591725256
a3p40,gravity,2.0,gravity_2,5,580.6267135554496,73.19791948008303,496.1060086023475,57.686737251716785,511.5311309597927,41.68966775468292,0.5815048408815761,0.1162280224017084
a3p40,mass,0.5,mass_0p5,5,628.9811514612028,234.83009746623364,562.6932331666391,291.23842799783614,560.0979791546813,278.8339206936395,0.45526729693657797,0.17984975368240388
a3p40,mass,0.6,mass_0p6,5,379.1616205123495,230.20294908509825,250.4421156622273,136.3662483280393,322.3933933250566,238.67935393893669,0.27216652945397374,0.16851178093076497
a3p40,mass,0.7,mass_0p7,5,138.49049764661672,60.61025592984265,98.55447049547747,77.06264127380184,99.62809307412094,75.43676781121418,0.09846918930701695,0.04321139038975078
a3p40,mass,0.8,mass_0p8,5,55.662607419508824,64.807738896592,6.198328322681846,54.072247434759774,10.59867995740915,48.34012525020577,0.039338934869814116,0.04694054806093471
a3p40,mass,0.9,mass_0p9,5,5.561221633582045,15.80745275001534,-17.51789728939184,39.393673303248775,-15.015568624681418,35.219831387869675,0.004167691057976685,0.01136679943169218
a3p40,mass,1.0,mass_1,5,0.0,0.0,0.0,0.0,0.0,0.0,0.0,0.0
a3p40,mass,1.1,mass_1p1,5,71.98743298274326,31.48275056491064,64.68080699229372,35.850126153801085,69.63443110577487,32.54218432672797,0.05176546457511949,0.022949433394205167
a3p40,mass,1.3,mass_1p3,5,261.03162125267914,87.50236628889348,261.62903092326906,96.03039828208718,261.33863206340845,92.25753531817091,0.18783164763785318,0.06460124108193009
a3p40,mass,1.5,mass_1p5,5,462.75809364482564,139.78703629959136,447.8312457604437,163.45424495651022,453.18461010144694,152.88241094333543,0.33089207264012066,0.09934949026384618
a3p40,mass,1.7,mass_1p7,5,808.9298029961344,333.5044720795972,833.2962481218347,403.45484653612505,826.4381452452044,391.00032805073175,0.5684269562135464,0.20283609384617202
a3p40,mass,2.0,mass_2,5,1173.9654249376622,441.1606029939117,1177.5673283385545,476.7461845169316,1178.6705372418642,474.7221522315189,0.8287735169410537,0.2722036476289646
a3p70,friction,0.5,friction_0p5,5,-170.60210194342193,101.86986689427499,-187.78137357164445,105.5588342162697,-181.71950596100996,103.9097440015398,-0.12107936377211478,0.07444626972671946
a3p70,friction,0.6,friction_0p6,5,-139.72456037344463,105.18536628478715,-132.42727236707623,70.53198473288936,-124.08291719599075,65.6859128314703,-0.09950721435766934,0.07653062237966818
a3p70,friction,0.7,friction_0p7,5,-83.50025442842957,45.6477773160313,-95.1882358528047,49.41243928874743,-92.1764398175922,48.53461509605006,-0.059776166706707635,0.03356697847437762
a3p70,friction,0.8,friction_0p8,5,-58.782656382180036,26.15907708353298,-65.35032825638795,27.733156662021795,-62.45168744904613,25.45800252474869,-0.04169051533713253,0.019116236166767733
a3p70,friction,0.9,friction_0p9,5,-38.86332911603595,53.97752675124222,-29.001089978560593,24.59786898127329,-26.65286819661419,24.59190062350801,-0.028181874086181436,0.038947211959506185
a3p70,friction,1.0,friction_1,5,0.0,0.0,0.0,0.0,0.0,0.0,0.0,0.0
a3p70,friction,1.1,friction_1p1,5,29.017698416636904,14.83200040929361,15.768518666698991,20.961845808018296,22.87632088492951,20.888118685981865,0.020444725841412822,0.010658385607560201
a3p70,friction,1.3,friction_1p3,5,54.512820812088556,15.724994632907022,69.05767060946292,45.83049603196722,72.44857913642667,42.907182409375395,0.038246483529639365,0.01020481807795029
a3p70,friction,1.5,friction_1p5,5,103.34401699854016,21.40425095431754,115.9873725824907,51.391181043895074,120.89000615132122,55.105728581637855,0.07337375342360096,0.016575189345677577
a3p70,friction,1.7,friction_1p7,5,142.67055238986686,43.02879454210041,156.72153413983455,69.45139401900161,161.9162899139711,73.53503078229656,0.1015427835336642,0.032707556844332276
a3p70,friction,2.0,friction_2,5,192.13099903964903,58.58978276612291,199.54439638949185,91.21803866249556,206.82673000266126,91.01334281827847,0.13713857646883207,0.04495906913145229
a3p70,gear,0.5,gear_0p5,5,1619.9998884251988,221.41489969613187,1651.48708776505,216.93350738152373,1650.9627652336753,223.19790828228872,1.14841304636028,0.11813052626318456
a3p70,gear,0.6,gear_0p6,5,1452.6176057048012,248.16790424519775,1619.232990271117,302.1578477839308,1576.6683722730231,287.40854572609726,1.03049741728554,0.1574049477275002
a3p70,gear,0.7,gear_0p7,5,999.5731259383074,298.5936317128769,938.0760250513811,472.1092298217957,976.9816280237785,410.0856400973199,0.7065966296118643,0.18914849260160954
a3p70,gear,0.8,gear_0p8,5,465.7712189898633,176.47111275850915,408.6386162260025,110.75856707002515,408.92967564493324,104.53835602340429,0.32912918629989496,0.11779754753179948
a3p70,gear,0.9,gear_0p9,5,160.1489425035743,113.94805296649477,144.5634965905458,43.96108170551395,147.0569276491603,45.825896952284694,0.11257115968120093,0.07814140290244476
a3p70,gear,1.0,gear_1,5,0.0,0.0,0.0,0.0,0.0,0.0,0.0,0.0
a3p70,gear,1.1,gear_1p1,5,-62.757230011521685,30.30002343427013,-45.58028689284824,35.93234543278973,-39.88926824518076,26.876640934392853,-0.04464593941856402,0.022856198341906254
a3p70,gear,1.3,gear_1p3,5,26.030429477731285,78.2391260093349,18.97184634291193,87.05809865836507,18.247517485229945,84.27917605299916,0.01975560091363062,0.05889335990228339
a3p70,gear,1.5,gear_1p5,5,298.508573430617,211.19437494709115,211.47286333296856,259.2141393307851,250.58834656477762,234.24719064664052,0.21607956574196616,0.16046638550793704
a3p70,gear,1.7,gear_1p7,5,665.3391951084714,227.8886854164066,542.7498455769165,340.6212985962892,576.8647202841673,330.35490158888774,0.47571900944570417,0.17465139365380672
a3p70,gear,2.0,gear_2,5,899.6575125327636,302.9768654250006,915.9432648482095,358.5356360161083,889.8105710712831,333.0858074520239,0.6422973977518687,0.22465681915060645
a3p70,gravity,0.0,gravity_0,5,-429.56253396684696,140.10325508921184,-352.34021873432636,71.98225662891937,-347.7936290221822,62.53264395586294,-0.4611782210943834,0.2272896428664701
a3p70,gravity,0.5,gravity_0p5,5,-218.63511428774126,85.72151134588819,-194.7047710730391,71.17012304418031,-193.69395654312171,60.816898324062564,-0.2360767644131038,0.12486573228067901
a3p70,gravity,0.6,gravity_0p6,5,-179.12089762704557,73.79917461603625,-154.83655882653002,31.713094799947193,-145.70134194547637,22.79783394540323,-0.19144506432653605,0.10577854694278092
a3p70,gravity,0.7,gravity_0p7,5,-176.0692943538756,119.1251210286159,-137.02882527317723,41.940911659577196,-129.42313776532978,31.388937510439384,-0.1953217616260578,0.1606293420539963
a3p70,gravity,0.8,gravity_0p8,5,-71.3497737298491,105.19941316961155,-95.86461214001557,49.97328796491207,-86.20713777607912,33.69082617249605,-0.07947867601608956,0.11116595049910277
a3p70,gravity,0.9,gravity_0p9,5,-46.26727427949338,54.65792402125221,-40.19936033748704,16.47339469349115,-38.68856827108698,13.453863291263234,-0.051392816176125046,0.06427846738215684
a3p70,gravity,1.0,gravity_1,5,0.0,0.0,0.0,0.0,0.0,0.0,0.0,0.0
a3p70,gravity,1.1,gravity_1p1,5,36.34123872766732,62.96960159547774,39.472351222705655,24.540835186298615,51.429515529887496,41.34804805791799,0.035868200956189596,0.06987083243867127
a3p70,gravity,1.3,gravity_1p3,5,164.66519241794398,75.81952745353357,141.4905227820953,73.85870584742848,151.42886762373828,72.41455887094823,0.16617923259543038,0.07753882508494091
a3p70,gravity,1.5,gravity_1p5,5,332.14933781252364,85.87696428511929,250.8505203800152,67.88482550518289,264.50996685877567,71.62664169938985,0.34305313886210387,0.10327037624531424
a3p70,gravity,1.7,gravity_1p7,5,566.964508585914,107.01199729849534,369.6831307360676,120.32537704598796,493.2985038612169,173.06364909440373,0.5838105854558553,0.14539345226197448
a3p70,gravity,2.0,gravity_2,5,898.7074956228655,236.55115764883624,860.7056122427268,497.9160341517632,913.6077410652655,322.7219911452344,0.89213797698938,0.1349973172394051
a3p70,mass,0.5,mass_0p5,5,454.3770169332568,128.41308279705592,404.98431850333003,38.68556884614195,425.2929199144801,67.19217463647827,0.3312434501240138,0.10414439769374229
a3p70,mass,0.6,mass_0p6,5,154.42262913585054,80.35523123647623,208.72331982906084,64.79625978931604,207.6612753879108,67.23475813462557,0.10896695756531305,0.052804226406673545
a3p70,mass,0.7,mass_0p7,5,101.46164679906065,61.9688113042861,94.01711178089727,60.72573750049405,94.18545556199783,58.5487327914693,0.07214091118384452,0.044760028016985524
a3p70,mass,0.8,mass_0p8,5,24.05838729515467,47.29464494631375,24.177509786809832,45.76818183537337,27.02372907102322,47.28999504757364,0.01707840259281155,0.035066666243806825
a3p70,mass,0.9,mass_0p9,5,-55.094521359452074,34.57609226018507,-16.77815050709678,27.385024836489954,-19.62526314870729,25.70210180391632,-0.04137304907722062,0.027446495642832597
a3p70,mass,1.0,mass_1,5,0.0,0.0,0.0,0.0,0.0,0.0,0.0,0.0
a3p70,mass,1.1,mass_1p1,5,74.90904159513225,32.89960897557969,82.92561670325408,21.384938488711345,81.1993497986753,21.00403815174727,0.05377472872930591,0.023752722417889727
a3p70,mass,1.3,mass_1p3,5,272.6012544673589,85.13985814110605,264.01510685418896,82.17258369903529,265.0709479981641,82.61601872193374,0.1985318901672001,0.06664169245863966
a3p70,mass,1.5,mass_1p5,5,562.6350231151496,139.15987411475834,464.85402233505874,145.49253793524028,487.1859555890984,136.30418794261317,0.4054768200942913,0.09234478394393986
a3p70,mass,1.7,mass_1p7,5,1025.1672889239164,180.08933030305022,1182.3396174278146,509.4490803390309,1096.3977030800638,300.15669793235315,0.7425063740577083,0.1315284780198057
a3p70,mass,2.0,mass_2,5,1506.8388681516963,200.79495755606263,1677.5924108856445,249.8629239260551,1676.3424139702631,248.9353710055347,1.089167132937344,0.1271305515037295
vanilla,friction,0.5,friction_0p5,4,-17.95464004673653,306.3555288722295,-25.26207582370779,290.9506134840281,-31.478709757882598,280.07660006785176,-0.04699909516616171,0.16042394346547867
vanilla,friction,0.6,friction_0p6,4,33.06874905194428,318.1233896015644,-47.48224179561407,176.18586679974686,-35.95716697432931,189.15722985307434,-0.019064905047404074,0.14919014652554705
vanilla,friction,0.7,friction_0p7,4,-43.3191595217088,127.04711358820718,-68.26834316529937,93.63285286198463,-63.721740233349806,98.56798571632578,-0.04096408686880582,0.0740235964495513
vanilla,friction,0.8,friction_0p8,4,42.83476378935114,209.75187690560722,-20.74847937502335,103.1431951428747,-8.719604915950981,113.76662511983314,-0.00016470902163139012,0.09181990289720178
vanilla,friction,0.9,friction_0p9,4,-8.531607551718366,45.405951378900376,-14.99436794634147,53.45388507298337,-11.161089646543587,48.807651591499386,-0.0090502268219944,0.02871613748337434
vanilla,friction,1.0,friction_1,4,0.0,0.0,0.0,0.0,0.0,0.0,0.0,0.0
vanilla,friction,1.1,friction_1p1,4,103.67902039288015,141.95832473676984,46.225757503906436,34.37165043914386,48.062752438562086,36.824712605463965,0.04595673741953726,0.04741007937100946
vanilla,friction,1.3,friction_1p3,4,192.8083266797687,231.17296770618813,95.10046769659084,41.87922090283388,124.5725168510562,95.87087621137894,0.08999840041294471,0.07323945635886515
vanilla,friction,1.5,friction_1p5,4,196.97715863278705,145.89470002048859,170.0907737331509,102.09209895071463,166.2909924763839,94.36397846678629,0.10486187196181967,0.045310099072989905
vanilla,friction,1.7,friction_1p7,4,254.5778093395641,198.51373555789948,220.30940414164337,139.20942556254195,212.52170583387345,119.51204058438809,0.13346260272041674,0.05597291923279033
vanilla,friction,2.0,friction_2,4,336.90431635585304,296.72650079988875,244.30058969043108,114.20298317277289,258.29321935056316,145.03072825183025,0.171797655758831,0.08483192328395917
vanilla,gear,0.5,gear_0p5,4,1970.6218499906695,491.9337765735357,2018.5874286582498,539.4088578618653,2008.6373015929148,535.7196503363508,1.1835999983721757,0.08909894248064397
vanilla,gear,0.6,gear_0p6,4,1592.0809975222714,568.3962531396887,1632.0987653759423,630.4642156374226,1629.4735126946357,622.6847616678664,0.9420333256269087,0.1700408089478172
vanilla,gear,0.7,gear_0p7,4,1156.5855379604545,553.5508941412256,1268.3184582598428,649.2591270371072,1228.0488458196987,615.3277705102727,0.6750541026441355,0.22679238428249296
vanilla,gear,0.8,gear_0p8,4,583.5724316388822,343.4702200415938,569.8697943928767,422.8633194617379,568.8005458233272,414.7294681709879,0.3268109994747494,0.08078223901026488
vanilla,gear,0.9,gear_0p9,4,204.66268245256697,151.98946535031263,225.13099427788165,206.90899994236617,222.64078703197742,197.21155667088985,0.11064304390742491,0.04276472322523375
vanilla,gear,1.0,gear_1,4,0.0,0.0,0.0,0.0,0.0,0.0,0.0,0.0
vanilla,gear,1.1,gear_1p1,4,61.03379356768295,201.25939625569717,-100.77601163972031,124.75005979723875,4.191260276177957,86.79792640584894,0.014046642328079104,0.0865119560645574
vanilla,gear,1.3,gear_1p3,4,346.1985763445738,638.0101643341104,392.09251390839995,808.62904462287,390.28340502742077,782.8278715490125,0.13924550860506352,0.2441258105224702
vanilla,gear,1.5,gear_1p5,4,665.3202295544045,834.8658886277708,600.9775840825131,1031.6625029739487,624.0231512849141,1024.2696605060862,0.31854989901446473,0.2970180849120806
vanilla,gear,1.7,gear_1p7,4,1103.7589604972136,894.2690277891625,1105.943354736375,1065.128913995309,1125.9634227168945,997.696104553334,0.5969151370832821,0.3291823802223766
vanilla,gear,2.0,gear_2,4,1462.6318561773119,627.0046293044655,1540.8974745357627,779.6973858686687,1545.278336966388,743.0163830280802,0.8575552386807713,0.2302968200368626
vanilla,gravity,0.0,gravity_0,4,-612.9860093914467,487.78970230488187,-568.1087283484762,474.93029025709006,-602.6858062697021,541.4906637016911,-0.5701677732861097,0.4202964649385182
vanilla,gravity,0.5,gravity_0p5,4,-368.54405312136475,318.05792290253555,-380.6200392534103,414.4278269217492,-371.6604859536737,396.0244040590119,-0.3441008720448753,0.2768316831913259
vanilla,gravity,0.6,gravity_0p6,4,-319.41127640387253,264.58923979278745,-331.6896479729231,359.6868439582825,-339.2951125571317,372.8317461974238,-0.29849085362729183,0.23011968098811028
vanilla,gravity,0.7,gravity_0p7,4,-211.96759363186598,174.8295561591083,-234.6995311902241,252.0014569747381,-243.17319337785608,261.90177842709795,-0.19696614196040316,0.1508884268964047
vanilla,gravity,0.8,gravity_0p8,4,-244.70697210579843,268.7707494780712,-218.35664189351832,269.40578130746366,-238.08264640723866,297.44648675476503,-0.22534484390717133,0.2345647360759415
vanilla,gravity,0.9,gravity_0p9,4,-101.27525748571904,57.49579247665969,-102.89362653279181,107.75994733953993,-98.53222293752214,97.57518513029304,-0.09787820756282395,0.05802792917948574
vanilla,gravity,1.0,gravity_1,4,0.0,0.0,0.0,0.0,0.0,0.0,0.0,0.0
vanilla,gravity,1.1,gravity_1p1,4,122.66260963131128,188.7657598456465,209.0106068223514,348.0055897353055,170.8009677828028,274.56120904439354,0.1096524797893853,0.167424750614857
vanilla,gravity,1.3,gravity_1p3,4,185.75109499145157,208.0592843520553,188.01937449678348,164.8638961578574,220.4412679814206,234.46168310888473,0.16813632088491678,0.18308705872513947
vanilla,gravity,1.5,gravity_1p5,4,338.77290376567794,331.21726523290425,434.5620260651275,487.0160404473527,411.11297626380184,446.6164703404854,0.30879327322551603,0.28888261979463575
vanilla,gravity,1.7,gravity_1p7,4,614.2266048948236,455.2634712736559,602.7264921241901,640.669101207512,605.1073416414384,599.1391552319421,0.5730157600860941,0.39226409438971566
vanilla,gravity,2.0,gravity_2,4,804.2075172717898,452.9392803993085,781.6232100139027,665.9529834393426,788.9390031764391,607.5748594492344,0.7499313592406225,0.3790192977750816
vanilla,mass,0.5,mass_0p5,4,961.1230996819527,359.0609553180766,1147.3204100610387,713.1982996915275,1052.042198095467,599.2685514502238,0.5907028865045982,0.16191667927212477
vanilla,mass,0.6,mass_0p6,4,611.7799041823006,604.2993115495674,751.2426716040584,940.5964110856506,735.5181917740942,905.4420307201565,0.32846694945826027,0.22640264064626614
vanilla,mass,0.7,mass_0p7,4,393.43688720290817,545.5470847639638,523.451034010901,791.9612254780639,511.9580421810699,766.4523667166858,0.19378170778979759,0.22138230649033908
vanilla,mass,0.8,mass_0p8,4,112.55010581282352,187.6559435866736,91.27276771772142,156.39505367875367,133.42767790526767,232.47547913997022,0.0521319021815568,0.0797351637878725
vanilla,mass,0.9,mass_0p9,4,-19.79461101115237,17.168145206479544,-71.23609643360635,104.510552455275,-68.48116674149531,99.21029173706171,-0.01171212070875121,0.010642795945109954
vanilla,mass,1.0,mass_1,4,0.0,0.0,0.0,0.0,0.0,0.0,0.0,0.0
vanilla,mass,1.1,mass_1p1,4,16.935189603977392,44.650209882639835,47.19469152537505,12.141879861053788,37.10506658753502,14.448495267880785,0.015572636106244342,0.025986657803066603
vanilla,mass,1.3,mass_1p3,4,209.14628913744014,44.04245291960408,271.17708703005235,105.69867678082467,269.0287701643128,109.68928993080091,0.13624510866953632,0.046151530501653854
vanilla,mass,1.5,mass_1p5,4,533.0431209441299,233.89719385125537,577.3741280906521,374.269579760883,568.5475516699855,366.3298189363365,0.3194501428117156,0.05689689675544282
vanilla,mass,1.7,mass_1p7,4,893.6795658868244,297.06127070373327,806.264618466053,479.7682875384473,901.9573308595373,417.20690335586926,0.5508185276557006,0.12150945250673814
vanilla,mass,2.0,mass_2,4,1587.645817015223,268.82278744210896,1787.464852263476,210.9308998642088,1730.7193452953795,281.5118828920463,1.008556249168934,0.21266208017516808
