model_label,axis,factor,scenario_label,n,mean_return_mean,mean_return_ci95,median_return_mean,median_return_ci95,iqm_return_mean,iqm_return_ci95,seed_iqm_of_mean_return
a1e9,friction,0.5,friction_0p5,5,1533.0509613046484,110.29617525657308,1559.9798327800734,141.59839162985995,1540.8509318736455,115.40208904210377,1508.2019557380947
a1e9,friction,0.6,friction_0p6,5,1524.1823630295598,127.42944310993767,1552.0082890096585,164.7315916857234,1545.2728770093734,153.5838249524567,1484.8394227093083
a1e9,friction,0.7,friction_0p7,5,1527.7564884099327,176.02346493052818,1557.572501502583,206.21794733309397,1552.4482394939973,204.02146645651996,1449.2937445307264
a1e9,friction,0.8,friction_0p8,5,1505.9391781923628,156.56119297296004,1530.982137725206,190.96922015239662,1528.0811102199857,183.61004610889813,1437.0386585402368
a1e9,friction,0.9,friction_0p9,5,1480.1649915468738,148.36149974120426,1518.862314753333,209.88659354441916,1513.5610736849274,200.98210188755914,1413.0229138904808
a1e9,friction,1.0,friction_1,5,1414.168733752345,75.61832222441404,1389.4962768967657,25.887495005629717,1415.841279717549,55.975804290620005,1388.8448976574552
a1e9,friction,1.1,friction_1p1,5,1396.828622802956,78.5484570197231,1389.5523577905635,41.966201732352886,1400.0716676891652,55.52729325067524,1377.212758506362
a1e9,friction,1.3,friction_1p3,5,1376.252886453492,114.64852295445644,1386.5775956535817,109.353470235257,1388.59322064804,116.36903187558207,1333.547022309439
a1e9,friction,1.5,friction_1p5,5,1319.882841285576,105.81536921256999,1375.5094690588185,171.96451901675715,1341.3173890885503,124.95613610050192,1301.559326747852
a1e9,friction,1.7,friction_1p7,5,1291.5978471834403,81.34044591025014,1307.9066692325232,72.73211100823298,1311.5405722999255,81.50991346943482,1266.107002118066
a1e9,friction,2.0,friction_2,5,1257.9707220967457,79.22096861400115,1264.0701817026038,76.75525077499408,1267.1535747925016,79.29048865588338,1258.028802636327
a1e9,gear,0.5,gear_0p5,5,-155.773942854418,178.92504190986304,-166.0045853818757,187.81425069254288,-167.82710165558615,185.83627759223552,-183.89286639832582
a1e9,gear,0.6,gear_0p6,5,126.61006887182427,278.5193522431871,89.07944825496459,334.4414400331472,103.46519287671356,315.1378419058246,190.4947376439238
a1e9,gear,0.7,gear_0p7,5,489.72691926928036,249.48789501124924,472.7223250304858,339.91701646785833,483.94876409044747,264.3430887470865,475.8504608504718
a1e9,gear,0.8,gear_0p8,5,1014.3029325202637,151.78857707856326,1032.178284809662,144.7550790611428,1030.9740166937383,145.77419242170507,1069.2421583863459
a1e9,gear,0.9,gear_0p9,5,1271.7894569483867,156.03204824005275,1303.021658579675,143.83680258981872,1303.5608507045115,147.01099402655922,1247.6611416446576
a1e9,gear,1.0,gear_1,5,1491.589260874734,216.29642533870125,1505.2681027752885,223.27204438251152,1510.8081450171446,237.95580434153797,1390.8413221732383
a1e9,gear,1.1,gear_1p1,5,1412.489776181135,65.02259739105861,1406.5387848881844,33.32439780108854,1407.4461245906582,36.729321593591685,1401.585311783798
a1e9,gear,1.3,gear_1p3,5,1325.6196013549431,102.34288813792001,1303.4351402161253,127.59740731424883,1309.586316436736,121.04236919119056,1334.7334599963044
a1e9,gear,1.5,gear_1p5,5,1000.1639767138433,192.947921809816,1106.0993781851687,247.0290170549015,1093.7969781880072,244.10625413181015,1049.825278267275
a1e9,gear,1.7,gear_1p7,5,665.2137007336371,208.8872620285701,807.9090654883269,323.6430796746404,741.1153481481988,242.161478176069,693.4694992688019
a1e9,gear,2.0,gear_2,5,162.72792235404557,180.50410670225233,95.06837545481748,174.39612417784707,106.36839910661982,191.1544508227285,159.59925680257908
a1e9,gravity,0.5,gravity_0p5,5,1198.7814960675416,68.193623643859,1220.3120302750408,43.7496594206668,1229.0292462885106,49.82094294115543,1202.1392163398477
a1e9,gravity,0.6,gravity_0p6,5,1147.1783030513438,57.68827956345587,1146.2982752724904,104.48134154083581,1155.2890179406218,78.09998925862322,1139.0646199771697
a1e9,gravity,0.7,gravity_0p7,5,1101.122819924747,83.51437035697889,1145.4647576483203,60.840617983340564,1131.2852738422685,70.11230639343256,1118.579347777934
a1e9,gravity,0.8,gravity_0p8,5,1083.772275428523,75.0387393041864,1081.7935969793784,87.94603098930992,1076.9888629123427,96.3323344978096,1095.3534187007608
a1e9,gravity,0.9,gravity_0p9,5,1017.6151093505498,118.60476195074794,983.4046248589899,180.58353130862037,1000.524625458562,154.59217974007615,1038.8297791535344
a1e9,gravity,1.0,gravity_1,5,931.1615456968191,122.99498112168702,966.3560737528162,134.87951951613246,958.4470171041594,141.43015667367808,930.031700527038
a1e9,gravity,1.1,gravity_1p1,5,933.9383951400362,136.70305002904635,933.7542165602794,131.38305545590202,934.8127913023476,132.69536437566953,962.5485826677017
a1e9,gravity,1.3,gravity_1p3,5,798.8080679805397,161.23667751315645,814.6594289494917,186.99965110262946,826.4035307115644,174.24233575883719,836.7706585783227
a1e9,gravity,1.5,gravity_1p5,5,652.6828270594136,186.6094068940285,716.5748386645257,202.96514259831878,702.9153571206932,204.90108781093508,673.1054187253693
a1e9,gravity,1.7,gravity_1p7,5,482.8622463342276,219.00768701637912,584.6989771303055,219.4813977279501,569.0318554812432,234.98612457383044,488.72164191614655
a1e9,gravity,2.0,gravity_2,5,275.57540075588565,250.10769767361336,396.9857262057418,272.80142023954454,384.68411748659753,227.12595270381786,290.473254296349
a1e9,mass,0.5,mass_0p5,5,854.0592772006428,158.70395749488452,969.6320435876399,99.29718390193223,968.3809775523893,101.369215510823,881.4139458006413
a1e9,mass,0.6,mass_0p6,5,1021.6787796490553,99.13884487657401,1130.7398464400494,117.54019155968305,1128.6312689736708,102.86318017352274,1047.2743291424874
a1e9,mass,0.7,mass_0p7,5,1244.0843483764259,64.28453114396812,1266.9564596264374,38.73003953449213,1264.9739319408488,36.91087093562681,1248.979218773007
a1e9,mass,0.8,mass_0p8,5,1372.3171884657572,31.483643236789362,1379.3788005286292,22.484028490124373,1367.8441276103997,25.766109577593326,1380.182259061323
a1e9,mass,0.9,mass_0p9,5,1408.8944749622774,33.38264656358562,1383.5318082410456,53.92920429561384,1397.4487738737594,30.26874920137071,1405.8977495634624
a1e9,mass,1.0,mass_1,5,1445.2607366736424,129.34018113121817,1471.5823809268022,152.2301824774958,1475.8964042570192,162.9397000544313,1388.0643837557539
a1e9,mass,1.1,mass_1p1,5,1415.2625248781242,194.32557368785572,1442.2060639246522,218.46991128744241,1439.339539303728,214.50077179256405,1334.7862570664147
a1e9,mass,1.3,mass_1p3,5,1193.0504808186047,154.80770993513391,1205.4446978975952,167.31881492945018,1206.4656774010523,164.92626332856977,1179.4825263208654
a1e9,mass,1.5,mass_1p5,5,940.1494880003481,243.75889872516524,1007.6662942867781,205.79561052481426,985.3312426147922,206.32073739093738,950.2817485820251
a1e9,mass,1.7,mass_1p7,5,654.3707145967477,238.52675872684642,792.6472352536042,221.66627867591814,697.7802134515981,251.6822616301527,649.7830532922387
a1e9,mass,2.0,mass_2,5,183.6784879467674,230.4022331274712,22.450898654319758,338.79305567693814,112.57080225101265,289.19608093984266,171.26550362310948
a2p85,friction,0.5,friction_0p5,5,1928.5778191904567,618.1783600528256,2035.2403161174152,809.9239687058457,2030.2903034166252,807.6738671133704,1717.990555103206
a2p85,friction,0.6,friction_0p6,5,1932.163524801505,739.4229801153426,1979.5198860477394,803.3118186584245,1977.5842911785955,809.156082864051,1628.3205670371342
a2p85,friction,0.7,friction_0p7,5,1955.6340162751972,857.8492366300667,1963.6156409352334,864.881841579215,1962.7640268442533,860.3433277144267,1574.8224865830186
a2p85,friction,0.8,friction_0p8,5,1865.2904306448568,772.8852823578045,1914.7847359404004,845.9443476979052,1912.291762742428,847.3455152121333,1522.973859218405
a2p85,friction,0.9,friction_0p9,5,1851.0469271887935,832.8717089769222,1883.915555086073,871.0949262519205,1881.2883045480498,868.5357569144883,1461.9412169915165
a2p85,friction,1.0,friction_1,5,1815.9461380920015,856.7660114351992,1845.066808502877,882.074533796584,1839.9303919643353,878.2896715719833,1405.698862099791
a2p85,friction,1.1,friction_1p1,5,1787.8445042223059,878.0154494562722,1804.8972936063678,886.9808182017076,1797.2947492053795,878.4011003698655,1359.9746372695984
a2p85,friction,1.3,friction_1p3,5,1747.7122628723896,883.7744195836458,1753.219238558388,888.6574797295336,1752.0061155666403,884.7072082225588,1305.5813697510023
a2p85,friction,1.5,friction_1p5,5,1639.9766527749532,814.429704366162,1665.6981507678988,843.6844960497102,1667.78770285342,849.770250929906,1237.6471889267539
a2p85,friction,1.7,friction_1p7,5,1609.2676855826678,845.9401555706121,1631.3183884630628,879.8119076225116,1631.2905751828048,876.0625189878508,1192.5640923448582
a2p85,friction,2.0,friction_2,5,1521.9984920744407,772.2935948545085,1581.547990021771,868.6076479982576,1571.788078457923,860.6581322526355,1147.4250312985948
a2p85,gear,0.5,gear_0p5,5,-68.93557162051854,242.93753880122276,-71.96781220194369,245.84889806263178,-71.88426050086977,244.32708612388979,-114.93620849158803
a2p85,gear,0.6,gear_0p6,5,111.91184646559998,297.4015727785188,69.93417083975933,369.5637284037876,93.1886119380121,347.8038189829774,131.78627631412846
a2p85,gear,0.7,gear_0p7,5,653.3745494474658,278.37734422713055,739.3335115370548,233.3162329184317,694.7066323439934,245.83944567343127,566.9109394879746
a2p85,gear,0.8,gear_0p8,5,1145.416507136815,633.6770403264853,1227.1136287641075,583.4086823478028,1227.1019927169905,591.0433066857197,881.5313264472767
a2p85,gear,0.9,gear_0p9,5,1594.3011379626848,786.3128097598764,1602.391221763722,793.5827959757391,1600.6537440390575,786.6861065300328,1217.7260868635105
a2p85,gear,1.0,gear_1,5,1818.8772171657176,860.9436802108902,1837.3842612238964,887.5556112262426,1832.560438352896,879.9588664390451,1407.0927116598957
a2p85,gear,1.1,gear_1p1,5,1882.085803848912,849.7774151256133,1928.1160188272538,911.8462111960888,1924.4556985204854,911.4838170943599,1482.8724603031785
a2p85,gear,1.3,gear_1p3,5,1706.1667495944753,623.2757663667143,1890.0653304244515,976.0070653087478,1774.0826471852051,753.630332411698,1474.9032022887084
a2p85,gear,1.5,gear_1p5,5,1196.3760692995118,292.60372917163664,1182.6975541353572,237.59914866019648,1213.8606273656108,230.12511465961484,1195.687568150086
a2p85,gear,1.7,gear_1p7,5,709.5117172726752,184.67887899569206,852.1392116451163,297.3554405174948,831.0190371257002,300.29888676043356,685.9952127169237
a2p85,gear,2.0,gear_2,5,311.3815953859783,274.4206118013319,336.1645019234912,391.0406553427326,341.73387939048996,378.27776313121024,230.07225793414463
a2p85,gravity,0.5,gravity_0p5,5,1590.3431618426198,703.7709936877563,1591.828740241153,700.6716090072961,1591.5599564845047,700.6580752586711,1250.847502212314
a2p85,gravity,0.6,gravity_0p6,5,1436.7225512245573,611.3257360117395,1506.9201152370904,663.2091075406216,1506.7226726049294,661.0084458294755,1157.3690823892964
a2p85,gravity,0.7,gravity_0p7,5,1401.5398466017527,615.3848059596969,1459.4705509553735,629.692941257123,1456.8099388187761,631.6751211545745,1122.708107796737
a2p85,gravity,0.8,gravity_0p8,5,1359.8213146881778,632.3906153802296,1424.641389346334,603.656167418337,1421.3655647435953,604.1326012585865,1070.1529159186184
a2p85,gravity,0.9,gravity_0p9,5,1371.2579625440212,596.6774929449477,1370.3010293902569,605.7326014555276,1372.3058958326433,604.4292058380184,1107.2950785492792
a2p85,gravity,1.0,gravity_1,5,1233.2936610684287,555.2918621457759,1288.061655438037,524.9621392862083,1286.8934612798475,526.1151223803548,1007.6673768433442
a2p85,gravity,1.1,gravity_1p1,5,1188.9563606312283,522.0859659977489,1229.4762097216746,511.29236464649404,1220.4564992072076,513.3873786632338,987.6881480682426
a2p85,gravity,1.3,gravity_1p3,5,986.0616306734564,447.80522848849193,1110.5953204837326,427.07513104401465,1102.4773147690416,430.23542171439425,818.8659853974531
a2p85,gravity,1.5,gravity_1p5,5,849.887481595488,360.88496650770094,975.0631676381275,361.0229754165509,962.240222602577,364.012561054363,732.0209902376749
a2p85,gravity,1.7,gravity_1p7,5,572.1599842419912,419.1754627796149,713.9354758697312,406.8848200459323,682.0955947764946,440.1216351791005,593.6225517300875
a2p85,gravity,2.0,gravity_2,5,374.3025710317678,235.27444123162888,598.186204162939,151.04808091879582,543.049745107828,208.9176781000684,427.2597242039829
a2p85,mass,0.5,mass_0p5,5,835.536758195811,276.4285793180864,838.7914183348099,139.55295224346858,808.4562614546865,216.60374654974527,939.4665644395378
a2p85,mass,0.6,mass_0p6,5,1186.6936369183038,422.7417002578028,1271.2634738140875,357.3903113536853,1294.3934534855546,418.7351944399333,1081.450039816523
a2p85,mass,0.7,mass_0p7,5,1469.7498662192322,642.2384093107279,1632.5825216012695,792.7904259293482,1561.80651982508,670.5371518999423,1227.1711890967028
a2p85,mass,0.8,mass_0p8,5,1633.199393428683,694.0037606851522,1790.0586456252065,877.2515911128958,1778.213693692735,870.5914567784619,1316.586465777749
a2p85,mass,0.9,mass_0p9,5,1766.2891778123878,747.3276229267719,1833.6067009817707,850.89722167617,1814.2407247537117,817.5963098532196,1405.484766652423
a2p85,mass,1.0,mass_1,5,1831.3944049163565,882.131948859565,1841.1891559794283,879.9385197533137,1839.0807264956995,881.5225636637284,1411.4778832934608
a2p85,mass,1.1,mass_1p1,5,1731.0476655608666,814.7026898932327,1744.1165749150011,838.2096022618542,1743.2977068210228,834.1930056884738,1342.8018047343837
a2p85,mass,1.3,mass_1p3,5,1344.5671399296727,519.8083074821794,1359.9010510222638,525.8542104415999,1357.1711956681413,524.278957734092,1105.8612677321692
a2p85,mass,1.5,mass_1p5,5,966.7909320493009,196.75350082999222,980.4003536621703,200.30848801601974,974.3595299502606,195.3834822650557,905.8824180242972
a2p85,mass,1.7,mass_1p7,5,744.5958773118622,82.20276047018916,765.6672913757324,75.35320288512771,763.2564028758848,74.29281601061187,755.1520662560193
a2p85,mass,2.0,mass_2,5,388.7749538840286,185.64674856793295,325.9528274119528,329.7296984807248,383.32125029161364,228.81732175387174,427.01926354015114
a2p95,friction,0.5,friction_0p5,5,2404.048727925105,927.3908140109639,2469.8863092903653,991.1660412747491,2468.1055140185435,990.0405459948165,2134.0004379305897
a2p95,friction,0.6,friction_0p6,5,2297.5761694610874,854.7251090355797,2422.8004603794416,989.7838768619172,2418.6129617646816,987.9956275883246,2062.875050056174
a2p95,friction,0.7,friction_0p7,5,2276.068788057143,921.6774767686525,2369.1017450979343,1004.8140992312966,2365.056146127692,1000.3239127446432,2004.693697095567
a2p95,friction,0.8,friction_0p8,5,2261.824763255526,927.5237335055559,2329.1523066313343,1001.8504837005635,2327.474315166139,996.5270618996619,2001.6810905197192
a2p95,friction,0.9,friction_0p9,5,2165.456617733239,834.9401508051934,2292.100420789001,983.1765173841292,2283.9416118797594,970.8856114922764,1936.9835317607137
a2p95,friction,1.0,friction_1,5,2095.867192911536,800.1388616774423,2248.3138919227877,969.0825972897927,2235.719560984355,959.206055076265,1887.1726301357155
a2p95,friction,1.1,friction_1p1,5,2014.4098024026025,746.5015523899302,2190.5558775419404,950.3866695294247,2158.5000146753546,919.358163924962,1826.081015781362
a2p95,friction,1.3,friction_1p3,5,1844.7887192689006,596.995640366983,2086.09126170363,882.031220266872,1984.0885049905805,783.121113348555,1665.2637115340538
a2p95,friction,1.5,friction_1p5,5,1925.807215521199,760.037299579085,2064.5885407469696,922.9391256695026,2035.7739110664902,903.5332447042973,1702.0004111877536
a2p95,friction,1.7,friction_1p7,5,1737.8891795540392,595.2612285582952,1842.4285620608127,767.9219179891838,1808.6505849867492,690.8228041239834,1559.3758273237388
a2p95,friction,2.0,friction_2,5,1568.814893675541,421.5850564422394,1550.185396621666,382.3989393136841,1573.1739268535475,419.2539888883131,1447.3594117224893
a2p95,gear,0.5,gear_0p5,5,92.84925252974399,273.0070590787124,95.15708850118592,274.0906866898409,92.95301424820097,272.23892795946654,87.77226152510319
a2p95,gear,0.6,gear_0p6,5,342.28075391643495,418.3126727658949,319.8211280325571,447.49246385554187,321.3837149801282,448.6403735416974,326.06405294374457
a2p95,gear,0.7,gear_0p7,5,738.8339155067691,577.1874524895195,833.3815139268803,580.4549122570601,825.0872362388934,577.1327775539548,808.0093821905454
a2p95,gear,0.8,gear_0p8,5,1425.865186396762,648.7081844580065,1510.9719867328045,610.0602964433815,1501.5789398802328,603.3677255515599,1317.6939329548593
a2p95,gear,0.9,gear_0p9,5,1971.5638421078452,863.563373646785,1996.8404975151057,888.4359913970308,1996.2937642654142,890.0417190167329,1788.6616850045684
a2p95,gear,1.0,gear_1,5,2035.2654164449755,722.9705542258556,2242.9285636658574,967.4157708152568,2180.7901830408337,889.7600111382433,1857.5991090220648
a2p95,gear,1.1,gear_1p1,5,1993.6924510404474,672.9869932684505,2132.8326310622338,955.648368283379,2056.4871582434675,782.8218621764721,1801.282653897323
a2p95,gear,1.3,gear_1p3,5,1391.8502689376382,218.12871314951653,1364.2326003665814,216.14942674873518,1392.7111103720665,221.35723628655492,1411.932451672812
a2p95,gear,1.5,gear_1p5,5,883.3025928198191,261.3929172883186,906.7957347434927,365.8157852659952,925.4151769645681,330.26298408581516,861.6291403061417
a2p95,gear,1.7,gear_1p7,5,558.6536299354675,271.2306044732205,634.463635467934,396.85486973913487,584.9812755076157,317.8065159137772,529.7168877728033
a2p95,gear,2.0,gear_2,5,15.430690353367448,141.71675617086,-39.74521592065264,132.33309899177922,-33.942561044441256,142.51775583836906,-13.529546987597541
a2p95,gravity,0.5,gravity_0p5,5,1919.1012594338958,805.7116769391115,1973.0561327390137,806.5086773129948,1968.7540022245598,815.7388528116006,1724.217966464218
a2p95,gravity,0.6,gravity_0p6,5,1867.312906686897,731.6349204604775,1910.07228523588,779.3991046699675,1909.9561629811797,778.8080548120371,1715.7581405671992
a2p95,gravity,0.7,gravity_0p7,5,1780.1400598475561,668.6476963223033,1854.1322780967573,744.2536569952772,1849.444250690444,746.1197329030467,1641.327446504598
a2p95,gravity,0.8,gravity_0p8,5,1686.721665621064,615.2103277259395,1801.2609598736576,736.797501883788,1787.2639015476848,729.1776876749512,1588.5859524834839
a2p95,gravity,0.9,gravity_0p9,5,1709.3043924520048,677.4247588638322,1739.7596622254398,679.4290817258941,1741.283640163171,681.5922929118423,1573.3901334976852
a2p95,gravity,1.0,gravity_1,5,1611.660918273227,646.3324565846717,1653.842476867904,649.6123022051213,1654.855062886223,652.5713830113549,1494.3172515744936
a2p95,gravity,1.1,gravity_1p1,5,1549.635169170408,625.9399612899184,1596.3702721802808,638.7532266552777,1591.6374481205191,638.5614335285125,1424.4959143645567
a2p95,gravity,1.3,gravity_1p3,5,1371.3997618065532,623.6153109598348,1433.3084607387304,605.1179470852128,1436.6595965856347,598.3434596304767,1272.5937084283444
a2p95,gravity,1.5,gravity_1p5,5,1266.9393941179403,508.87742468702766,1313.8374754352994,513.6216615255456,1312.203475136391,515.8845815036183,1216.904182382784
a2p95,gravity,1.7,gravity_1p7,5,1052.3970089589434,566.4608092012076,1126.1550250805083,505.33002126920616,1124.8614240951988,517.7566019332523,1035.3548165183247
a2p95,gravity,2.0,gravity_2,5,729.9897157799451,509.65935200363043,851.1176709463301,414.5493170198642,834.4517819166227,424.4743539641333,736.0618622874726
a2p95,mass,0.5,mass_0p5,5,846.5197669061996,181.5879753733706,882.0171915975136,153.21082719932255,855.6687209384506,183.1586906501612,876.4240108161963
a2p95,mass,0.6,mass_0p6,5,1090.1499350194454,81.42959231300327,1104.5107491023496,103.22469269698911,1104.539116510219,100.7435843505845,1092.94167237609
a2p95,mass,0.7,mass_0p7,5,1479.9880338562753,367.35893462044703,1393.3704076992744,243.3243835736487,1426.0845535300862,283.22658090634934,1390.851905989812
a2p95,mass,0.8,mass_0p8,5,1715.5582145569256,422.5303156394914,1659.225625895975,337.00323772969875,1730.7804050169148,435.7596117215218,1640.9111551302246
a2p95,mass,0.9,mass_0p9,5,2102.6404856692097,815.3275446006434,2224.103454512743,955.1452936065652,2214.6047092165963,939.0815058871302,1873.948862439981
a2p95,mass,1.0,mass_1,5,2105.3611411353418,825.361605906813,2238.227090899571,979.0334634842504,2237.7500381500827,973.3698043653932,1898.359502653291
a2p95,mass,1.1,mass_1p1,5,2079.3514027753654,866.268918879079,2160.4570409921885,963.9769969696118,2148.504149879012,947.1366286445414,1882.6179847326246
a2p95,mass,1.3,mass_1p3,5,1763.8076214675846,774.3652333004608,1816.0144349033878,847.2910291428454,1818.4452408978,849.1966048640855,1605.7443442475567
a2p95,mass,1.5,mass_1p5,5,1390.3250027341014,538.8926903191235,1414.9806059711843,572.2766744132937,1411.9131277698054,567.6419377428982,1325.6830285381768
a2p95,mass,1.7,mass_1p7,5,1099.4672138931014,418.99484081797283,1147.718086981185,406.9742787863039,1141.7146419500489,407.3097321482478,1060.3923655454234
a2p95,mass,2.0,mass_2,5,676.850527618343,454.5578282925338,761.4191229849763,473.4903297085588,678.9549428733675,466.9333207682081,661.0770441500409
a3p00,friction,0.5,friction_0p5,5,1601.9996142138134,114.17085330729527,1629.8040451416582,143.16009636154482,1626.5321943648767,140.37955309082133,1618.6321483960999
a3p00,friction,0.6,friction_0p6,5,1544.1711414582282,88.85383311070143,1584.0733864336275,121.43918403345356,1583.1336888808569,117.49489816192205,1540.6470403726807
a3p00,friction,0.7,friction_0p7,5,1545.9301780471292,120.41527237307102,1554.9248616178636,110.15281299543527,1554.3664709435718,113.93816507145387,1526.3659486867107
a3p00,friction,0.8,friction_0p8,5,1489.9061306400774,100.64819077449297,1525.0620842621945,101.08225170233534,1513.2518952914027,106.4017678553058,1460.2787592965076
a3p00,friction,0.9,friction_0p9,5,1475.9931160771907,99.78474519847182,1484.4777921129646,94.76160788263454,1485.3829815140239,93.57053726143205,1458.3219264185834
a3p00,friction,1.0,friction_1,5,1418.5611692640528,48.140043494768676,1452.022811127344,80.857435292998,1455.1884568255755,81.83007337970828,1412.9071175279266
a3p00,friction,1.1,friction_1p1,5,1429.4307356712966,93.0807420338221,1439.9242521540618,84.87748141167245,1437.592601323992,84.62243896676652,1425.8499565740995
a3p00,friction,1.3,friction_1p3,5,1386.5651787892941,85.16733577894367,1398.1100685484025,85.54883262156922,1395.9708755184051,79.11842012191805,1389.8439178689853
a3p00,friction,1.5,friction_1p5,5,1340.3977252662598,61.77777374945297,1366.413305123574,66.57340106490116,1362.1682012176093,68.49847563038885,1324.7214941850334
a3p00,friction,1.7,friction_1p7,5,1298.14574901758,72.27434538815089,1323.8007139677018,77.81935317149951,1324.786798430367,77.89867449862332,1304.8889177690526
a3p00,friction,2.0,friction_2,5,1265.0285803275315,94.68896588360774,1274.3934650239603,89.12500208910753,1271.4042564605231,90.09057783397121,1274.8970654647403
a3p00,gear,0.5,gear_0p5,5,-157.33948003110018,324.4991184879714,-168.95224161110485,328.6043063328952,-165.60794405841767,326.8435093920147,-280.7175834636487
a3p00,gear,0.6,gear_0p6,5,-6.2991798381435675,214.46398788354315,-45.70756858722604,331.47784454030216,-60.097390494152066,311.24651473773815,-66.82262527200267
a3p00,gear,0.7,gear_0p7,5,548.9300056472881,152.67531899045014,776.123185485844,176.17619327155765,650.3934395346387,164.1041749818087,520.667497559078
a3p00,gear,0.8,gear_0p8,5,906.5914883231762,212.21221328616866,1053.331375922941,157.52372702052395,973.6167311115299,209.96663512366274,958.7325086568449
a3p00,gear,0.9,gear_0p9,5,1283.1037883470312,109.42408139607774,1304.1664192100786,105.8476595707231,1304.0165969999691,106.492396687237,1290.7206913356083
a3p00,gear,1.0,gear_1,5,1448.8946467716846,94.42429700741319,1451.385204949733,87.48571366909243,1452.781120973749,89.12636533918703,1442.5274206237639
a3p00,gear,1.1,gear_1p1,5,1463.1677937417853,134.15851629867782,1468.2308826851754,138.0553938946332,1465.3512175486242,140.59083964529654,1470.38688789127
a3p00,gear,1.3,gear_1p3,5,1379.767768555178,174.36444485006976,1410.265191691533,183.02416332131145,1410.2357145351966,177.27391266656645,1416.8126142390247
a3p00,gear,1.5,gear_1p5,5,1149.465172712406,316.9143668281001,1246.8982441304574,314.31731016844526,1232.1806388171772,312.1031574372476,1197.3576038064468
a3p00,gear,1.7,gear_1p7,5,790.1062243455162,339.52790173592575,952.696281368611,402.70837309235054,910.2418774720875,417.2729941670521,793.6870813424348
a3p00,gear,2.0,gear_2,5,313.00577557125774,353.26743357977944,316.7512313527078,520.0093685574255,286.20467729299855,433.9431609727012,218.45010821187432
a3p00,gravity,0.5,gravity_0p5,5,1251.329495130551,105.82155127217051,1295.7967744729249,104.48172395623405,1294.6585642040918,107.86180722675766,1242.699868713249
a3p00,gravity,0.6,gravity_0p6,5,1202.5033844889335,95.11472018141733,1274.1225988710735,88.17700752254581,1268.835616702383,97.64373109023498,1210.0996438046507
a3p00,gravity,0.7,gravity_0p7,5,1207.8008045464553,128.8499087328016,1217.824339912516,119.6401832904753,1220.5010377392377,117.10465035138742,1219.921983813894
a3p00,gravity,0.8,gravity_0p8,5,1125.4820124292542,105.62504237577396,1172.522260741089,151.23056457814823,1173.547753338301,150.90362288562275,1161.54618891056
a3p00,gravity,0.9,gravity_0p9,5,1036.7484175216744,73.26748327159953,1145.0253244741848,144.48757428527313,1147.4701495329118,126.22555508860145,1055.4814701376981
a3p00,gravity,1.0,gravity_1,5,1030.319007913258,126.75166899609253,1103.8420939841653,155.11886380040627,1106.615991843586,147.04731309337345,1028.277719946839
a3p00,gravity,1.1,gravity_1p1,5,962.2416241808567,111.29628047395731,1068.4610683766543,148.73360654601453,1064.3329170395798,151.1573710800612,973.9828522526099
a3p00,gravity,1.3,gravity_1p3,5,803.7583188100177,229.00665220086086,977.984272214183,140.24813899163667,880.4887140850697,206.65067376504786,851.9451852988285
a3p00,gravity,1.5,gravity_1p5,5,613.5193674626837,331.34297181977126,570.6559540396241,630.8808256560449,657.8861342998799,442.06426191501026,716.1452666379928
a3p00,gravity,1.7,gravity_1p7,5,429.76245276217776,322.2392930277533,433.3763826317321,593.0782351566354,480.34641666200116,467.2034019345378,491.44776989590827
a3p00,gravity,2.0,gravity_2,5,229.59164565933543,261.6953673551084,267.4104999055402,551.2122247146771,313.4143644695673,429.3786630377067,301.48238215428114
a3p00,mass,0.5,mass_0p5,5,971.9776287255332,139.66509693426786,1053.2943278736645,94.52660679562369,1057.8263629406922,93.01955651869325,1017.6903256251529
a3p00,mass,0.6,mass_0p6,5,1192.8792335973844,70.75497694351735,1211.8085096308528,76.24888121823614,1212.342821323817,76.35126437225983,1191.3735712036741
a3p00,mass,0.7,mass_0p7,5,1291.5530025519906,92.23349647124644,1313.4408575327725,99.94759931775633,1315.0053037142252,97.03679524524017,1309.2101413801443
a3p00,mass,0.8,mass_0p8,5,1369.8907201331317,87.77328194002004,1400.864616993787,84.07177336773942,1394.493399638322,89.15678912553008,1371.777939661563
a3p00,mass,0.9,mass_0p9,5,1429.2507935285016,92.61850926470503,1450.977297287775,98.69674157408397,1453.0448205451473,101.54213975415831,1416.5664951548304
a3p00,mass,1.0,mass_1,5,1428.2970953975027,127.06689690602657,1460.6963200643766,92.74392159683006,1462.417856842562,89.42234677006921,1447.9498581673397
a3p00,mass,1.1,mass_1p1,5,1383.0323395608143,81.9486224864706,1405.209906824831,98.3873865006207,1406.4093143535677,96.14135470131083,1371.706977014468
a3p00,mass,1.3,mass_1p3,5,1156.0193821396083,153.43324600179687,1230.53398044191,131.95554067610144,1229.6860048887556,131.98709742205946,1138.7776267208214
a3p00,mass,1.5,mass_1p5,5,852.8925145438285,213.29664848186127,921.2156159579717,270.85666438290747,919.1770750099668,267.64916242607615,910.5940413979566
a3p00,mass,1.7,mass_1p7,5,594.1660272447081,232.31184228088733,568.2359907116554,421.06209623182764,592.7007760163885,319.5099949034088,624.3862212858181
a3p00,mass,2.0,mass_2,5,140.67362623543252,294.53265579138156,4.44894636155932,401.7567099103559,27.080185419240273,403.2250864544196,76.48801135939088
a3p05,friction,0.5,friction_0p5,5,1663.0322200415042,145.83699002719518,1668.1653319850557,143.04515140240804,1667.7250193855793,143.67543981587747,1688.2886154486225
a3p05,friction,0.6,friction_0p6,5,1578.354914510876,104.2104166814419,1603.11847400945,112.08657615196518,1602.7358773834742,113.68940557864313,1581.6243776733488
a3p05,friction,0.7,friction_0p7,5,1513.9715243464293,85.858952865264,1559.306903659191,79.6884050908912,1561.188607306572,79.74689909604956,1498.9450519125774
a3p05,friction,0.8,friction_0p8,5,1500.4288821030611,72.03263724949092,1504.0264695696708,62.39454049283602,1504.1706221163658,64.22248030183157,1510.8834010494718
a3p05,friction,0.9,friction_0p9,5,1402.476728880485,104.63410274237468,1473.5197191979992,58.80365993749777,1468.244725746737,61.38995850428749,1415.1221181075864
a3p05,friction,1.0,friction_1,5,1387.274115457516,49.0951177259041,1431.7355301487405,42.18809251011707,1431.6440383639742,41.699775189825914,1370.0725812517464
a3p05,friction,1.1,friction_1p1,5,1380.0577505792821,44.89823398639634,1408.1840212701018,36.948180777869005,1403.9927174352076,37.38998415871561,1369.377852560794
a3p05,friction,1.3,friction_1p3,5,1336.9183028574685,15.393082381248323,1342.1420540909464,12.711841604139664,1343.3801361446247,12.746041292064959,1336.858402810063
a3p05,friction,1.5,friction_1p5,5,1226.6727212530925,70.03897179876272,1281.8469222743886,19.208542515924776,1280.9503570146153,22.089471636751515,1242.1500937883284
a3p05,friction,1.7,friction_1p7,5,1219.4288047056266,48.007020868052706,1239.7400170576675,29.894468034634166,1238.279450491665,33.934626993428594,1223.6975990046492
a3p05,friction,2.0,friction_2,5,1180.1626599667095,40.33879485337366,1186.5836162551034,37.22975185692275,1185.3456976773186,36.648729169541085,1171.0072050101576
a3p05,gear,0.5,gear_0p5,5,-80.44732894356085,183.86963302346885,-80.49560524980465,181.07552334070454,-80.15567294005112,181.61295795764724,-130.5861092372419
a3p05,gear,0.6,gear_0p6,5,109.34387774761117,234.38565481077157,124.08018357763517,270.3362267280723,117.75452274622793,266.4623070780338,88.64199828190944
a3p05,gear,0.7,gear_0p7,5,195.84428719401845,270.0464041785317,212.10151332290425,496.8422441085272,233.6545749473827,371.68125261605513,258.05499648656524
a3p05,gear,0.8,gear_0p8,5,672.0786313374587,262.8048890766264,781.2188082538445,287.47090073634354,724.6112466468342,270.2379826039223,697.0414914860629
a3p05,gear,0.9,gear_0p9,5,1200.5365420056999,54.708219239223695,1236.8854169834212,39.26902233783979,1236.229578697628,38.54359471211258,1195.769565808762
a3p05,gear,1.0,gear_1,5,1394.244561529642,66.7955952815825,1438.1976391909927,33.86907960514349,1437.124539199284,30.824930807746135,1407.379250839811
a3p05,gear,1.1,gear_1p1,5,1472.0444426191912,54.326623582180545,1476.1168254437987,52.35408770189054,1473.80278807727,52.482261930900954,1467.501257307659
a3p05,gear,1.3,gear_1p3,5,1278.624389111646,99.82178276410912,1311.1284696697958,105.25111066106128,1312.952344350977,114.49569610083208,1298.3661040890065
a3p05,gear,1.5,gear_1p5,5,1048.7906582790142,177.68114469206353,1116.587474852726,223.94712975914226,1114.9537155714186,218.69540327849447,1064.6270296758578
a3p05,gear,1.7,gear_1p7,5,754.1351349763758,251.3171653960426,873.6585117294508,324.5357597091614,859.5516736241634,319.39413858189397,775.9869097040764
a3p05,gear,2.0,gear_2,5,306.1764379576841,298.3314986284613,421.2378555225232,402.41786552674324,382.19167089820604,368.7074231209393,319.46207315097814
a3p05,gravity,0.5,gravity_0p5,5,1241.1996785095107,60.676421374069804,1275.90342638292,50.26110975288995,1277.3860141312125,52.31598649621274,1239.2850954459907
a3p05,gravity,0.6,gravity_0p6,5,1096.800708232265,150.37697906509595,1229.9447470135187,72.21887931870853,1228.2321614379202,71.38500299753909,1114.168106160963
a3p05,gravity,0.7,gravity_0p7,5,1185.9551269546384,99.10113961279592,1195.4450109309325,86.38882873675975,1195.7861835619665,84.27410654131302,1221.0370191608902
a3p05,gravity,0.8,gravity_0p8,5,1057.0081999696092,96.38164708255977,1172.32610291627,65.22594236234472,1161.8200984138105,78.65403274468764,1030.7553991053726
a3p05,gravity,0.9,gravity_0p9,5,1044.0239119244204,153.02601828970904,1109.4029263778657,131.82323178546955,1105.696370830739,133.89841658453523,1072.9060318233194
a3p05,gravity,1.0,gravity_1,5,956.93149252351,129.92795451674718,1085.5142102520501,91.17818817117438,1080.975154665975,100.77012777137529,947.753625626222
a3p05,gravity,1.1,gravity_1p1,5,892.7620106486614,134.81687265955705,1038.8103259829827,129.10342226561644,1040.516192420398,132.22284291420362,856.3574658910342
a3p05,gravity,1.3,gravity_1p3,5,742.8004751928112,276.82208807154,938.7118257775619,162.35275831357694,806.1895773933909,272.5343548922845,786.4552763365791
a3p05,gravity,1.5,gravity_1p5,5,468.3575279380046,334.36443648861945,691.4380264108431,319.4221813309618,558.9619391874938,351.84387989207966,408.8908326004826
a3p05,gravity,1.7,gravity_1p7,5,420.94639647813193,290.00375308220663,713.927239976017,303.3656319379822,596.5458165597336,298.68201897835684,415.00504042600204
a3p05,gravity,2.0,gravity_2,5,50.412390388381866,428.5885151119049,156.8562418431592,698.0352334787983,56.46723716368111,546.878622653051,30.002744022762375
a3p05,mass,0.5,mass_0p5,5,788.9092420338428,173.23837979549313,860.9176993840143,112.25113757283718,840.6400482833045,127.67901654114169,850.9570721348454
a3p05,mass,0.6,mass_0p6,5,1035.1883087699164,87.75393806989895,1052.238251962622,65.49952858780362,1054.7746697417624,67.91838283482863,1066.035358021997
a3p05,mass,0.7,mass_0p7,5,1190.6884180664788,63.948502426835134,1205.4542588482618,62.68131310454835,1204.8389249944362,64.89760990728178,1194.4284692064512
a3p05,mass,0.8,mass_0p8,5,1301.1580631608485,45.67620393597072,1341.0426790122328,46.79977121442916,1341.9149923579298,45.80732741989536,1305.9621170716762
a3p05,mass,0.9,mass_0p9,5,1434.4799166461037,22.41418571615558,1444.2439089204845,24.99927578058645,1438.2532891254082,25.264464644675844,1431.8185298612052
a3p05,mass,1.0,mass_1,5,1433.9481095544634,44.55042323747606,1440.1639340369481,43.865552652769786,1438.3127841069604,42.09494948826673,1437.1107264806087
a3p05,mass,1.1,mass_1p1,5,1294.846303153952,31.95197615214385,1338.7067595281746,36.472810750772496,1335.2949798307677,38.116046663064836,1293.6042898728267
a3p05,mass,1.3,mass_1p3,5,1076.0227523964768,62.79493457790879,1113.424072050054,47.0948814604088,1113.9214737779441,46.388297745239825,1071.3891379348063
a3p05,mass,1.5,mass_1p5,5,793.5659091455234,215.90957589955605,914.7441871576951,94.04850034580207,862.5490718324936,165.9031215828972,852.3578910347252
a3p05,mass,1.7,mass_1p7,5,533.6919760474063,321.10019088383876,527.502771853033,480.1172051069296,544.4362421803628,435.28627648555243,643.4804221088449
a3p05,mass,2.0,mass_2,5,83.70960777521715,275.810268842041,109.88681167753535,382.6323649844002,72.56699577801785,350.39708398416195,146.49992071913906
a3p10,friction,0.5,friction_0p5,5,2121.829302783845,778.2750435369035,2124.732567298376,781.1058517986497,2123.8448612206766,779.4577490448488,1750.7840038926918
a3p10,friction,0.6,friction_0p6,5,2042.72145192067,776.3251324571543,2047.511203038633,780.3293700610549,2046.6256257413497,778.8031393589964,1661.3786637912835
a3p10,friction,0.7,friction_0p7,5,2008.6282251319176,814.0789859782404,2013.120929965283,818.4229254765828,2011.6387583947358,818.166759382575,1606.3590310857833
a3p10,friction,0.8,friction_0p8,5,1964.3457232784708,789.981191026643,1960.7028416884598,784.7350725257247,1962.8965903764724,785.94492401028,1567.0621388546117
a3p10,friction,0.9,friction_0p9,5,1853.4881389495301,684.1903887146748,1925.3066019011644,815.6913055968698,1916.093336125979,800.6615976665356,1510.9651438404383
a3p10,friction,1.0,friction_1,5,1842.9503736722413,732.3864646596177,1878.0019382644077,797.0695217299769,1873.5545501987458,789.3765452806588,1482.6096594903613
a3p10,friction,1.1,friction_1p1,5,1807.5386326551554,717.5889324815569,1843.743799744654,793.6338770458657,1845.2746004726826,794.4308835874572,1458.0003379991376
a3p10,friction,1.3,friction_1p3,5,1706.7312257358426,613.4546624712801,1788.0966335311418,774.6258492112727,1786.267191645765,765.9000763250885,1417.8651802432469
a3p10,friction,1.5,friction_1p5,5,1700.0921138718618,712.6879619525317,1737.0936677461275,771.919487882096,1735.2827102863503,775.735643601009,1367.171721097123
a3p10,friction,1.7,friction_1p7,5,1624.3840760592643,640.2250640046295,1681.3557743860085,741.1583518999174,1689.0029525115183,755.5425182524455,1325.276088658467
a3p10,friction,2.0,friction_2,5,1541.9790061550739,544.4489271562002,1623.1435610679118,701.2479633884943,1601.3415153550136,657.1338087637345,1292.862130082697
a3p10,gear,0.5,gear_0p5,5,-259.00817416445557,83.40968152442959,-273.3900666037437,74.32964827422033,-267.1932293343952,79.35507158160195,-245.2214963043231
a3p10,gear,0.6,gear_0p6,5,107.22219864923343,96.36994075820672,89.51593893182863,195.57466562551824,110.95702222722191,144.65462420735844,121.33747919224754
a3p10,gear,0.7,gear_0p7,5,774.3158292811177,298.4772508546197,821.4699497599358,289.91672088940703,826.1306307196883,296.9164441255311,671.110932092399
a3p10,gear,0.8,gear_0p8,5,1241.5078748617739,490.66520397331544,1265.2548357370063,489.40059745346485,1264.3777229093912,487.8298435743905,1051.9964922867275
a3p10,gear,0.9,gear_0p9,5,1605.1763909392616,654.8968739253838,1623.8046872698699,646.3265868690327,1623.9701648159767,647.6665338792375,1306.526801164738
a3p10,gear,1.0,gear_1,5,1869.2216763818299,761.7781153315777,1869.523586072146,771.5445255327649,1874.4664705347845,770.6866425622424,1492.5165547381669
a3p10,gear,1.1,gear_1p1,5,1887.1470930138853,718.0768711525972,1974.686529974041,883.6431843365756,1973.3132723081712,881.7892285976428,1537.6903180896586
a3p10,gear,1.3,gear_1p3,5,1548.191050472474,264.5503308932345,1459.9576436365496,56.007880721384,1502.2127734599537,123.14794350686694,1469.0907330829377
a3p10,gear,1.5,gear_1p5,5,1049.8027119583398,268.6444569179036,1137.3856606579059,329.2650996268012,1106.310518850515,336.54154533417557,1108.995462090146
a3p10,gear,1.7,gear_1p7,5,665.6148481473545,309.99942179798796,808.6476776821052,500.57125519283466,816.0385065216417,483.80703076717276,719.4501478292703
a3p10,gear,2.0,gear_2,5,296.1917595381659,223.79448285284624,373.9086764355242,363.88808547857406,301.5276362777355,265.53094075639103,318.80448442209155
a3p10,gravity,0.5,gravity_0p5,5,1636.1439350159958,609.0616332391838,1639.6171237483813,607.0685747359402,1639.8197582494336,606.1940833281282,1339.354906276766
a3p10,gravity,0.6,gravity_0p6,5,1575.311229436596,561.3960076307123,1578.6154023083639,559.9672081211124,1576.7327339687429,560.4192968185023,1305.009463008778
a3p10,gravity,0.7,gravity_0p7,5,1514.5686559502883,544.4917969229728,1541.314717663937,541.697574792213,1538.1279586619105,539.9867328698002,1246.4148556581247
a3p10,gravity,0.8,gravity_0p8,5,1457.2404439938919,448.6435809336669,1479.0839383546056,487.91975157363044,1479.1411183813143,488.12590691536786,1242.7597933791155
a3p10,gravity,0.9,gravity_0p9,5,1402.9383302324254,397.41250248753187,1423.1579923223949,447.83676687229587,1425.8586191220147,447.42482522036846,1206.0273090688636
a3p10,gravity,1.0,gravity_1,5,1313.7231751266268,447.5298157996998,1370.4453458267624,418.90717963128577,1369.8695662981481,418.6620817594761,1147.2830152313743
a3p10,gravity,1.1,gravity_1p1,5,1279.103276081133,377.37185722512896,1301.7944095213934,352.9138200609981,1305.2451075607064,363.69487113144766,1100.6765999852767
a3p10,gravity,1.3,gravity_1p3,5,1070.9134627235785,376.4000671901236,1173.3477956840138,268.8196073916222,1144.42497791704,300.27947038352687,1027.5668601863388
a3p10,gravity,1.5,gravity_1p5,5,891.277024455139,388.1494289786002,1023.3940564512628,187.68128371510315,906.9990168938405,365.22634753002257,947.0836361661576
a3p10,gravity,1.7,gravity_1p7,5,809.1664726568306,204.57317699117894,888.6605644366366,74.65562829994842,890.8391498036135,85.96628708646313,844.166661983384
a3p10,gravity,2.0,gravity_2,5,562.924080927682,249.56687004737455,665.3344194297033,90.53362652070587,592.7549967144978,212.81577878077192,655.4848460498397
a3p10,mass,0.5,mass_0p5,5,926.2660809913086,277.30405325048525,910.1233812548423,140.22575929468778,877.0944054853842,211.02854487951927,968.2147360339094
a3p10,mass,0.6,mass_0p6,5,1218.3499034942836,358.40585641956767,1203.4411957955122,196.65257363684688,1243.8757294605343,262.69997429347467,1123.8003136434356
a3p10,mass,0.7,mass_0p7,5,1475.9988378728892,434.9386032247368,1541.2096442883546,557.8452948004087,1509.8117570932598,493.75308503656623,1300.5677857509136
a3p10,mass,0.8,mass_0p8,5,1743.5280399773262,712.7588357494302,1858.0472544647898,934.9755097437733,1857.4173589849338,932.1696538304815,1412.0320473545028
a3p10,mass,0.9,mass_0p9,5,1858.5100202090828,789.9231395591089,1899.1809139221987,867.3260406100334,1898.2159994708527,861.9329072996229,1466.9667779894587
a3p10,mass,1.0,mass_1,5,1871.3555582270462,764.8616576982655,1888.6689824425398,801.8578986072466,1890.5616889084486,807.3310406718771,1493.0449707487344
a3p10,mass,1.1,mass_1p1,5,1768.2546793621011,764.2426989031536,1770.8654403013327,774.1391143544602,1768.7865010747587,769.161645066014,1422.929428186928
a3p10,mass,1.3,mass_1p3,5,1476.600343497796,646.3571868968224,1507.505460843765,626.066151719936,1515.8256962752941,634.7123531109286,1173.3516162055785
a3p10,mass,1.5,mass_1p5,5,1150.2904763967115,511.5495954506426,1265.6337268188197,462.60564866292077,1216.6024540435467,476.51989257792275,963.7346301508343
a3p10,mass,1.7,mass_1p7,5,793.6299480153456,481.05500849674877,718.1649727154575,609.7857604759051,790.2011137595413,516.260335346376,697.9923321081591
a3p10,mass,2.0,mass_2,5,107.81564865456593,318.9287356817366,142.91859065726914,445.8833691619787,77.73820467687295,368.8035431842458,50.101159569238426
a3p20,friction,0.5,friction_0p5,5,1929.9701400321799,626.7415251113671,1963.7149886312468,673.0544531318249,1962.6632682011495,676.1911024272146,1649.9355320555735
a3p20,friction,0.6,friction_0p6,5,1869.678355221488,592.2655598221262,1918.0052890309448,666.5158577377088,1918.1474874615785,672.0026089659692,1589.9490847023965
a3p20,friction,0.7,friction_0p7,5,1828.9179605840407,592.3852642098881,1884.2278930207226,701.1335957351187,1888.1454424390486,700.9112583540318,1544.444740417759
a3p20,friction,0.8,friction_0p8,5,1834.5039293813002,688.6111090018668,1832.8237427678384,684.5831765440552,1837.2098768009873,690.8581604913894,1497.088648128892
a3p20,friction,0.9,friction_0p9,5,1789.881812476319,644.4835540747415,1813.1732139159544,684.6571691789653,1814.2290314982943,685.5922997905353,1483.4471474700742
a3p20,friction,1.0,friction_1,5,1732.437461123934,627.7998858780904,1779.8346755472419,698.3838382942105,1777.870572127495,695.691710951597,1433.7304686089194
a3p20,friction,1.1,friction_1p1,5,1688.1848673695845,595.601662256739,1756.1588671797224,698.49207012563,1753.0257316974098,692.5514993834809,1416.2926646926371
a3p20,friction,1.3,friction_1p3,5,1604.1267895826697,542.8053656038819,1676.336640402736,665.172545820929,1666.522848422805,652.0147899033088,1357.7393368222704
a3p20,friction,1.5,friction_1p5,5,1412.4817748296969,248.28496912406342,1470.6955784650665,343.07637472786143,1445.0876092969922,291.6762185937571,1320.3394896910404
a3p20,friction,1.7,friction_1p7,5,1413.8071641746433,330.76077728788704,1491.0591045084245,452.3671857052024,1472.79317787632,422.1704239187766,1277.642609304052
a3p20,friction,2.0,friction_2,5,1302.426887679682,221.65220841142067,1331.6528522544172,231.03362663707324,1324.0384310420686,233.4180762166472,1235.3165218086608
a3p20,gear,0.5,gear_0p5,5,-115.05731012738374,205.17566353568827,-115.58363843723237,207.84323212327888,-116.01677330640996,205.51770805182827,-136.4124681218312
a3p20,gear,0.6,gear_0p6,5,144.63893157661354,327.5790838816024,140.5609525411957,341.920407313676,130.00028368580652,346.2134400366362,93.44001771168347
a3p20,gear,0.7,gear_0p7,5,675.2178132016567,337.0952874244901,788.1946173118802,314.6088791365676,743.4900397614778,315.0300598317018,548.8817526488281
a3p20,gear,0.8,gear_0p8,5,1164.6313730823788,433.3948643548618,1180.3453514128662,421.1517795185258,1183.1986872299544,426.03877517207684,1034.1618441357243
a3p20,gear,0.9,gear_0p9,5,1530.2859488632855,569.5315974921299,1542.0194872690113,583.0405742252201,1540.3824322304467,572.6272359273042,1282.963348932267
a3p20,gear,1.0,gear_1,5,1720.9184318881767,624.6930895069872,1787.616214229376,706.2750972286652,1786.7347444649943,707.8940036855354,1439.397179481939
a3p20,gear,1.1,gear_1p1,5,1631.6956726005396,318.29614485027906,1753.4206012068528,544.5496382480335,1694.6356946433018,432.71844154524837,1485.8558204837045
a3p20,gear,1.3,gear_1p3,5,1379.1021744636887,194.03113947793406,1372.7146652026654,143.02952873016545,1394.8949163763432,126.41043654450066,1386.842979629264
a3p20,gear,1.5,gear_1p5,5,928.4831583180109,316.38367137907545,988.2285530858004,422.7390104667492,984.0926568341258,385.732682922361,867.8464936883
a3p20,gear,1.7,gear_1p7,5,636.9112698368581,335.2217574935175,710.2254842639699,433.81019293547286,681.525498682127,421.4220902017876,563.2898606958439
a3p20,gear,2.0,gear_2,5,179.3685509721064,187.37559749866432,112.42939628043219,184.39729991464594,147.63739065695935,189.9685698038315,176.85128815044843
a3p20,gravity,0.5,gravity_0p5,5,1484.1954236654358,474.18221010925373,1528.874112500371,550.6206795544146,1529.684719876616,551.9675927410142,1278.5535915340067
a3p20,gravity,0.6,gravity_0p6,5,1444.332543545365,457.3180302197934,1494.3382869181416,527.2951162790547,1486.5928837112979,521.8449372051033,1247.1146138243025
a3p20,gravity,0.7,gravity_0p7,5,1407.8312263522287,481.7032636907357,1448.3291502114669,511.84307361696335,1438.243449816729,513.1893351064531,1221.4565849869375
a3p20,gravity,0.8,gravity_0p8,5,1348.0739024918016,447.43820717446374,1378.6330930622742,481.42203428627937,1378.1984163348425,490.5532894047907,1187.8827576527203
a3p20,gravity,0.9,gravity_0p9,5,1317.3510175170964,449.6732397865278,1335.2172891942878,448.0085966939597,1335.80352972377,445.42032004525885,1156.845236872611
a3p20,gravity,1.0,gravity_1,5,1204.915499705854,381.7430121439438,1249.057191446969,419.6327313153159,1249.8257231208406,420.5482513897963,1074.6602594654958
a3p20,gravity,1.1,gravity_1p1,5,1158.691147250226,363.25086324779375,1195.3243437761369,355.1357789505853,1199.871523487966,350.5561010411413,1056.189990258953
a3p20,gravity,1.3,gravity_1p3,5,1007.4513960650736,282.5915724964589,1068.5187321155433,306.15285792108136,1066.9314532995159,301.0017510952458,944.6632977594139
a3p20,gravity,1.5,gravity_1p5,5,865.8671469215448,273.17665751294453,936.732930581236,262.54928654509285,929.0095352556979,276.66403843455214,877.5180735021673
a3p20,gravity,1.7,gravity_1p7,5,642.9672952852197,272.5511792068158,712.9520197298061,290.13353933982984,708.728015331502,271.90081583735457,702.5371086406212
a3p20,gravity,2.0,gravity_2,5,336.50357646146244,148.69852788132863,466.61423665197646,205.00446024633467,449.01814147983197,186.82087584296994,381.3672599076563
a3p20,mass,0.5,mass_0p5,5,794.1926984928763,252.39146880690166,874.6214186167111,257.14611895988355,846.1446416589743,279.08940299253106,795.2667592859829
a3p20,mass,0.6,mass_0p6,5,1069.7898955841354,124.24749702195948,1118.1282974232158,196.20551619517505,1130.6670797520517,180.20537907219918,1073.5448805149592
a3p20,mass,0.7,mass_0p7,5,1260.0603555907949,139.84564292298538,1301.9897434713869,94.99515353283853,1305.5955946939907,88.5513589876015,1283.1788247541906
a3p20,mass,0.8,mass_0p8,5,1603.6463501334886,382.6707941864299,1771.1725291953044,678.4872969864984,1689.4495233991518,520.3360574983441,1436.3927669481907
a3p20,mass,0.9,mass_0p9,5,1712.6023609247284,550.9314980394598,1819.277500331439,736.0503235921826,1792.1282474936677,685.0910511711038,1459.130691750029
a3p20,mass,1.0,mass_1,5,1740.8368293764674,615.2264923932834,1777.1719423551021,692.3514502875936,1775.3361758007948,689.8820598713919,1445.8944695027342
a3p20,mass,1.1,mass_1p1,5,1668.5095078292027,653.7523409607801,1678.4849165653388,653.1906945574657,1677.980602960266,653.6853544099424,1370.6064244688507
a3p20,mass,1.3,mass_1p3,5,1335.7483403963276,383.99461724176416,1392.5292639061397,450.78458086718706,1385.4575739499764,445.3081241422626,1219.643928766161
a3p20,mass,1.5,mass_1p5,5,1101.4320389866434,362.2686023267087,1141.299046790328,355.4873545651555,1140.4726380260502,352.1386250045708,1036.1676155595212
a3p20,mass,1.7,mass_1p7,5,659.3130514036573,356.7458317160352,642.9207491743185,515.51295094961,709.6080843157608,379.06268575078957,545.2971269582735
a3p20,mass,2.0,mass_2,5,63.01451254851122,412.91302833500146,1.1915739979363706,447.29722741202295,2.7364338076619332,449.14178975544326,-64.69781931639149
a3p50,friction,0.5,friction_0p5,5,1497.8833393533018,91.81686194452958,1502.2687085033535,93.41913774042396,1504.4441319268424,97.44374713497452,1501.9909749227936
a3p50,friction,0.6,friction_0p6,5,1468.6258099569725,73.71566835356518,1478.2934555887628,81.15707558799645,1475.5727860521827,79.6234937949321,1466.263724004962
a3p50,friction,0.7,friction_0p7,5,1449.7232142020434,56.58721606398651,1458.2835905004922,66.77115266850862,1459.1333794517395,67.1743113290126,1451.5668305844654
a3p50,friction,0.8,friction_0p8,5,1412.9631015468503,46.02900234945889,1420.8175609217913,50.41333617798293,1421.6662149829838,49.333016621681324,1416.3017280461063
a3p50,friction,0.9,friction_0p9,5,1385.6248216715412,37.17106851646167,1392.9663629754723,35.761823653246694,1392.7964420258286,35.29406382125337,1386.2456087304163
a3p50,friction,1.0,friction_1,5,1359.1862772656286,26.59763996578687,1363.530332955456,26.080421886523062,1363.1242427900931,25.845178745602816,1362.9527502231824
a3p50,friction,1.1,friction_1p1,5,1337.5041825657931,30.355798722183007,1339.4672831537664,31.508246929407782,1341.2870629800893,27.16324511850013,1342.854242575858
a3p50,friction,1.3,friction_1p3,5,1309.2895110166307,19.63664150188427,1313.2476645866439,19.037989549043957,1314.3519158430615,19.650902673050794,1309.2346699745651
a3p50,friction,1.5,friction_1p5,5,1262.019706708836,33.75399625942571,1268.7677240745084,25.456963074618667,1267.9951622240228,27.990559988350686,1261.4814812134982
a3p50,friction,1.7,friction_1p7,5,1237.7709899111064,15.759799832029962,1241.3610120776498,18.32648220251753,1240.8285390766596,13.333907278287981,1233.464076234767
a3p50,friction,2.0,friction_2,5,1188.5933153751275,34.344604977356056,1195.4263641347588,28.868431202471637,1193.9067130397495,31.152641341961797,1185.621388215555
a3p50,gear,0.5,gear_0p5,5,-208.58094897459378,167.91148700989817,-206.58193360357149,167.70836935554482,-206.73911049317763,167.60104832605083,-276.3620765804009
a3p50,gear,0.6,gear_0p6,5,-53.05486416196584,208.53086687811464,-114.00671622796537,253.60510176626795,-115.73411775673108,247.67965092636007,-97.91257534525899
a3p50,gear,0.7,gear_0p7,5,493.4059519522725,272.2912825787604,487.04449640891323,455.7700170608553,507.1872585273221,390.20036401426756,559.7514455236861
a3p50,gear,0.8,gear_0p8,5,901.1563997425067,123.69827785695801,979.8158054163101,108.02700652875325,974.9571559342036,112.26211970039694,908.9455730867758
a3p50,gear,0.9,gear_0p9,5,1225.2065245574365,54.376556321669895,1226.8638856495209,61.13892260201716,1229.0864041388872,56.74258054879603,1242.1707110534248
a3p50,gear,1.0,gear_1,5,1374.3118394399285,31.557267435754994,1380.3316607177228,31.676066530259043,1377.9256051087382,29.704602524099414,1373.4552867124812
a3p50,gear,1.1,gear_1p1,5,1404.9058832631865,69.38007130841214,1411.5032869111697,63.6398477632896,1409.2957558200396,64.78022453950658,1394.603110584382
a3p50,gear,1.3,gear_1p3,5,1362.0789952680377,129.68923524582024,1386.0497617771925,128.46674862167532,1385.579458298847,129.86935765280433,1382.412905077216
a3p50,gear,1.5,gear_1p5,5,1140.1210672589903,260.73588432684005,1244.4216145380917,261.6826175369273,1238.3659315771397,264.5820023475041,1147.7036793236891
a3p50,gear,1.7,gear_1p7,5,690.3624556338148,413.90107584720863,677.2035922110629,512.5571254401386,710.8191136019987,489.84073404189616,659.653903754267
a3p50,gear,2.0,gear_2,5,198.5520687451676,313.0625639394936,143.05130033354786,324.92831669791866,168.04155835771297,341.1648148265598,176.45883283676767
a3p50,gravity,0.5,gravity_0p5,5,1207.9647126563334,25.642746600869042,1220.9031088335694,14.32197994173068,1218.8740530803395,16.516616199272562,1203.0366402123282
a3p50,gravity,0.6,gravity_0p6,5,1159.6575449984332,45.67758204878405,1176.9565269748286,31.94073585009333,1170.852939101808,36.15347169660051,1161.5508129680854
a3p50,gravity,0.7,gravity_0p7,5,1132.758001258692,61.142527397299396,1145.3669452430095,45.64040773106976,1142.3068696947198,53.798069395661706,1142.3343504720294
a3p50,gravity,0.8,gravity_0p8,5,1056.2503199523028,99.09757807544854,1074.6068272903647,98.02982892955357,1073.5270889799217,96.7171401727916,1088.7886471812938
a3p50,gravity,0.9,gravity_0p9,5,1027.0721981745799,61.343933237934216,1047.1607070343948,58.1868762797945,1049.6346989215403,57.223857428203196,1042.6138191423004
a3p50,gravity,1.0,gravity_1,5,956.2352541023268,80.50702384255618,985.4745373455419,104.93553148152135,983.5413122294242,98.52453221307941,968.9716037616363
a3p50,gravity,1.1,gravity_1p1,5,939.6196157581153,93.75442192488808,963.1415025927123,91.30803814237153,965.1216817610317,89.74358946121129,974.6038779232308
a3p50,gravity,1.3,gravity_1p3,5,804.4162020053843,142.61693127269714,855.7615614877329,149.32081479610773,843.9484727855533,154.44595578015097,848.1736085275608
a3p50,gravity,1.5,gravity_1p5,5,735.7297403022078,112.58122427996689,791.8797531039511,113.03801298519824,783.665946439394,110.81050570534337,759.4939717923689
a3p50,gravity,1.7,gravity_1p7,5,505.55964771347726,170.40266981862334,677.6130002059375,158.77990641543613,651.5742085829108,157.70604609772616,505.17714062038357
a3p50,gravity,2.0,gravity_2,5,152.89079986794758,282.9148300055318,134.4002592240028,593.8391534393626,235.74813009406336,377.2797476760889,192.0251366260931
a3p50,mass,0.5,mass_0p5,5,939.9243260864787,178.82685012551212,1000.7664902507802,145.14803257965812,997.6914250551026,144.51507822187276,999.7240525163364
a3p50,mass,0.6,mass_0p6,5,1178.3303117368978,75.07830090455799,1194.1271974151919,71.11250773098004,1186.891861979629,74.60891878228796,1177.1457528534843
a3p50,mass,0.7,mass_0p7,5,1284.0990559162612,72.73530227933313,1292.7113303479855,69.17672332735351,1291.9803958498846,68.66049160709862,1273.891835205997
a3p50,mass,0.8,mass_0p8,5,1353.6888129934598,61.712474623593316,1375.9345841268726,52.290614063536715,1373.3729263615755,50.799647528187066,1358.8983815310833
a3p50,mass,0.9,mass_0p9,5,1390.0073463723395,34.6693445130633,1399.5309241787818,36.22821981720059,1399.1358785878,35.6650697141299,1393.3051582911412
a3p50,mass,1.0,mass_1,5,1370.900723580698,28.23930762678331,1378.7870790703723,30.77292648855069,1375.814304126774,29.791667330595672,1367.9343652659827
a3p50,mass,1.1,mass_1p1,5,1308.1771449101825,31.893942593454614,1313.990030066784,29.930812344971734,1313.7081791145108,31.45781519407638,1313.1351253159444
a3p50,mass,1.3,mass_1p3,5,1122.5818495446972,78.83058254883899,1125.19472152614,78.90463312532239,1127.6676685077994,75.82401454920812,1153.975539957886
a3p50,mass,1.5,mass_1p5,5,854.0992778752828,136.0195850697106,941.5125649672882,144.47151422906825,937.0637237442992,144.60847819896142,883.6963503839748
a3p50,mass,1.7,mass_1p7,5,527.1312554641063,138.44064302579417,684.0297627196903,173.5199361700557,633.9454986229405,164.1590871391503,484.7769602604626
a3p50,mass,2.0,mass_2,5,-38.4876982920344,251.83165668373562,-73.05534982464808,319.1327010017717,-83.49480331280677,301.16022275464377,-55.58626749229678
a3p70,friction,0.5,friction_0p5,5,1603.3377733110772,142.66597534696857,1617.8364979936534,145.29188799469352,1617.778725687293,143.1879133865321,1589.1906696961585
a3p70,friction,0.6,friction_0p6,5,1573.1818481003606,119.37037173484228,1580.1527930986572,116.28498991870686,1581.7121976407523,119.6997308298452,1563.3206333227654
a3p70,friction,0.7,friction_0p7,5,1475.2591760981807,95.6654516973343,1536.1753936309494,111.51643867042407,1535.3502227838078,108.04030078902059,1458.9953718766865
a3p70,friction,0.8,friction_0p8,5,1484.229819765756,90.48306869960115,1498.3982362115337,84.84082850685765,1498.5424503301485,86.62779900504889,1477.8320474335535
a3p70,friction,0.9,friction_0p9,5,1433.5692813974197,110.00165294298431,1460.0999423541807,87.50302001139269,1460.630144302356,84.40422556082203,1435.16148448484
a3p70,friction,1.0,friction_1,5,1447.2898440021168,76.48058929971133,1447.1256944699696,76.11473182727741,1450.5199571822668,76.55039717197508,1421.3287924727704
a3p70,friction,1.1,friction_1p1,5,1384.0498470351351,91.44292498185652,1410.1053757576508,79.05750466654173,1410.4018121654613,79.31131409961007,1342.7788686317651
a3p70,friction,1.3,friction_1p3,5,1359.8310016898497,82.75803474353239,1368.633107016411,83.35945995728996,1368.1974811720816,83.82830553739605,1325.077538866937
a3p70,friction,1.5,friction_1p5,5,1295.752425768646,113.66846139637438,1305.7658294335804,99.77617794411127,1301.5066602203076,108.02091066758787,1269.310849617708
a3p70,friction,1.7,friction_1p7,5,1257.9275593611578,125.18328594210863,1281.365265524383,111.8786527781546,1280.8109740666957,112.92414332340023,1231.5287204729568
a3p70,friction,2.0,friction_2,5,1209.506921794622,142.9157220254166,1245.2851120271796,123.0536241806958,1245.5173218723833,122.95031268406728,1178.238524738785
a3p70,gear,0.5,gear_0p5,5,-203.38370426088073,164.93914238754806,-215.08257766148307,172.6014781362938,-206.82996272101627,167.6476016082038,-279.7303286109797
a3p70,gear,0.6,gear_0p6,5,-59.37293297460665,201.50839348068413,-186.7132439215772,252.64534961514136,-167.87946323261968,245.3117490959299,-110.71211994429171
a3p70,gear,0.7,gear_0p7,5,535.4592376746612,158.70250212837658,728.7897624104578,160.62967538667542,655.6403979088852,186.29196840524406,536.9883821184113
a3p70,gear,0.8,gear_0p8,5,915.2182779305491,220.66607215181315,1025.0128712605588,149.2506601834772,996.3798447565341,169.7899696479316,946.8991011306747
a3p70,gear,0.9,gear_0p9,5,1248.2440106942945,107.9313911947081,1272.0806688068435,105.30558242368545,1273.0366228251285,105.68776984567465,1227.251428841838
a3p70,gear,1.0,gear_1,5,1436.0757949783567,79.58380170926475,1439.4839558174913,78.68318123473439,1441.5430534608106,78.54677743763898,1410.9671130450995
a3p70,gear,1.1,gear_1p1,5,1469.3746772295267,82.35714213399187,1479.6229463241589,84.52454732971107,1479.312860705566,83.99113501188327,1450.1657658429613
a3p70,gear,1.3,gear_1p3,5,1399.1265678649359,166.66173925381696,1420.432198419115,154.59129724590304,1416.8814043277107,162.36253267471886,1447.273642962331
a3p70,gear,1.5,gear_1p5,5,1091.352012923132,228.5710952096702,1243.8281834716618,261.35334156336245,1213.698309099699,251.65948458281403,1109.7461826417584
a3p70,gear,1.7,gear_1p7,5,752.6444707126728,315.5401097319744,835.7497178956979,423.2730602129475,821.1747661463196,401.24158078804015,741.6170695750208
a3p70,gear,2.0,gear_2,5,356.29248124305553,199.93841694102176,418.2619505153043,280.18793355815535,354.04876878692824,218.973664394659,345.90132751059224
a3p70,gravity,0.5,gravity_0p5,5,1214.6930148336755,92.0813974598134,1281.5827403978524,74.85368877942629,1274.004909541815,81.3136226787005,1185.7587878560432
a3p70,gravity,0.6,gravity_0p6,5,1142.5409188764236,158.78191932724226,1220.4160971036308,122.0888284770661,1222.5663558795488,118.01639743880675,1149.8039911529079
a3p70,gravity,0.7,gravity_0p7,5,1120.6774449603854,128.18805757881043,1201.9232219007718,109.06316667822357,1200.6890507908506,107.93640524650958,1097.4369727624633
a3p70,gravity,0.8,gravity_0p8,5,1116.921467628493,112.21554549170267,1184.5524775013619,92.79355181314997,1174.4165784700244,100.18835001946371,1080.9931148086666
a3p70,gravity,0.9,gravity_0p9,5,1115.2575460238133,104.00317878895184,1156.9761773696603,97.34973561505996,1146.7472684955014,107.32610405568006,1094.252179422444
a3p70,gravity,1.0,gravity_1,5,933.9703611706803,231.07732021814743,1043.4596659538845,164.9478084893381,1008.0996191161345,176.60956331017357,933.6770847287888
a3p70,gravity,1.1,gravity_1p1,5,927.2984878894725,123.02681933423604,1021.3104297017728,154.64930694807293,1019.1843295367456,143.71716272112874,898.8737153303382
a3p70,gravity,1.3,gravity_1p3,5,736.7795637316239,192.0185565804729,930.701526426625,154.2885508757844,870.7957228602893,183.8768347552286,746.9180513614555
a3p70,gravity,1.5,gravity_1p5,5,621.1399897007338,233.46217228746352,840.5411355550435,177.16719738700587,742.3814608171449,227.4617650663558,641.8987349377782
a3p70,gravity,1.7,gravity_1p7,5,460.7087821529526,200.0414803908019,717.6277621694469,220.70559421918261,610.1844128143351,251.2935038231191,442.03539828959055
a3p70,gravity,2.0,gravity_2,5,134.12032843742531,184.1048593007288,168.67545698097246,449.7762073078062,221.76435390113252,242.59847610372213,91.76966801497417
a3p70,mass,0.5,mass_0p5,5,995.5070947197592,67.89085257975172,1060.112438560766,54.40449496874071,1060.0959238444939,53.2280629362435,1004.7591367496503
a3p70,mass,0.6,mass_0p6,5,1162.0960002472052,85.85960267737875,1225.8512979652564,67.94806000607805,1221.9869151656926,67.14679480989587,1145.3039851753165
a3p70,mass,0.7,mass_0p7,5,1296.8682872193126,91.92986998929246,1349.0679994455334,60.01465059741488,1347.148176535266,65.07768647016432,1278.9070818204527
a3p70,mass,0.8,mass_0p8,5,1393.4226250456263,72.77214438772265,1428.9460103409406,63.4478723167672,1428.173898117739,64.73005147360098,1382.022504320915
a3p70,mass,0.9,mass_0p9,5,1428.8670380535239,80.93279804338378,1456.05139925317,75.51429057322285,1454.0772811486288,74.00563895916956,1399.0754347653137
a3p70,mass,1.0,mass_1,5,1396.919071308972,90.70108606881364,1435.0540907366908,87.0997324938851,1431.9266814477946,85.50971162204029,1361.8235938163089
a3p70,mass,1.1,mass_1p1,5,1352.053487854166,98.88985683395758,1369.2235136112718,93.8251569421363,1367.5724957351226,92.70429573366054,1330.6783642945409
a3p70,mass,1.3,mass_1p3,5,1120.0288136233426,119.44956381749556,1179.3709701579528,136.56430506491523,1176.4278031789866,139.6101079792832,1112.7284761711219
a3p70,mass,1.5,mass_1p5,5,799.0205378133003,149.89326787480672,990.9653305904421,166.50138075623633,942.2415285015301,123.63373598094219,796.0604214279487
a3p70,mass,1.7,mass_1p7,5,397.42841944466744,258.01060110545944,373.11822966679665,486.9897744267489,406.40949140585735,390.8963907111712,448.15637994518875
a3p70,mass,2.0,mass_2,5,-125.59056830916532,191.99826223322708,-233.40709819335353,205.8289007133727,-231.84847661370614,209.2210446149707,-140.73987729114148
a4p00,friction,0.5,friction_0p5,5,2531.9827928322275,1121.346410582636,2548.0083698501717,1095.7167032823484,2547.8720528823533,1095.902975479361,2390.106233037401
a4p00,friction,0.6,friction_0p6,5,2497.5909713251613,1081.8244594948058,2525.8379012729465,1117.437905413115,2522.5552864043125,1115.8617027836158,2345.920671419504
a4p00,friction,0.7,friction_0p7,5,2470.5704899594875,1099.7365640265411,2513.4879583933475,1133.5987742174693,2507.0037029924233,1129.6349716297912,2264.58957479633
a4p00,friction,0.8,friction_0p8,5,2404.446742927256,1080.361600798902,2453.6953672526806,1093.69589152889,2452.299342230392,1094.1237207631384,2172.941173279771
a4p00,friction,0.9,friction_0p9,5,2417.2744205486624,1102.1259112119533,2443.195540107773,1124.5837134600458,2437.8499165217772,1119.6597121245418,2209.7734095966166
a4p00,friction,1.0,friction_1,5,2383.985459483845,1124.0685164462948,2399.7171670343123,1104.6751985047497,2404.3067274024406,1109.029476211933,2167.0592956030764
a4p00,friction,1.1,friction_1p1,5,2323.196172756737,1070.7202999462445,2374.8281714611926,1098.6111666337933,2375.9851146515784,1099.147350348985,2173.0972087711657
a4p00,friction,1.3,friction_1p3,5,2196.1895916770027,970.3637489287592,2314.5960309990255,1084.4433690950834,2313.3235807639335,1081.6016122368057,2019.7409772015726
a4p00,friction,1.5,friction_1p5,5,2201.1681757079273,1000.6371517576642,2238.203949995822,1030.5782849314048,2238.3159074825007,1033.4879530282271,1982.4650183891347
a4p00,friction,1.7,friction_1p7,5,2084.657077200519,908.5326386779266,2206.2760310204962,1034.431854702501,2196.0337186953157,1021.475880750034,1910.2243394684813
a4p00,friction,2.0,friction_2,5,1976.2584663032571,786.672136239539,2149.067320459131,992.1852484487697,2137.78735076634,982.2429292531858,1899.9476854965335
a4p00,gear,0.5,gear_0p5,5,-204.56762459707994,192.59137142741812,-203.95929825215921,193.06859222088121,-203.67477226538978,192.78340057987907,-247.98475656348634
a4p00,gear,0.6,gear_0p6,5,68.36105628081077,570.1383075501498,41.131439080105125,590.0852602806606,42.22184210846556,585.9141492984864,-120.83895384282683
a4p00,gear,0.7,gear_0p7,5,894.195134609258,780.1130738535807,944.1826636909267,898.2482368414543,946.6287896935753,852.936534938287,826.2385031056169
a4p00,gear,0.8,gear_0p8,5,1608.5178483819589,818.3842191083727,1768.6234606173712,719.678807864763,1746.1069151006875,722.3238085356519,1458.2004674268937
a4p00,gear,0.9,gear_0p9,5,2132.063713286219,928.3981952571366,2162.2572548905696,958.8166148440932,2160.441220542253,957.952373414442,1935.8372153810396
a4p00,gear,1.0,gear_1,5,2372.2529160794647,1066.5776931398516,2403.7689613625103,1101.326233108099,2394.219471614347,1090.3890164581135,2156.1870804582063
a4p00,gear,1.1,gear_1p1,5,2284.4631568656155,906.7302707393194,2474.933004289795,1126.628615502651,2455.4935390404867,1104.4379367462893,2131.5830263922257
a4p00,gear,1.3,gear_1p3,5,1578.4407300579796,30.68064221338266,1473.4311869577996,153.65619309398315,1462.575043763153,183.8845073943574,1572.5636987154405
a4p00,gear,1.5,gear_1p5,5,1066.7344905140433,477.2356750178631,1024.5714449830234,596.8663777613202,1040.338236944103,578.5299752770028,1130.0161642112919
a4p00,gear,1.7,gear_1p7,5,696.2302623723617,466.75102925502136,770.9279843254856,544.2452458754052,753.2080298553898,529.9722334920975,705.3432209562696
a4p00,gear,2.0,gear_2,5,356.8372652381921,392.9381995826572,359.4446631279736,465.2082099614954,351.25694733129296,460.4909322847841,338.2811101610723
a4p00,gravity,0.5,gravity_0p5,5,1941.4187364340414,804.4648082886235,2045.0555920075465,856.5275818278424,2038.3987608464402,844.3138011596258,1861.6062724993026
a4p00,gravity,0.6,gravity_0p6,5,1862.8789931302647,875.3666677920229,1960.5804236564825,794.9034646508935,1955.99389792606,790.4396788791379,1747.1213715517533
a4p00,gravity,0.7,gravity_0p7,5,1870.9877957696106,767.9512604739376,1890.7288396134122,751.125012028415,1889.41880785255,750.4680557862197,1743.6949420149915
a4p00,gravity,0.8,gravity_0p8,5,1702.3042848311961,796.8731291906827,1828.0878482258697,707.5529520985982,1825.0671343684116,709.1754496550667,1591.6132188755407
a4p00,gravity,0.9,gravity_0p9,5,1644.03644286134,751.1910107568256,1758.5468425093363,666.3814505750738,1752.0603722551737,665.4858565228969,1532.4213340739668
a4p00,gravity,1.0,gravity_1,5,1529.2584430833203,727.4904063686727,1656.30840094809,604.3184532281047,1631.67729574719,638.1317312163293,1423.8734546305304
a4p00,gravity,1.1,gravity_1p1,5,1431.9607908749642,682.1275557810018,1599.7588900152095,563.3886911166536,1584.2622454107288,571.2963960476804,1355.9756558038573
a4p00,gravity,1.3,gravity_1p3,5,1326.972477332235,518.6942314009202,1423.4776875532555,441.9195360921794,1420.9718519465794,446.763076538422,1223.5868180763225
a4p00,gravity,1.5,gravity_1p5,5,1088.0097859891744,429.069879678801,1235.8204531575248,326.726170382809,1219.461777022339,338.34082133266173,992.5571732896484
a4p00,gravity,1.7,gravity_1p7,5,895.9259769125285,354.00304228486874,1019.1720839671837,224.38433537632784,1012.4539866508272,245.8752101913721,901.0682295254652
a4p00,gravity,2.0,gravity_2,5,526.8610507854075,53.28044755981019,714.6448406807212,67.31951169852991,681.0914742057503,65.71277643375748,526.5621930551191
a4p00,mass,0.5,mass_0p5,5,894.5684600831494,230.72843658327972,916.9367210609964,266.75093056234175,887.865502669204,251.27465954582502,894.4008890757874
a4p00,mass,0.6,mass_0p6,5,1391.2391278822756,265.8979898842493,1343.7395375651795,128.80077055294203,1362.5295909771285,157.9332103456255,1335.4939059031583
a4p00,mass,0.7,mass_0p7,5,1753.9510300182196,584.8444457525844,1870.8858433374917,805.9872645773987,1821.241087243369,717.9277986849289,1527.5015161050553
a4p00,mass,0.8,mass_0p8,5,2060.892188269164,700.7391427166024,2337.6087186872037,1022.9792359489498,2260.119017787698,947.4403637505335,1908.8200994044198
a4p00,mass,0.9,mass_0p9,5,2266.748251176791,929.3436197888398,2420.8472344748798,1111.1879663415195,2410.7457197305976,1096.7011145463318,2111.300436615973
a4p00,mass,1.0,mass_1,5,2351.8226682138625,1068.2259160610993,2417.867232315347,1134.880437095537,2413.002114142725,1125.4385407514842,2181.0893360500886
a4p00,mass,1.1,mass_1p1,5,2260.784263665767,1034.3496781581603,2318.458857975288,1063.5717162541373,2309.499916975926,1056.1978628277825,2076.6242371993885
a4p00,mass,1.3,mass_1p3,5,1955.270516038774,850.3223856239247,2012.1824063748386,852.6152531482496,2005.7344956689346,844.2799994959435,1780.8630730269913
a4p00,mass,1.5,mass_1p5,5,1550.6758086543002,634.2487650078515,1643.8018459713717,556.9055498760438,1637.6593321321695,565.2001400021863,1479.3293876988007
a4p00,mass,1.7,mass_1p7,5,1231.9287348038306,508.10696530159635,1343.696132430349,385.18329677041305,1292.622973216386,447.39629246193454,1269.2812498334335
a4p00,mass,2.0,mass_2,5,319.2440022777635,400.1092358489005,338.4370159911027,548.0095277437551,269.70618990704963,495.64440394829325,291.5327629893571
vanilla,friction,0.5,friction_0p5,5,2185.3300370514457,764.4396693611548,2251.1297098996356,773.5589217729308,2251.5910270563713,772.7284359721428,1911.1114263632523
vanilla,friction,0.6,friction_0p6,5,2215.8615824250583,776.9854711764516,2224.2595481154503,778.7961145799908,2223.777242723314,779.1822841767988,1986.9958742385559
vanilla,friction,0.7,friction_0p7,5,2124.1378320303156,797.019693963919,2192.177733884987,819.5468266624908,2185.7674696041413,817.4236855879632,1832.3859763123019
vanilla,friction,0.8,friction_0p8,5,2120.7394914360157,787.4113891111792,2158.689483962218,801.4593007743284,2163.988788170588,804.3900783772666,1864.608955276088
vanilla,friction,0.9,friction_0p9,5,2071.803959226871,762.8445465872906,2132.313588676383,817.503965564034,2133.610954095184,821.0860153215004,1837.3612893722905
vanilla,friction,1.0,friction_1,5,2042.3654336342333,781.8965944107964,2097.499479222965,807.7824280804543,2106.456868534815,815.0837811373941,1777.6217700650304
vanilla,friction,1.1,friction_1p1,5,2068.639349557766,807.6919772597371,2086.2469043995684,834.8608817282283,2086.9350164623784,836.9919094796818,1862.7366018613602
vanilla,friction,1.3,friction_1p3,5,1952.1870529591833,792.734651773853,2047.3839191368666,868.8915904837629,2043.047099957672,862.5951458877121,1682.7282802000657
vanilla,friction,1.5,friction_1p5,5,1921.7643416201838,774.6297338185282,1965.8110585671761,834.3332060675707,1965.3115211902434,831.416293262386,1704.4328183520774
vanilla,friction,1.7,friction_1p7,5,1826.2993102138994,698.722049575371,1912.6850316039115,818.8149627602814,1917.7709198315758,829.5725319927178,1688.1165693527748
vanilla,friction,2.0,friction_2,5,1741.7829566677422,714.2446990532703,1862.8970522512573,852.7462612768651,1848.5019584251197,840.2045445520187,1528.3200726572668
vanilla,gear,0.5,gear_0p5,5,-257.19524966407505,104.34967249026381,-260.4864832283645,99.74773555400384,-258.7744424608549,101.10746801524309,-261.95781061909497
vanilla,gear,0.6,gear_0p6,5,108.86476667338101,118.27030306285644,126.41542380178757,171.70780536776692,128.96310765336474,151.67325078823242,125.42882707592054
vanilla,gear,0.7,gear_0p7,5,796.5879087099538,275.92268170527575,805.8540449256659,283.4473908116319,810.4997394764912,277.36582257783846,672.4978263530924
vanilla,gear,0.8,gear_0p8,5,1342.8499260971782,473.41958143975984,1347.7857266058006,465.39572632400353,1346.4146340168368,468.74115077926655,1181.2106326424164
vanilla,gear,0.9,gear_0p9,5,1742.806414511559,623.4847659628393,1769.3494771628236,668.7963853250386,1770.293784224044,667.8565462385901,1540.4636474479255
vanilla,gear,1.0,gear_1,5,2059.634534556498,771.2497549480995,2119.960503114604,823.3045150530559,2112.409916873998,822.677045250983,1826.5339942132334
vanilla,gear,1.1,gear_1p1,5,1996.8493241675083,635.3053494245889,2196.0012322092384,856.6979157353318,2133.7442860233305,809.1531155040213,1787.9383645676687
vanilla,gear,1.3,gear_1p3,5,1415.8228496635388,199.60471024474558,1351.6348220231507,242.92915135462684,1348.704590743028,220.23488099325252,1441.3052089949488
vanilla,gear,1.5,gear_1p5,5,956.4411729733932,278.6153589983443,1004.5237835093819,428.0479040967994,975.6680614163403,411.2524530157694,955.6554962921115
vanilla,gear,1.7,gear_1p7,5,541.7673948609606,340.0540694645376,544.5079848837529,400.7050635444829,545.6664510258944,394.9178747814153,502.9717004049506
vanilla,gear,2.0,gear_2,5,231.2508515319596,305.71683980757575,125.7355866853054,396.5861548018935,161.16304446496775,383.6473975072714,160.51313246689134
vanilla,gravity,0.5,gravity_0p5,5,1736.505796637762,557.8244494169285,1795.8604449212085,624.3123953620257,1792.9669653538665,621.8050105943345,1580.1657791092837
vanilla,gravity,0.6,gravity_0p6,5,1664.9477233308069,550.712582454498,1737.9832441323838,581.3780772913757,1732.6764693236873,576.8555961247488,1457.5085624038838
vanilla,gravity,0.7,gravity_0p7,5,1580.9842405028717,508.03015204934917,1663.8545184672028,538.8542928030535,1652.2517680060234,531.3753632843813,1377.9688199705524
vanilla,gravity,0.8,gravity_0p8,5,1514.0935513267,484.12440413516805,1623.6172132722265,511.5847140729148,1572.4882151449158,488.8058877409506,1313.2754082457602
vanilla,gravity,0.9,gravity_0p9,5,1409.1811472512147,431.5767585005946,1497.6736954401201,443.4862062760187,1472.321548773731,439.3775750543688,1221.6118039532848
vanilla,gravity,1.0,gravity_1,5,1383.4334725575525,418.4634069425863,1450.3353625899035,426.5163814015827,1424.5556862853068,414.2675908382121,1203.622552415876
vanilla,gravity,1.1,gravity_1p1,5,1259.8693161740832,375.85180901407625,1337.9753451672193,353.6268909035793,1295.7403632141363,360.64996423912896,1095.8573470578283
vanilla,gravity,1.3,gravity_1p3,5,1078.1575231315749,347.7274999263283,1122.5683871665838,315.23147599177236,1102.2382897278783,337.7120556018773,1017.4196922976492
vanilla,gravity,1.5,gravity_1p5,5,908.6294287584367,325.7261296463271,909.7220279195875,351.83382335202054,916.5089485533351,336.2598152884774,918.0402765964509
vanilla,gravity,1.7,gravity_1p7,5,677.9741481491534,404.0760899853671,704.9235510628366,433.9335573573907,688.0835794668201,443.66495995591447,795.6806321928125
vanilla,gravity,2.0,gravity_2,5,351.8964044896252,465.43819595525764,388.0511217522179,462.31979246273636,381.000820265384,468.05211516270657,482.9775022985389
vanilla,mass,0.5,mass_0p5,5,835.5114293704403,164.44005036534614,811.5859675449277,249.31679824565822,794.6906414188409,226.15789903889564,874.0506316363266
vanilla,mass,0.6,mass_0p6,5,1237.9416965287394,234.39883387148728,1172.5164187797595,175.6955258321021,1153.1257538129405,130.50900381803726,1147.1425782232225
vanilla,mass,0.7,mass_0p7,5,1730.317434650447,718.6041236988563,1838.7687932542103,902.9162578662965,1822.2733904867146,880.6335462452932,1385.2919435855868
vanilla,mass,0.8,mass_0p8,5,1838.7919468213372,551.7418070489979,1954.8805283715185,682.1349421692196,1907.2771914211298,628.5654740143763,1633.9988271994396
vanilla,mass,0.9,mass_0p9,5,1972.2225001207541,649.1572531461309,2189.0387916404784,891.8564902317959,2159.3476040567393,866.6291261404023,1774.6050650088157
vanilla,mass,1.0,mass_1,5,2090.14729109308,812.0828069681637,2093.6266554793738,811.0039066616976,2105.186112116514,821.2981424723248,1847.0939259937888
vanilla,mass,1.1,mass_1p1,5,1959.1257994223938,721.1255780275613,2008.822361838154,785.4148467157013,2007.7992716023928,783.3346428573028,1770.5681242720677
vanilla,mass,1.3,mass_1p3,5,1653.8484984979648,658.9117049526938,1653.792136202686,651.3673167469485,1656.6015943958578,650.7150833991385,1464.9862051152813
vanilla,mass,1.5,mass_1p5,5,1260.4949288686987,516.8320473471858,1284.9081037132396,514.3414742052202,1285.3305985491465,510.90908795578383,1088.378714157341
vanilla,mass,1.7,mass_1p7,5,790.9974320731108,609.2277295246142,773.1903248739251,647.308697969757,779.2598850912989,640.6401006194603,836.067794135642
vanilla,mass,2.0,mass_2,5,207.3503635794622,335.2511796731616,208.24723867698904,337.4604310422045,203.40317391222257,334.57295802625936,265.7429852340851
