timestamp,run_name,algo,env_id,seed,eval_episodes,is_perturbed,model_label,scenario_label,model_path,norm_stats_path,eval_raw_rewards,deterministic_eval,xml_perturb,obs_noise_std,reward_noise_std,action_noise_std,action_replace_prob,xml_total_mass_scale,xml_body_mass_scale,xml_body_name_selector,xml_geom_friction_scale,xml_geom_friction_component,xml_geom_name_selector,xml_gravity_component_index,xml_gravity_component_value,xml_joint_damping_scale,xml_joint_name_selector,xml_actuator_gain_scale,xml_actuator_bias_scale,mean_return,std_return,median_return,iqm_return,min_return,max_return,xml_actuator_joint_selector
1783521130,eval__Walker2d-v4__td3__vanilla__leg_left_actuator_gain_0p5__seed1__pid4190954,td3,Walker2d-v4,1,20,1,vanilla,leg_left_actuator_gain_0p5,/home/users/am1015/rl_runs_td3_walker_kl_20260703_td3_kl_softrobust_5seed_rerun/Walker2d-v4__td3_kl_vanilla__1__1783132180/td3_kl_vanilla.cleanrl_model,/home/users/am1015/rl_runs_td3_walker_kl_20260703_td3_kl_softrobust_5seed_rerun/Walker2d-v4__td3_kl_vanilla__1__1783132180/td3_kl_vanilla.cleanrl_model.norm_stats.npz,1,1,1,0.0,0.0,0.0,0.0,1.0,1.0,,1.0,-1,,-1,,1.0,,0.5,1.0,933.1501999782398,146.45672605991518,906.319220936168,912.7123942984956,730.091752028977,1243.667698300416,leg_left_joint
1783521145,eval__Walker2d-v4__td3__vanilla__leg_left_actuator_gain_0p5__seed2__pid4190995,td3,Walker2d-v4,2,20,1,vanilla,leg_left_actuator_gain_0p5,/home/users/am1015/rl_runs_td3_walker_kl_20260703_td3_kl_softrobust_5seed_rerun/Walker2d-v4__td3_kl_vanilla__2__1783132179/td3_kl_vanilla.cleanrl_model,/home/users/am1015/rl_runs_td3_walker_kl_20260703_td3_kl_softrobust_5seed_rerun/Walker2d-v4__td3_kl_vanilla__2__1783132179/td3_kl_vanilla.cleanrl_model.norm_stats.npz,1,1,1,0.0,0.0,0.0,0.0,1.0,1.0,,1.0,-1,,-1,,1.0,,0.5,1.0,3967.0379585419046,9.791126157881441,3964.2019163999894,3965.409776854477,3955.0874856676023,3998.7631451283387,leg_left_joint
1783521157,eval__Walker2d-v4__td3__vanilla__leg_left_actuator_gain_0p5__seed3__pid4191038,td3,Walker2d-v4,3,20,1,vanilla,leg_left_actuator_gain_0p5,/home/users/am1015/rl_runs_td3_walker_kl_20260703_td3_kl_softrobust_5seed_rerun/Walker2d-v4__td3_kl_vanilla__3__1783132179/td3_kl_vanilla.cleanrl_model,/home/users/am1015/rl_runs_td3_walker_kl_20260703_td3_kl_softrobust_5seed_rerun/Walker2d-v4__td3_kl_vanilla__3__1783132179/td3_kl_vanilla.cleanrl_model.norm_stats.npz,1,1,1,0.0,0.0,0.0,0.0,1.0,1.0,,1.0,-1,,-1,,1.0,,0.5,1.0,3211.774095535505,1089.3298574552502,3648.9201047478864,3647.6433602383922,545.5704477066638,3743.570931003277,leg_left_joint
1783521167,eval__Walker2d-v4__td3__vanilla__leg_left_actuator_gain_0p5__seed4__pid4191078,td3,Walker2d-v4,4,20,1,vanilla,leg_left_actuator_gain_0p5,/home/users/am1015/rl_runs_td3_walker_kl_20260703_td3_kl_softrobust_5seed_rerun/Walker2d-v4__td3_kl_vanilla__4__1783132179/td3_kl_vanilla.cleanrl_model,/home/users/am1015/rl_runs_td3_walker_kl_20260703_td3_kl_softrobust_5seed_rerun/Walker2d-v4__td3_kl_vanilla__4__1783132179/td3_kl_vanilla.cleanrl_model.norm_stats.npz,1,1,1,0.0,0.0,0.0,0.0,1.0,1.0,,1.0,-1,,-1,,1.0,,0.5,1.0,2128.934829130681,1100.1559991448369,2195.2102743571795,2212.4180415338055,130.93696584301287,3750.16727836306,leg_left_joint
1783521173,eval__Walker2d-v4__td3__vanilla__leg_left_actuator_gain_0p5__seed5__pid4191120,td3,Walker2d-v4,5,20,1,vanilla,leg_left_actuator_gain_0p5,/home/users/am1015/rl_runs_td3_walker_kl_20260703_td3_kl_softrobust_5seed_rerun/Walker2d-v4__td3_kl_vanilla__5__1783132179/td3_kl_vanilla.cleanrl_model,/home/users/am1015/rl_runs_td3_walker_kl_20260703_td3_kl_softrobust_5seed_rerun/Walker2d-v4__td3_kl_vanilla__5__1783132179/td3_kl_vanilla.cleanrl_model.norm_stats.npz,1,1,1,0.0,0.0,0.0,0.0,1.0,1.0,,1.0,-1,,-1,,1.0,,0.5,1.0,828.5625404775058,114.3159789922309,832.8731002831223,823.3458039847781,668.2632068844765,1036.1672109001402,leg_left_joint
1783521179,eval__Walker2d-v4__td3__vanilla__leg_left_actuator_gain_0p6__seed1__pid4191158,td3,Walker2d-v4,1,20,1,vanilla,leg_left_actuator_gain_0p6,/home/users/am1015/rl_runs_td3_walker_kl_20260703_td3_kl_softrobust_5seed_rerun/Walker2d-v4__td3_kl_vanilla__1__1783132180/td3_kl_vanilla.cleanrl_model,/home/users/am1015/rl_runs_td3_walker_kl_20260703_td3_kl_softrobust_5seed_rerun/Walker2d-v4__td3_kl_vanilla__1__1783132180/td3_kl_vanilla.cleanrl_model.norm_stats.npz,1,1,1,0.0,0.0,0.0,0.0,1.0,1.0,,1.0,-1,,-1,,1.0,,0.6,1.0,847.9752966002452,116.75154731712539,823.0287778485099,845.0449650785647,641.7667175025878,1028.5971171778444,leg_left_joint
1783521191,eval__Walker2d-v4__td3__vanilla__leg_left_actuator_gain_0p6__seed2__pid4191198,td3,Walker2d-v4,2,20,1,vanilla,leg_left_actuator_gain_0p6,/home/users/am1015/rl_runs_td3_walker_kl_20260703_td3_kl_softrobust_5seed_rerun/Walker2d-v4__td3_kl_vanilla__2__1783132179/td3_kl_vanilla.cleanrl_model,/home/users/am1015/rl_runs_td3_walker_kl_20260703_td3_kl_softrobust_5seed_rerun/Walker2d-v4__td3_kl_vanilla__2__1783132179/td3_kl_vanilla.cleanrl_model.norm_stats.npz,1,1,1,0.0,0.0,0.0,0.0,1.0,1.0,,1.0,-1,,-1,,1.0,,0.6,1.0,3081.5352442837184,1164.6442857049822,3974.8685099474374,3407.2810086149716,1257.2280480704808,4003.7111337584433,leg_left_joint
1783521205,eval__Walker2d-v4__td3__vanilla__leg_left_actuator_gain_0p6__seed3__pid4191243,td3,Walker2d-v4,3,20,1,vanilla,leg_left_actuator_gain_0p6,/home/users/am1015/rl_runs_td3_walker_kl_20260703_td3_kl_softrobust_5seed_rerun/Walker2d-v4__td3_kl_vanilla__3__1783132179/td3_kl_vanilla.cleanrl_model,/home/users/am1015/rl_runs_td3_walker_kl_20260703_td3_kl_softrobust_5seed_rerun/Walker2d-v4__td3_kl_vanilla__3__1783132179/td3_kl_vanilla.cleanrl_model.norm_stats.npz,1,1,1,0.0,0.0,0.0,0.0,1.0,1.0,,1.0,-1,,-1,,1.0,,0.6,1.0,3660.9043269838903,37.386038616834036,3658.17559692927,3658.8412406892194,3611.9676199662244,3723.82430178961,leg_left_joint
1783521218,eval__Walker2d-v4__td3__vanilla__leg_left_actuator_gain_0p6__seed4__pid4191287,td3,Walker2d-v4,4,20,1,vanilla,leg_left_actuator_gain_0p6,/home/users/am1015/rl_runs_td3_walker_kl_20260703_td3_kl_softrobust_5seed_rerun/Walker2d-v4__td3_kl_vanilla__4__1783132179/td3_kl_vanilla.cleanrl_model,/home/users/am1015/rl_runs_td3_walker_kl_20260703_td3_kl_softrobust_5seed_rerun/Walker2d-v4__td3_kl_vanilla__4__1783132179/td3_kl_vanilla.cleanrl_model.norm_stats.npz,1,1,1,0.0,0.0,0.0,0.0,1.0,1.0,,1.0,-1,,-1,,1.0,,0.6,1.0,3467.771930198253,595.431333940509,3778.334878046483,3717.780889280964,1993.1299242176456,3892.188617182133,leg_left_joint
1783521225,eval__Walker2d-v4__td3__vanilla__leg_left_actuator_gain_0p6__seed5__pid4191329,td3,Walker2d-v4,5,20,1,vanilla,leg_left_actuator_gain_0p6,/home/users/am1015/rl_runs_td3_walker_kl_20260703_td3_kl_softrobust_5seed_rerun/Walker2d-v4__td3_kl_vanilla__5__1783132179/td3_kl_vanilla.cleanrl_model,/home/users/am1015/rl_runs_td3_walker_kl_20260703_td3_kl_softrobust_5seed_rerun/Walker2d-v4__td3_kl_vanilla__5__1783132179/td3_kl_vanilla.cleanrl_model.norm_stats.npz,1,1,1,0.0,0.0,0.0,0.0,1.0,1.0,,1.0,-1,,-1,,1.0,,0.6,1.0,855.4036225790481,52.19281456317669,845.5352700048436,846.4960343772549,768.9373573035153,1002.83072057724,leg_left_joint
1783521231,eval__Walker2d-v4__td3__vanilla__leg_left_actuator_gain_0p7__seed1__pid4191369,td3,Walker2d-v4,1,20,1,vanilla,leg_left_actuator_gain_0p7,/home/users/am1015/rl_runs_td3_walker_kl_20260703_td3_kl_softrobust_5seed_rerun/Walker2d-v4__td3_kl_vanilla__1__1783132180/td3_kl_vanilla.cleanrl_model,/home/users/am1015/rl_runs_td3_walker_kl_20260703_td3_kl_softrobust_5seed_rerun/Walker2d-v4__td3_kl_vanilla__1__1783132180/td3_kl_vanilla.cleanrl_model.norm_stats.npz,1,1,1,0.0,0.0,0.0,0.0,1.0,1.0,,1.0,-1,,-1,,1.0,,0.7,1.0,914.2684946198111,163.37739679107227,862.858520821331,886.5423659680855,661.9288150909535,1345.9675315907682,leg_left_joint
1783521245,eval__Walker2d-v4__td3__vanilla__leg_left_actuator_gain_0p7__seed2__pid4191406,td3,Walker2d-v4,2,20,1,vanilla,leg_left_actuator_gain_0p7,/home/users/am1015/rl_runs_td3_walker_kl_20260703_td3_kl_softrobust_5seed_rerun/Walker2d-v4__td3_kl_vanilla__2__1783132179/td3_kl_vanilla.cleanrl_model,/home/users/am1015/rl_runs_td3_walker_kl_20260703_td3_kl_softrobust_5seed_rerun/Walker2d-v4__td3_kl_vanilla__2__1783132179/td3_kl_vanilla.cleanrl_model.norm_stats.npz,1,1,1,0.0,0.0,0.0,0.0,1.0,1.0,,1.0,-1,,-1,,1.0,,0.7,1.0,4007.369052388664,10.954130912628614,4005.5195620046006,4006.3565717174765,3989.8307464902496,4026.7461547084467,leg_left_joint
1783521259,eval__Walker2d-v4__td3__vanilla__leg_left_actuator_gain_0p7__seed3__pid4191452,td3,Walker2d-v4,3,20,1,vanilla,leg_left_actuator_gain_0p7,/home/users/am1015/rl_runs_td3_walker_kl_20260703_td3_kl_softrobust_5seed_rerun/Walker2d-v4__td3_kl_vanilla__3__1783132179/td3_kl_vanilla.cleanrl_model,/home/users/am1015/rl_runs_td3_walker_kl_20260703_td3_kl_softrobust_5seed_rerun/Walker2d-v4__td3_kl_vanilla__3__1783132179/td3_kl_vanilla.cleanrl_model.norm_stats.npz,1,1,1,0.0,0.0,0.0,0.0,1.0,1.0,,1.0,-1,,-1,,1.0,,0.7,1.0,3665.384127762873,42.36081770425121,3658.256038442745,3661.8657428250604,3602.6543449775068,3728.9231332849113,leg_left_joint
1783521272,eval__Walker2d-v4__td3__vanilla__leg_left_actuator_gain_0p7__seed4__pid4191498,td3,Walker2d-v4,4,20,1,vanilla,leg_left_actuator_gain_0p7,/home/users/am1015/rl_runs_td3_walker_kl_20260703_td3_kl_softrobust_5seed_rerun/Walker2d-v4__td3_kl_vanilla__4__1783132179/td3_kl_vanilla.cleanrl_model,/home/users/am1015/rl_runs_td3_walker_kl_20260703_td3_kl_softrobust_5seed_rerun/Walker2d-v4__td3_kl_vanilla__4__1783132179/td3_kl_vanilla.cleanrl_model.norm_stats.npz,1,1,1,0.0,0.0,0.0,0.0,1.0,1.0,,1.0,-1,,-1,,1.0,,0.7,1.0,3199.4966790486624,800.6392808843193,3781.3440269930306,3467.5883089918775,1825.0458826526194,3885.8745274602725,leg_left_joint
1783521278,eval__Walker2d-v4__td3__vanilla__leg_left_actuator_gain_0p7__seed5__pid4191539,td3,Walker2d-v4,5,20,1,vanilla,leg_left_actuator_gain_0p7,/home/users/am1015/rl_runs_td3_walker_kl_20260703_td3_kl_softrobust_5seed_rerun/Walker2d-v4__td3_kl_vanilla__5__1783132179/td3_kl_vanilla.cleanrl_model,/home/users/am1015/rl_runs_td3_walker_kl_20260703_td3_kl_softrobust_5seed_rerun/Walker2d-v4__td3_kl_vanilla__5__1783132179/td3_kl_vanilla.cleanrl_model.norm_stats.npz,1,1,1,0.0,0.0,0.0,0.0,1.0,1.0,,1.0,-1,,-1,,1.0,,0.7,1.0,929.5039915335426,69.7392870763607,907.6385495633765,921.7574307475024,840.3482946644614,1027.6401782048285,leg_left_joint
1783521285,eval__Walker2d-v4__td3__vanilla__leg_left_actuator_gain_0p8__seed1__pid4191578,td3,Walker2d-v4,1,20,1,vanilla,leg_left_actuator_gain_0p8,/home/users/am1015/rl_runs_td3_walker_kl_20260703_td3_kl_softrobust_5seed_rerun/Walker2d-v4__td3_kl_vanilla__1__1783132180/td3_kl_vanilla.cleanrl_model,/home/users/am1015/rl_runs_td3_walker_kl_20260703_td3_kl_softrobust_5seed_rerun/Walker2d-v4__td3_kl_vanilla__1__1783132180/td3_kl_vanilla.cleanrl_model.norm_stats.npz,1,1,1,0.0,0.0,0.0,0.0,1.0,1.0,,1.0,-1,,-1,,1.0,,0.8,1.0,930.5067878868731,194.42802245763323,901.9701352617634,922.349993065866,620.9873074197972,1369.950311145724,leg_left_joint
1783521299,eval__Walker2d-v4__td3__vanilla__leg_left_actuator_gain_0p8__seed2__pid4191618,td3,Walker2d-v4,2,20,1,vanilla,leg_left_actuator_gain_0p8,/home/users/am1015/rl_runs_td3_walker_kl_20260703_td3_kl_softrobust_5seed_rerun/Walker2d-v4__td3_kl_vanilla__2__1783132179/td3_kl_vanilla.cleanrl_model,/home/users/am1015/rl_runs_td3_walker_kl_20260703_td3_kl_softrobust_5seed_rerun/Walker2d-v4__td3_kl_vanilla__2__1783132179/td3_kl_vanilla.cleanrl_model.norm_stats.npz,1,1,1,0.0,0.0,0.0,0.0,1.0,1.0,,1.0,-1,,-1,,1.0,,0.8,1.0,3888.729734400689,626.5116382565219,4027.1531189090156,4028.2173823531402,1227.2195613581084,4041.81062596658,leg_left_joint
1783521313,eval__Walker2d-v4__td3__vanilla__leg_left_actuator_gain_0p8__seed3__pid4191661,td3,Walker2d-v4,3,20,1,vanilla,leg_left_actuator_gain_0p8,/home/users/am1015/rl_runs_td3_walker_kl_20260703_td3_kl_softrobust_5seed_rerun/Walker2d-v4__td3_kl_vanilla__3__1783132179/td3_kl_vanilla.cleanrl_model,/home/users/am1015/rl_runs_td3_walker_kl_20260703_td3_kl_softrobust_5seed_rerun/Walker2d-v4__td3_kl_vanilla__3__1783132179/td3_kl_vanilla.cleanrl_model.norm_stats.npz,1,1,1,0.0,0.0,0.0,0.0,1.0,1.0,,1.0,-1,,-1,,1.0,,0.8,1.0,3672.6629949964417,36.40650126355463,3654.7393240285974,3664.1199145547203,3631.915782786936,3752.259193484001,leg_left_joint
1783521326,eval__Walker2d-v4__td3__vanilla__leg_left_actuator_gain_0p8__seed4__pid4191706,td3,Walker2d-v4,4,20,1,vanilla,leg_left_actuator_gain_0p8,/home/users/am1015/rl_runs_td3_walker_kl_20260703_td3_kl_softrobust_5seed_rerun/Walker2d-v4__td3_kl_vanilla__4__1783132179/td3_kl_vanilla.cleanrl_model,/home/users/am1015/rl_runs_td3_walker_kl_20260703_td3_kl_softrobust_5seed_rerun/Walker2d-v4__td3_kl_vanilla__4__1783132179/td3_kl_vanilla.cleanrl_model.norm_stats.npz,1,1,1,0.0,0.0,0.0,0.0,1.0,1.0,,1.0,-1,,-1,,1.0,,0.8,1.0,3450.678979609895,613.0801680781905,3786.997708544439,3675.171406534276,1880.5130402284206,3960.9198354547566,leg_left_joint
1783521333,eval__Walker2d-v4__td3__vanilla__leg_left_actuator_gain_0p8__seed5__pid4191753,td3,Walker2d-v4,5,20,1,vanilla,leg_left_actuator_gain_0p8,/home/users/am1015/rl_runs_td3_walker_kl_20260703_td3_kl_softrobust_5seed_rerun/Walker2d-v4__td3_kl_vanilla__5__1783132179/td3_kl_vanilla.cleanrl_model,/home/users/am1015/rl_runs_td3_walker_kl_20260703_td3_kl_softrobust_5seed_rerun/Walker2d-v4__td3_kl_vanilla__5__1783132179/td3_kl_vanilla.cleanrl_model.norm_stats.npz,1,1,1,0.0,0.0,0.0,0.0,1.0,1.0,,1.0,-1,,-1,,1.0,,0.8,1.0,927.4728040621567,123.40167727775543,912.009177837189,911.3181435397694,769.0875349235761,1360.328734073646,leg_left_joint
1783521339,eval__Walker2d-v4__td3__vanilla__leg_left_actuator_gain_0p9__seed1__pid4191791,td3,Walker2d-v4,1,20,1,vanilla,leg_left_actuator_gain_0p9,/home/users/am1015/rl_runs_td3_walker_kl_20260703_td3_kl_softrobust_5seed_rerun/Walker2d-v4__td3_kl_vanilla__1__1783132180/td3_kl_vanilla.cleanrl_model,/home/users/am1015/rl_runs_td3_walker_kl_20260703_td3_kl_softrobust_5seed_rerun/Walker2d-v4__td3_kl_vanilla__1__1783132180/td3_kl_vanilla.cleanrl_model.norm_stats.npz,1,1,1,0.0,0.0,0.0,0.0,1.0,1.0,,1.0,-1,,-1,,1.0,,0.9,1.0,1026.7291474591852,409.17633083111747,878.7714430247856,906.0733590305006,597.5810866680565,2031.0565016932244,leg_left_joint
1783521352,eval__Walker2d-v4__td3__vanilla__leg_left_actuator_gain_0p9__seed2__pid4191830,td3,Walker2d-v4,2,20,1,vanilla,leg_left_actuator_gain_0p9,/home/users/am1015/rl_runs_td3_walker_kl_20260703_td3_kl_softrobust_5seed_rerun/Walker2d-v4__td3_kl_vanilla__2__1783132179/td3_kl_vanilla.cleanrl_model,/home/users/am1015/rl_runs_td3_walker_kl_20260703_td3_kl_softrobust_5seed_rerun/Walker2d-v4__td3_kl_vanilla__2__1783132179/td3_kl_vanilla.cleanrl_model.norm_stats.npz,1,1,1,0.0,0.0,0.0,0.0,1.0,1.0,,1.0,-1,,-1,,1.0,,0.9,1.0,3431.2165184223545,1250.8806764893752,4028.1897788968445,4028.450524238713,372.7261862397946,4064.361325085804,leg_left_joint
1783521366,eval__Walker2d-v4__td3__vanilla__leg_left_actuator_gain_0p9__seed3__pid4191871,td3,Walker2d-v4,3,20,1,vanilla,leg_left_actuator_gain_0p9,/home/users/am1015/rl_runs_td3_walker_kl_20260703_td3_kl_softrobust_5seed_rerun/Walker2d-v4__td3_kl_vanilla__3__1783132179/td3_kl_vanilla.cleanrl_model,/home/users/am1015/rl_runs_td3_walker_kl_20260703_td3_kl_softrobust_5seed_rerun/Walker2d-v4__td3_kl_vanilla__3__1783132179/td3_kl_vanilla.cleanrl_model.norm_stats.npz,1,1,1,0.0,0.0,0.0,0.0,1.0,1.0,,1.0,-1,,-1,,1.0,,0.9,1.0,3663.0392025066044,38.35583157112533,3653.7172797204335,3654.787150578863,3606.1125621862207,3737.8458002598377,leg_left_joint
1783521378,eval__Walker2d-v4__td3__vanilla__leg_left_actuator_gain_0p9__seed4__pid4191914,td3,Walker2d-v4,4,20,1,vanilla,leg_left_actuator_gain_0p9,/home/users/am1015/rl_runs_td3_walker_kl_20260703_td3_kl_softrobust_5seed_rerun/Walker2d-v4__td3_kl_vanilla__4__1783132179/td3_kl_vanilla.cleanrl_model,/home/users/am1015/rl_runs_td3_walker_kl_20260703_td3_kl_softrobust_5seed_rerun/Walker2d-v4__td3_kl_vanilla__4__1783132179/td3_kl_vanilla.cleanrl_model.norm_stats.npz,1,1,1,0.0,0.0,0.0,0.0,1.0,1.0,,1.0,-1,,-1,,1.0,,0.9,1.0,3165.239120455251,769.7040241249379,3440.824826235788,3316.6487353778393,1837.415899438685,3905.486838189849,leg_left_joint
1783521385,eval__Walker2d-v4__td3__vanilla__leg_left_actuator_gain_0p9__seed5__pid4191957,td3,Walker2d-v4,5,20,1,vanilla,leg_left_actuator_gain_0p9,/home/users/am1015/rl_runs_td3_walker_kl_20260703_td3_kl_softrobust_5seed_rerun/Walker2d-v4__td3_kl_vanilla__5__1783132179/td3_kl_vanilla.cleanrl_model,/home/users/am1015/rl_runs_td3_walker_kl_20260703_td3_kl_softrobust_5seed_rerun/Walker2d-v4__td3_kl_vanilla__5__1783132179/td3_kl_vanilla.cleanrl_model.norm_stats.npz,1,1,1,0.0,0.0,0.0,0.0,1.0,1.0,,1.0,-1,,-1,,1.0,,0.9,1.0,878.3392124029491,96.20263632048477,857.844859593339,868.5532805701893,680.6531888589277,1070.5776516319836,leg_left_joint
1783521391,eval__Walker2d-v4__td3__vanilla__leg_left_actuator_gain_1p0__seed1__pid4191996,td3,Walker2d-v4,1,20,1,vanilla,leg_left_actuator_gain_1p0,/home/users/am1015/rl_runs_td3_walker_kl_20260703_td3_kl_softrobust_5seed_rerun/Walker2d-v4__td3_kl_vanilla__1__1783132180/td3_kl_vanilla.cleanrl_model,/home/users/am1015/rl_runs_td3_walker_kl_20260703_td3_kl_softrobust_5seed_rerun/Walker2d-v4__td3_kl_vanilla__1__1783132180/td3_kl_vanilla.cleanrl_model.norm_stats.npz,1,1,1,0.0,0.0,0.0,0.0,1.0,1.0,,1.0,-1,,-1,,1.0,,1.0,1.0,891.2377554319207,204.35097276348134,855.7418576142065,878.383666478119,562.3116800862525,1334.3789491548537,leg_left_joint
1783521399,eval__Walker2d-v4__td3__vanilla__leg_left_actuator_gain_1p0__seed2__pid4192034,td3,Walker2d-v4,2,20,1,vanilla,leg_left_actuator_gain_1p0,/home/users/am1015/rl_runs_td3_walker_kl_20260703_td3_kl_softrobust_5seed_rerun/Walker2d-v4__td3_kl_vanilla__2__1783132179/td3_kl_vanilla.cleanrl_model,/home/users/am1015/rl_runs_td3_walker_kl_20260703_td3_kl_softrobust_5seed_rerun/Walker2d-v4__td3_kl_vanilla__2__1783132179/td3_kl_vanilla.cleanrl_model.norm_stats.npz,1,1,1,0.0,0.0,0.0,0.0,1.0,1.0,,1.0,-1,,-1,,1.0,,1.0,1.0,1790.7321881478597,1707.2346762082693,758.5913147541007,1392.6991911491566,117.41199754467833,4040.2567014883102,leg_left_joint
1783521414,eval__Walker2d-v4__td3__vanilla__leg_left_actuator_gain_1p0__seed3__pid4192074,td3,Walker2d-v4,3,20,1,vanilla,leg_left_actuator_gain_1p0,/home/users/am1015/rl_runs_td3_walker_kl_20260703_td3_kl_softrobust_5seed_rerun/Walker2d-v4__td3_kl_vanilla__3__1783132179/td3_kl_vanilla.cleanrl_model,/home/users/am1015/rl_runs_td3_walker_kl_20260703_td3_kl_softrobust_5seed_rerun/Walker2d-v4__td3_kl_vanilla__3__1783132179/td3_kl_vanilla.cleanrl_model.norm_stats.npz,1,1,1,0.0,0.0,0.0,0.0,1.0,1.0,,1.0,-1,,-1,,1.0,,1.0,1.0,3664.075738438284,32.915768889437,3663.6722191291333,3662.313788836926,3612.829371981819,3742.442077306225,leg_left_joint
1783521427,eval__Walker2d-v4__td3__vanilla__leg_left_actuator_gain_1p0__seed4__pid4192116,td3,Walker2d-v4,4,20,1,vanilla,leg_left_actuator_gain_1p0,/home/users/am1015/rl_runs_td3_walker_kl_20260703_td3_kl_softrobust_5seed_rerun/Walker2d-v4__td3_kl_vanilla__4__1783132179/td3_kl_vanilla.cleanrl_model,/home/users/am1015/rl_runs_td3_walker_kl_20260703_td3_kl_softrobust_5seed_rerun/Walker2d-v4__td3_kl_vanilla__4__1783132179/td3_kl_vanilla.cleanrl_model.norm_stats.npz,1,1,1,0.0,0.0,0.0,0.0,1.0,1.0,,1.0,-1,,-1,,1.0,,1.0,1.0,3466.0897369627005,664.2699181320238,3841.077728846002,3784.2093722318996,2022.5715163957511,3923.4211452882146,leg_left_joint
1783521433,eval__Walker2d-v4__td3__vanilla__leg_left_actuator_gain_1p0__seed5__pid4192160,td3,Walker2d-v4,5,20,1,vanilla,leg_left_actuator_gain_1p0,/home/users/am1015/rl_runs_td3_walker_kl_20260703_td3_kl_softrobust_5seed_rerun/Walker2d-v4__td3_kl_vanilla__5__1783132179/td3_kl_vanilla.cleanrl_model,/home/users/am1015/rl_runs_td3_walker_kl_20260703_td3_kl_softrobust_5seed_rerun/Walker2d-v4__td3_kl_vanilla__5__1783132179/td3_kl_vanilla.cleanrl_model.norm_stats.npz,1,1,1,0.0,0.0,0.0,0.0,1.0,1.0,,1.0,-1,,-1,,1.0,,1.0,1.0,947.8185876275857,96.61542465348849,916.8208504933243,921.6260417786704,848.3124929604484,1272.781928320047,leg_left_joint
1783521441,eval__Walker2d-v4__td3__vanilla__leg_left_actuator_gain_1p1__seed1__pid4192198,td3,Walker2d-v4,1,20,1,vanilla,leg_left_actuator_gain_1p1,/home/users/am1015/rl_runs_td3_walker_kl_20260703_td3_kl_softrobust_5seed_rerun/Walker2d-v4__td3_kl_vanilla__1__1783132180/td3_kl_vanilla.cleanrl_model,/home/users/am1015/rl_runs_td3_walker_kl_20260703_td3_kl_softrobust_5seed_rerun/Walker2d-v4__td3_kl_vanilla__1__1783132180/td3_kl_vanilla.cleanrl_model.norm_stats.npz,1,1,1,0.0,0.0,0.0,0.0,1.0,1.0,,1.0,-1,,-1,,1.0,,1.1,1.0,1108.7399921018957,351.2689696966447,1031.6136692437399,1037.1917035691176,722.491721966222,2276.472774284392,leg_left_joint
1783521448,eval__Walker2d-v4__td3__vanilla__leg_left_actuator_gain_1p1__seed2__pid4192235,td3,Walker2d-v4,2,20,1,vanilla,leg_left_actuator_gain_1p1,/home/users/am1015/rl_runs_td3_walker_kl_20260703_td3_kl_softrobust_5seed_rerun/Walker2d-v4__td3_kl_vanilla__2__1783132179/td3_kl_vanilla.cleanrl_model,/home/users/am1015/rl_runs_td3_walker_kl_20260703_td3_kl_softrobust_5seed_rerun/Walker2d-v4__td3_kl_vanilla__2__1783132179/td3_kl_vanilla.cleanrl_model.norm_stats.npz,1,1,1,0.0,0.0,0.0,0.0,1.0,1.0,,1.0,-1,,-1,,1.0,,1.1,1.0,1519.2987540969882,1700.779988817434,452.0374402854636,879.8667913559035,131.51509947658965,4060.8620406671002,leg_left_joint
1783521462,eval__Walker2d-v4__td3__vanilla__leg_left_actuator_gain_1p1__seed3__pid4192273,td3,Walker2d-v4,3,20,1,vanilla,leg_left_actuator_gain_1p1,/home/users/am1015/rl_runs_td3_walker_kl_20260703_td3_kl_softrobust_5seed_rerun/Walker2d-v4__td3_kl_vanilla__3__1783132179/td3_kl_vanilla.cleanrl_model,/home/users/am1015/rl_runs_td3_walker_kl_20260703_td3_kl_softrobust_5seed_rerun/Walker2d-v4__td3_kl_vanilla__3__1783132179/td3_kl_vanilla.cleanrl_model.norm_stats.npz,1,1,1,0.0,0.0,0.0,0.0,1.0,1.0,,1.0,-1,,-1,,1.0,,1.1,1.0,3673.591515653916,32.73178624130759,3667.0083607028937,3667.957435656016,3620.759797671413,3766.2848912936547,leg_left_joint
1783521476,eval__Walker2d-v4__td3__vanilla__leg_left_actuator_gain_1p1__seed4__pid4192313,td3,Walker2d-v4,4,20,1,vanilla,leg_left_actuator_gain_1p1,/home/users/am1015/rl_runs_td3_walker_kl_20260703_td3_kl_softrobust_5seed_rerun/Walker2d-v4__td3_kl_vanilla__4__1783132179/td3_kl_vanilla.cleanrl_model,/home/users/am1015/rl_runs_td3_walker_kl_20260703_td3_kl_softrobust_5seed_rerun/Walker2d-v4__td3_kl_vanilla__4__1783132179/td3_kl_vanilla.cleanrl_model.norm_stats.npz,1,1,1,0.0,0.0,0.0,0.0,1.0,1.0,,1.0,-1,,-1,,1.0,,1.1,1.0,3749.35019428701,413.1275483140513,3871.8970933408646,3872.4779381331527,2247.0405217747148,3962.033118147454,leg_left_joint
1783521483,eval__Walker2d-v4__td3__vanilla__leg_left_actuator_gain_1p1__seed5__pid4192356,td3,Walker2d-v4,5,20,1,vanilla,leg_left_actuator_gain_1p1,/home/users/am1015/rl_runs_td3_walker_kl_20260703_td3_kl_softrobust_5seed_rerun/Walker2d-v4__td3_kl_vanilla__5__1783132179/td3_kl_vanilla.cleanrl_model,/home/users/am1015/rl_runs_td3_walker_kl_20260703_td3_kl_softrobust_5seed_rerun/Walker2d-v4__td3_kl_vanilla__5__1783132179/td3_kl_vanilla.cleanrl_model.norm_stats.npz,1,1,1,0.0,0.0,0.0,0.0,1.0,1.0,,1.0,-1,,-1,,1.0,,1.1,1.0,1012.6754291105359,64.2335455184154,1032.1979409732817,1022.9303281980398,884.954721294641,1101.8072432098727,leg_left_joint
1783521490,eval__Walker2d-v4__td3__vanilla__leg_left_actuator_gain_1p3__seed1__pid4192392,td3,Walker2d-v4,1,20,1,vanilla,leg_left_actuator_gain_1p3,/home/users/am1015/rl_runs_td3_walker_kl_20260703_td3_kl_softrobust_5seed_rerun/Walker2d-v4__td3_kl_vanilla__1__1783132180/td3_kl_vanilla.cleanrl_model,/home/users/am1015/rl_runs_td3_walker_kl_20260703_td3_kl_softrobust_5seed_rerun/Walker2d-v4__td3_kl_vanilla__1__1783132180/td3_kl_vanilla.cleanrl_model.norm_stats.npz,1,1,1,0.0,0.0,0.0,0.0,1.0,1.0,,1.0,-1,,-1,,1.0,,1.3,1.0,1183.594866809699,404.41726117269434,1117.8889811232466,1120.2356958708613,661.6548669741148,1919.079022302004,leg_left_joint
1783521496,eval__Walker2d-v4__td3__vanilla__leg_left_actuator_gain_1p3__seed2__pid4192433,td3,Walker2d-v4,2,20,1,vanilla,leg_left_actuator_gain_1p3,/home/users/am1015/rl_runs_td3_walker_kl_20260703_td3_kl_softrobust_5seed_rerun/Walker2d-v4__td3_kl_vanilla__2__1783132179/td3_kl_vanilla.cleanrl_model,/home/users/am1015/rl_runs_td3_walker_kl_20260703_td3_kl_softrobust_5seed_rerun/Walker2d-v4__td3_kl_vanilla__2__1783132179/td3_kl_vanilla.cleanrl_model.norm_stats.npz,1,1,1,0.0,0.0,0.0,0.0,1.0,1.0,,1.0,-1,,-1,,1.0,,1.3,1.0,1272.5504258623291,1645.732827070944,398.770021882989,400.0649733018846,118.40307177565879,4097.133238117805,leg_left_joint
1783521510,eval__Walker2d-v4__td3__vanilla__leg_left_actuator_gain_1p3__seed3__pid4192471,td3,Walker2d-v4,3,20,1,vanilla,leg_left_actuator_gain_1p3,/home/users/am1015/rl_runs_td3_walker_kl_20260703_td3_kl_softrobust_5seed_rerun/Walker2d-v4__td3_kl_vanilla__3__1783132179/td3_kl_vanilla.cleanrl_model,/home/users/am1015/rl_runs_td3_walker_kl_20260703_td3_kl_softrobust_5seed_rerun/Walker2d-v4__td3_kl_vanilla__3__1783132179/td3_kl_vanilla.cleanrl_model.norm_stats.npz,1,1,1,0.0,0.0,0.0,0.0,1.0,1.0,,1.0,-1,,-1,,1.0,,1.3,1.0,3692.894093665663,33.72267782626263,3686.2853617686505,3688.8137449763044,3635.7167310960026,3754.6684154397676,leg_left_joint
1783521523,eval__Walker2d-v4__td3__vanilla__leg_left_actuator_gain_1p3__seed4__pid4192515,td3,Walker2d-v4,4,20,1,vanilla,leg_left_actuator_gain_1p3,/home/users/am1015/rl_runs_td3_walker_kl_20260703_td3_kl_softrobust_5seed_rerun/Walker2d-v4__td3_kl_vanilla__4__1783132179/td3_kl_vanilla.cleanrl_model,/home/users/am1015/rl_runs_td3_walker_kl_20260703_td3_kl_softrobust_5seed_rerun/Walker2d-v4__td3_kl_vanilla__4__1783132179/td3_kl_vanilla.cleanrl_model.norm_stats.npz,1,1,1,0.0,0.0,0.0,0.0,1.0,1.0,,1.0,-1,,-1,,1.0,,1.3,1.0,3329.030673329265,900.6932857140157,3859.520978539053,3748.958803348783,1309.9597835212612,3931.91872574197,leg_left_joint
1783521530,eval__Walker2d-v4__td3__vanilla__leg_left_actuator_gain_1p3__seed5__pid4192554,td3,Walker2d-v4,5,20,1,vanilla,leg_left_actuator_gain_1p3,/home/users/am1015/rl_runs_td3_walker_kl_20260703_td3_kl_softrobust_5seed_rerun/Walker2d-v4__td3_kl_vanilla__5__1783132179/td3_kl_vanilla.cleanrl_model,/home/users/am1015/rl_runs_td3_walker_kl_20260703_td3_kl_softrobust_5seed_rerun/Walker2d-v4__td3_kl_vanilla__5__1783132179/td3_kl_vanilla.cleanrl_model.norm_stats.npz,1,1,1,0.0,0.0,0.0,0.0,1.0,1.0,,1.0,-1,,-1,,1.0,,1.3,1.0,1004.551924769886,41.591154959660926,1002.3041259982577,1004.1142926915409,937.6828824909308,1080.0349527122614,leg_left_joint
1783521536,eval__Walker2d-v4__td3__vanilla__leg_left_actuator_gain_1p5__seed1__pid4192591,td3,Walker2d-v4,1,20,1,vanilla,leg_left_actuator_gain_1p5,/home/users/am1015/rl_runs_td3_walker_kl_20260703_td3_kl_softrobust_5seed_rerun/Walker2d-v4__td3_kl_vanilla__1__1783132180/td3_kl_vanilla.cleanrl_model,/home/users/am1015/rl_runs_td3_walker_kl_20260703_td3_kl_softrobust_5seed_rerun/Walker2d-v4__td3_kl_vanilla__1__1783132180/td3_kl_vanilla.cleanrl_model.norm_stats.npz,1,1,1,0.0,0.0,0.0,0.0,1.0,1.0,,1.0,-1,,-1,,1.0,,1.5,1.0,1007.7617475561121,225.5770879764784,1026.9570299556303,1009.3906178666975,640.317544106104,1633.9067347951725,leg_left_joint
1783521543,eval__Walker2d-v4__td3__vanilla__leg_left_actuator_gain_1p5__seed2__pid4192629,td3,Walker2d-v4,2,20,1,vanilla,leg_left_actuator_gain_1p5,/home/users/am1015/rl_runs_td3_walker_kl_20260703_td3_kl_softrobust_5seed_rerun/Walker2d-v4__td3_kl_vanilla__2__1783132179/td3_kl_vanilla.cleanrl_model,/home/users/am1015/rl_runs_td3_walker_kl_20260703_td3_kl_softrobust_5seed_rerun/Walker2d-v4__td3_kl_vanilla__2__1783132179/td3_kl_vanilla.cleanrl_model.norm_stats.npz,1,1,1,0.0,0.0,0.0,0.0,1.0,1.0,,1.0,-1,,-1,,1.0,,1.5,1.0,1143.8700373668544,1493.8667327806597,405.131866992578,416.0523189381544,265.5195251152105,4050.519097294384,leg_left_joint
1783521557,eval__Walker2d-v4__td3__vanilla__leg_left_actuator_gain_1p5__seed3__pid4192670,td3,Walker2d-v4,3,20,1,vanilla,leg_left_actuator_gain_1p5,/home/users/am1015/rl_runs_td3_walker_kl_20260703_td3_kl_softrobust_5seed_rerun/Walker2d-v4__td3_kl_vanilla__3__1783132179/td3_kl_vanilla.cleanrl_model,/home/users/am1015/rl_runs_td3_walker_kl_20260703_td3_kl_softrobust_5seed_rerun/Walker2d-v4__td3_kl_vanilla__3__1783132179/td3_kl_vanilla.cleanrl_model.norm_stats.npz,1,1,1,0.0,0.0,0.0,0.0,1.0,1.0,,1.0,-1,,-1,,1.0,,1.5,1.0,3724.5533060206644,47.42225975441323,3723.3589191321144,3727.2141428402697,3649.1144928245362,3855.030829295848,leg_left_joint
1783521570,eval__Walker2d-v4__td3__vanilla__leg_left_actuator_gain_1p5__seed4__pid4192714,td3,Walker2d-v4,4,20,1,vanilla,leg_left_actuator_gain_1p5,/home/users/am1015/rl_runs_td3_walker_kl_20260703_td3_kl_softrobust_5seed_rerun/Walker2d-v4__td3_kl_vanilla__4__1783132179/td3_kl_vanilla.cleanrl_model,/home/users/am1015/rl_runs_td3_walker_kl_20260703_td3_kl_softrobust_5seed_rerun/Walker2d-v4__td3_kl_vanilla__4__1783132179/td3_kl_vanilla.cleanrl_model.norm_stats.npz,1,1,1,0.0,0.0,0.0,0.0,1.0,1.0,,1.0,-1,,-1,,1.0,,1.5,1.0,3450.917584060454,639.0821759787643,3858.517154835352,3660.5498476632683,2064.84827421949,3981.7332509848166,leg_left_joint
1783521576,eval__Walker2d-v4__td3__vanilla__leg_left_actuator_gain_1p5__seed5__pid4192758,td3,Walker2d-v4,5,20,1,vanilla,leg_left_actuator_gain_1p5,/home/users/am1015/rl_runs_td3_walker_kl_20260703_td3_kl_softrobust_5seed_rerun/Walker2d-v4__td3_kl_vanilla__5__1783132179/td3_kl_vanilla.cleanrl_model,/home/users/am1015/rl_runs_td3_walker_kl_20260703_td3_kl_softrobust_5seed_rerun/Walker2d-v4__td3_kl_vanilla__5__1783132179/td3_kl_vanilla.cleanrl_model.norm_stats.npz,1,1,1,0.0,0.0,0.0,0.0,1.0,1.0,,1.0,-1,,-1,,1.0,,1.5,1.0,975.7188029208615,42.947462475294564,974.4011009721306,974.090008987999,899.3231245002876,1061.0839179600105,leg_left_joint
1783521583,eval__Walker2d-v4__td3__vanilla__leg_left_actuator_gain_1p7__seed1__pid4192795,td3,Walker2d-v4,1,20,1,vanilla,leg_left_actuator_gain_1p7,/home/users/am1015/rl_runs_td3_walker_kl_20260703_td3_kl_softrobust_5seed_rerun/Walker2d-v4__td3_kl_vanilla__1__1783132180/td3_kl_vanilla.cleanrl_model,/home/users/am1015/rl_runs_td3_walker_kl_20260703_td3_kl_softrobust_5seed_rerun/Walker2d-v4__td3_kl_vanilla__1__1783132180/td3_kl_vanilla.cleanrl_model.norm_stats.npz,1,1,1,0.0,0.0,0.0,0.0,1.0,1.0,,1.0,-1,,-1,,1.0,,1.7,1.0,1012.2196473782857,312.3366983263372,932.9318503582303,961.6919872728477,646.962071829416,2085.6018521127653,leg_left_joint
1783521589,eval__Walker2d-v4__td3__vanilla__leg_left_actuator_gain_1p7__seed2__pid4192835,td3,Walker2d-v4,2,20,1,vanilla,leg_left_actuator_gain_1p7,/home/users/am1015/rl_runs_td3_walker_kl_20260703_td3_kl_softrobust_5seed_rerun/Walker2d-v4__td3_kl_vanilla__2__1783132179/td3_kl_vanilla.cleanrl_model,/home/users/am1015/rl_runs_td3_walker_kl_20260703_td3_kl_softrobust_5seed_rerun/Walker2d-v4__td3_kl_vanilla__2__1783132179/td3_kl_vanilla.cleanrl_model.norm_stats.npz,1,1,1,0.0,0.0,0.0,0.0,1.0,1.0,,1.0,-1,,-1,,1.0,,1.7,1.0,1257.7714632044501,1652.4691697579424,386.7494978740872,406.60877275006067,121.84449152079611,4054.421071606871,leg_left_joint
1783521604,eval__Walker2d-v4__td3__vanilla__leg_left_actuator_gain_1p7__seed3__pid4192872,td3,Walker2d-v4,3,20,1,vanilla,leg_left_actuator_gain_1p7,/home/users/am1015/rl_runs_td3_walker_kl_20260703_td3_kl_softrobust_5seed_rerun/Walker2d-v4__td3_kl_vanilla__3__1783132179/td3_kl_vanilla.cleanrl_model,/home/users/am1015/rl_runs_td3_walker_kl_20260703_td3_kl_softrobust_5seed_rerun/Walker2d-v4__td3_kl_vanilla__3__1783132179/td3_kl_vanilla.cleanrl_model.norm_stats.npz,1,1,1,0.0,0.0,0.0,0.0,1.0,1.0,,1.0,-1,,-1,,1.0,,1.7,1.0,3704.4628709003546,34.68847900159561,3697.0823241332314,3699.947035850895,3640.819011546936,3770.1477872511687,leg_left_joint
1783521616,eval__Walker2d-v4__td3__vanilla__leg_left_actuator_gain_1p7__seed4__pid4192917,td3,Walker2d-v4,4,20,1,vanilla,leg_left_actuator_gain_1p7,/home/users/am1015/rl_runs_td3_walker_kl_20260703_td3_kl_softrobust_5seed_rerun/Walker2d-v4__td3_kl_vanilla__4__1783132179/td3_kl_vanilla.cleanrl_model,/home/users/am1015/rl_runs_td3_walker_kl_20260703_td3_kl_softrobust_5seed_rerun/Walker2d-v4__td3_kl_vanilla__4__1783132179/td3_kl_vanilla.cleanrl_model.norm_stats.npz,1,1,1,0.0,0.0,0.0,0.0,1.0,1.0,,1.0,-1,,-1,,1.0,,1.7,1.0,3276.495505611945,734.4051825587168,3841.6719996891707,3473.1440276961757,1724.772475369989,3945.8382973533057,leg_left_joint
1783521623,eval__Walker2d-v4__td3__vanilla__leg_left_actuator_gain_1p7__seed5__pid4192961,td3,Walker2d-v4,5,20,1,vanilla,leg_left_actuator_gain_1p7,/home/users/am1015/rl_runs_td3_walker_kl_20260703_td3_kl_softrobust_5seed_rerun/Walker2d-v4__td3_kl_vanilla__5__1783132179/td3_kl_vanilla.cleanrl_model,/home/users/am1015/rl_runs_td3_walker_kl_20260703_td3_kl_softrobust_5seed_rerun/Walker2d-v4__td3_kl_vanilla__5__1783132179/td3_kl_vanilla.cleanrl_model.norm_stats.npz,1,1,1,0.0,0.0,0.0,0.0,1.0,1.0,,1.0,-1,,-1,,1.0,,1.7,1.0,948.540632338304,55.254778958095656,958.3560184920054,951.3690966281874,863.2119837114554,1039.050670062201,leg_left_joint
1783521629,eval__Walker2d-v4__td3__vanilla__leg_left_actuator_gain_2p0__seed1__pid4192999,td3,Walker2d-v4,1,20,1,vanilla,leg_left_actuator_gain_2p0,/home/users/am1015/rl_runs_td3_walker_kl_20260703_td3_kl_softrobust_5seed_rerun/Walker2d-v4__td3_kl_vanilla__1__1783132180/td3_kl_vanilla.cleanrl_model,/home/users/am1015/rl_runs_td3_walker_kl_20260703_td3_kl_softrobust_5seed_rerun/Walker2d-v4__td3_kl_vanilla__1__1783132180/td3_kl_vanilla.cleanrl_model.norm_stats.npz,1,1,1,0.0,0.0,0.0,0.0,1.0,1.0,,1.0,-1,,-1,,1.0,,2.0,1.0,947.188817902168,312.57331239434717,872.9887280144013,868.3016149834253,643.9038955519687,1834.329831943515,leg_left_joint
1783521636,eval__Walker2d-v4__td3__vanilla__leg_left_actuator_gain_2p0__seed2__pid4193038,td3,Walker2d-v4,2,20,1,vanilla,leg_left_actuator_gain_2p0,/home/users/am1015/rl_runs_td3_walker_kl_20260703_td3_kl_softrobust_5seed_rerun/Walker2d-v4__td3_kl_vanilla__2__1783132179/td3_kl_vanilla.cleanrl_model,/home/users/am1015/rl_runs_td3_walker_kl_20260703_td3_kl_softrobust_5seed_rerun/Walker2d-v4__td3_kl_vanilla__2__1783132179/td3_kl_vanilla.cleanrl_model.norm_stats.npz,1,1,1,0.0,0.0,0.0,0.0,1.0,1.0,,1.0,-1,,-1,,1.0,,2.0,1.0,1289.1907678135562,1638.601611822274,385.84918144995436,455.1258510399496,121.35056469611739,4062.326294498258,leg_left_joint
1783521650,eval__Walker2d-v4__td3__vanilla__leg_left_actuator_gain_2p0__seed3__pid4193075,td3,Walker2d-v4,3,20,1,vanilla,leg_left_actuator_gain_2p0,/home/users/am1015/rl_runs_td3_walker_kl_20260703_td3_kl_softrobust_5seed_rerun/Walker2d-v4__td3_kl_vanilla__3__1783132179/td3_kl_vanilla.cleanrl_model,/home/users/am1015/rl_runs_td3_walker_kl_20260703_td3_kl_softrobust_5seed_rerun/Walker2d-v4__td3_kl_vanilla__3__1783132179/td3_kl_vanilla.cleanrl_model.norm_stats.npz,1,1,1,0.0,0.0,0.0,0.0,1.0,1.0,,1.0,-1,,-1,,1.0,,2.0,1.0,3716.50351405896,43.251359752559644,3710.755505472061,3710.7702977209096,3640.3921038447593,3795.6540233586607,leg_left_joint
1783521662,eval__Walker2d-v4__td3__vanilla__leg_left_actuator_gain_2p0__seed4__pid4193115,td3,Walker2d-v4,4,20,1,vanilla,leg_left_actuator_gain_2p0,/home/users/am1015/rl_runs_td3_walker_kl_20260703_td3_kl_softrobust_5seed_rerun/Walker2d-v4__td3_kl_vanilla__4__1783132179/td3_kl_vanilla.cleanrl_model,/home/users/am1015/rl_runs_td3_walker_kl_20260703_td3_kl_softrobust_5seed_rerun/Walker2d-v4__td3_kl_vanilla__4__1783132179/td3_kl_vanilla.cleanrl_model.norm_stats.npz,1,1,1,0.0,0.0,0.0,0.0,1.0,1.0,,1.0,-1,,-1,,1.0,,2.0,1.0,3058.3704814573402,933.4410992896784,3556.615151620155,3228.939935616021,1769.0544643708747,4016.486485027609,leg_left_joint
1783521669,eval__Walker2d-v4__td3__vanilla__leg_left_actuator_gain_2p0__seed5__pid4193154,td3,Walker2d-v4,5,20,1,vanilla,leg_left_actuator_gain_2p0,/home/users/am1015/rl_runs_td3_walker_kl_20260703_td3_kl_softrobust_5seed_rerun/Walker2d-v4__td3_kl_vanilla__5__1783132179/td3_kl_vanilla.cleanrl_model,/home/users/am1015/rl_runs_td3_walker_kl_20260703_td3_kl_softrobust_5seed_rerun/Walker2d-v4__td3_kl_vanilla__5__1783132179/td3_kl_vanilla.cleanrl_model.norm_stats.npz,1,1,1,0.0,0.0,0.0,0.0,1.0,1.0,,1.0,-1,,-1,,1.0,,2.0,1.0,955.0191405898819,57.041816318090675,956.2570873321404,957.2380538197698,809.668030355046,1046.9524835513098,leg_left_joint
1783521675,eval__Walker2d-v4__td3__vanilla__leg_left_damping_0__seed1__pid4193190,td3,Walker2d-v4,1,20,1,vanilla,leg_left_damping_0,/home/users/am1015/rl_runs_td3_walker_kl_20260703_td3_kl_softrobust_5seed_rerun/Walker2d-v4__td3_kl_vanilla__1__1783132180/td3_kl_vanilla.cleanrl_model,/home/users/am1015/rl_runs_td3_walker_kl_20260703_td3_kl_softrobust_5seed_rerun/Walker2d-v4__td3_kl_vanilla__1__1783132180/td3_kl_vanilla.cleanrl_model.norm_stats.npz,1,1,1,0.0,0.0,0.0,0.0,1.0,1.0,,1.0,-1,,-1,,0.0,leg_left_joint,1.0,1.0,1019.5337060074462,324.40215954360343,882.7206653139176,925.8718824653912,724.9131257365004,1957.213926186046,
1783521684,eval__Walker2d-v4__td3__vanilla__leg_left_damping_0__seed2__pid4193229,td3,Walker2d-v4,2,20,1,vanilla,leg_left_damping_0,/home/users/am1015/rl_runs_td3_walker_kl_20260703_td3_kl_softrobust_5seed_rerun/Walker2d-v4__td3_kl_vanilla__2__1783132179/td3_kl_vanilla.cleanrl_model,/home/users/am1015/rl_runs_td3_walker_kl_20260703_td3_kl_softrobust_5seed_rerun/Walker2d-v4__td3_kl_vanilla__2__1783132179/td3_kl_vanilla.cleanrl_model.norm_stats.npz,1,1,1,0.0,0.0,0.0,0.0,1.0,1.0,,1.0,-1,,-1,,0.0,leg_left_joint,1.0,1.0,1925.0176291918165,1771.6470970065131,754.8344443662822,1638.7280982989919,331.4408777412796,4040.8808602440427,
1783521698,eval__Walker2d-v4__td3__vanilla__leg_left_damping_0__seed3__pid4193268,td3,Walker2d-v4,3,20,1,vanilla,leg_left_damping_0,/home/users/am1015/rl_runs_td3_walker_kl_20260703_td3_kl_softrobust_5seed_rerun/Walker2d-v4__td3_kl_vanilla__3__1783132179/td3_kl_vanilla.cleanrl_model,/home/users/am1015/rl_runs_td3_walker_kl_20260703_td3_kl_softrobust_5seed_rerun/Walker2d-v4__td3_kl_vanilla__3__1783132179/td3_kl_vanilla.cleanrl_model.norm_stats.npz,1,1,1,0.0,0.0,0.0,0.0,1.0,1.0,,1.0,-1,,-1,,0.0,leg_left_joint,1.0,1.0,3665.7752270396204,38.675456557870596,3656.322162282897,3657.3092786887123,3622.467830172368,3769.83399718806,
1783521711,eval__Walker2d-v4__td3__vanilla__leg_left_damping_0__seed4__pid4193314,td3,Walker2d-v4,4,20,1,vanilla,leg_left_damping_0,/home/users/am1015/rl_runs_td3_walker_kl_20260703_td3_kl_softrobust_5seed_rerun/Walker2d-v4__td3_kl_vanilla__4__1783132179/td3_kl_vanilla.cleanrl_model,/home/users/am1015/rl_runs_td3_walker_kl_20260703_td3_kl_softrobust_5seed_rerun/Walker2d-v4__td3_kl_vanilla__4__1783132179/td3_kl_vanilla.cleanrl_model.norm_stats.npz,1,1,1,0.0,0.0,0.0,0.0,1.0,1.0,,1.0,-1,,-1,,0.0,leg_left_joint,1.0,1.0,3566.5254044769404,463.14299120053255,3839.3633540486,3793.873043563259,2701.883412378499,3882.8550262842864,
1783521718,eval__Walker2d-v4__td3__vanilla__leg_left_damping_0__seed5__pid4193359,td3,Walker2d-v4,5,20,1,vanilla,leg_left_damping_0,/home/users/am1015/rl_runs_td3_walker_kl_20260703_td3_kl_softrobust_5seed_rerun/Walker2d-v4__td3_kl_vanilla__5__1783132179/td3_kl_vanilla.cleanrl_model,/home/users/am1015/rl_runs_td3_walker_kl_20260703_td3_kl_softrobust_5seed_rerun/Walker2d-v4__td3_kl_vanilla__5__1783132179/td3_kl_vanilla.cleanrl_model.norm_stats.npz,1,1,1,0.0,0.0,0.0,0.0,1.0,1.0,,1.0,-1,,-1,,0.0,leg_left_joint,1.0,1.0,941.460027758977,43.19151263485872,933.9554976839813,937.3515791857762,876.4273885782302,1033.9520180909542,
1783521724,eval__Walker2d-v4__td3__vanilla__leg_left_damping_0p1__seed1__pid4193398,td3,Walker2d-v4,1,20,1,vanilla,leg_left_damping_0p1,/home/users/am1015/rl_runs_td3_walker_kl_20260703_td3_kl_softrobust_5seed_rerun/Walker2d-v4__td3_kl_vanilla__1__1783132180/td3_kl_vanilla.cleanrl_model,/home/users/am1015/rl_runs_td3_walker_kl_20260703_td3_kl_softrobust_5seed_rerun/Walker2d-v4__td3_kl_vanilla__1__1783132180/td3_kl_vanilla.cleanrl_model.norm_stats.npz,1,1,1,0.0,0.0,0.0,0.0,1.0,1.0,,1.0,-1,,-1,,0.1,leg_left_joint,1.0,1.0,996.9535082351825,397.55420016989234,843.3717830250996,861.4956394952653,616.0008456962942,1925.9436617322062,
1783521733,eval__Walker2d-v4__td3__vanilla__leg_left_damping_0p1__seed2__pid4193435,td3,Walker2d-v4,2,20,1,vanilla,leg_left_damping_0p1,/home/users/am1015/rl_runs_td3_walker_kl_20260703_td3_kl_softrobust_5seed_rerun/Walker2d-v4__td3_kl_vanilla__2__1783132179/td3_kl_vanilla.cleanrl_model,/home/users/am1015/rl_runs_td3_walker_kl_20260703_td3_kl_softrobust_5seed_rerun/Walker2d-v4__td3_kl_vanilla__2__1783132179/td3_kl_vanilla.cleanrl_model.norm_stats.npz,1,1,1,0.0,0.0,0.0,0.0,1.0,1.0,,1.0,-1,,-1,,0.1,leg_left_joint,1.0,1.0,1930.4026013420284,1768.5376581614005,754.5604919109985,1647.8861129971178,331.20801594710093,4038.47823700044,
1783521747,eval__Walker2d-v4__td3__vanilla__leg_left_damping_0p1__seed3__pid4193477,td3,Walker2d-v4,3,20,1,vanilla,leg_left_damping_0p1,/home/users/am1015/rl_runs_td3_walker_kl_20260703_td3_kl_softrobust_5seed_rerun/Walker2d-v4__td3_kl_vanilla__3__1783132179/td3_kl_vanilla.cleanrl_model,/home/users/am1015/rl_runs_td3_walker_kl_20260703_td3_kl_softrobust_5seed_rerun/Walker2d-v4__td3_kl_vanilla__3__1783132179/td3_kl_vanilla.cleanrl_model.norm_stats.npz,1,1,1,0.0,0.0,0.0,0.0,1.0,1.0,,1.0,-1,,-1,,0.1,leg_left_joint,1.0,1.0,3662.138186932755,29.281870942859154,3659.6454562683707,3657.560487839712,3623.382324806729,3727.4431087444204,
1783521760,eval__Walker2d-v4__td3__vanilla__leg_left_damping_0p1__seed4__pid4193520,td3,Walker2d-v4,4,20,1,vanilla,leg_left_damping_0p1,/home/users/am1015/rl_runs_td3_walker_kl_20260703_td3_kl_softrobust_5seed_rerun/Walker2d-v4__td3_kl_vanilla__4__1783132179/td3_kl_vanilla.cleanrl_model,/home/users/am1015/rl_runs_td3_walker_kl_20260703_td3_kl_softrobust_5seed_rerun/Walker2d-v4__td3_kl_vanilla__4__1783132179/td3_kl_vanilla.cleanrl_model.norm_stats.npz,1,1,1,0.0,0.0,0.0,0.0,1.0,1.0,,1.0,-1,,-1,,0.1,leg_left_joint,1.0,1.0,3446.383317677537,705.0560564493594,3844.3046644379,3757.6228478764788,1832.5119008224399,3932.218526708681,
1783521767,eval__Walker2d-v4__td3__vanilla__leg_left_damping_0p1__seed5__pid4193562,td3,Walker2d-v4,5,20,1,vanilla,leg_left_damping_0p1,/home/users/am1015/rl_runs_td3_walker_kl_20260703_td3_kl_softrobust_5seed_rerun/Walker2d-v4__td3_kl_vanilla__5__1783132179/td3_kl_vanilla.cleanrl_model,/home/users/am1015/rl_runs_td3_walker_kl_20260703_td3_kl_softrobust_5seed_rerun/Walker2d-v4__td3_kl_vanilla__5__1783132179/td3_kl_vanilla.cleanrl_model.norm_stats.npz,1,1,1,0.0,0.0,0.0,0.0,1.0,1.0,,1.0,-1,,-1,,0.1,leg_left_joint,1.0,1.0,937.49292973787,65.658428080483,929.5601694101256,928.5931053885977,847.1386830269681,1067.7339166808813,
1783521773,eval__Walker2d-v4__td3__vanilla__leg_left_damping_0p2__seed1__pid4193602,td3,Walker2d-v4,1,20,1,vanilla,leg_left_damping_0p2,/home/users/am1015/rl_runs_td3_walker_kl_20260703_td3_kl_softrobust_5seed_rerun/Walker2d-v4__td3_kl_vanilla__1__1783132180/td3_kl_vanilla.cleanrl_model,/home/users/am1015/rl_runs_td3_walker_kl_20260703_td3_kl_softrobust_5seed_rerun/Walker2d-v4__td3_kl_vanilla__1__1783132180/td3_kl_vanilla.cleanrl_model.norm_stats.npz,1,1,1,0.0,0.0,0.0,0.0,1.0,1.0,,1.0,-1,,-1,,0.2,leg_left_joint,1.0,1.0,1020.071935589375,183.550066932915,1047.1248391606805,1010.3771532358109,732.4527890227547,1362.672806200957,
1783521782,eval__Walker2d-v4__td3__vanilla__leg_left_damping_0p2__seed2__pid4193640,td3,Walker2d-v4,2,20,1,vanilla,leg_left_damping_0p2,/home/users/am1015/rl_runs_td3_walker_kl_20260703_td3_kl_softrobust_5seed_rerun/Walker2d-v4__td3_kl_vanilla__2__1783132179/td3_kl_vanilla.cleanrl_model,/home/users/am1015/rl_runs_td3_walker_kl_20260703_td3_kl_softrobust_5seed_rerun/Walker2d-v4__td3_kl_vanilla__2__1783132179/td3_kl_vanilla.cleanrl_model.norm_stats.npz,1,1,1,0.0,0.0,0.0,0.0,1.0,1.0,,1.0,-1,,-1,,0.2,leg_left_joint,1.0,1.0,1924.8615967839182,1774.7064130512008,760.7534959792113,1659.6424460036221,119.21090616822188,4040.165522855915,
1783521796,eval__Walker2d-v4__td3__vanilla__leg_left_damping_0p2__seed3__pid4193684,td3,Walker2d-v4,3,20,1,vanilla,leg_left_damping_0p2,/home/users/am1015/rl_runs_td3_walker_kl_20260703_td3_kl_softrobust_5seed_rerun/Walker2d-v4__td3_kl_vanilla__3__1783132179/td3_kl_vanilla.cleanrl_model,/home/users/am1015/rl_runs_td3_walker_kl_20260703_td3_kl_softrobust_5seed_rerun/Walker2d-v4__td3_kl_vanilla__3__1783132179/td3_kl_vanilla.cleanrl_model.norm_stats.npz,1,1,1,0.0,0.0,0.0,0.0,1.0,1.0,,1.0,-1,,-1,,0.2,leg_left_joint,1.0,1.0,3659.6841113522437,30.149000543363687,3656.984023660778,3655.835546624579,3608.974241282473,3719.8958410587134,
1783521809,eval__Walker2d-v4__td3__vanilla__leg_left_damping_0p2__seed4__pid4193729,td3,Walker2d-v4,4,20,1,vanilla,leg_left_damping_0p2,/home/users/am1015/rl_runs_td3_walker_kl_20260703_td3_kl_softrobust_5seed_rerun/Walker2d-v4__td3_kl_vanilla__4__1783132179/td3_kl_vanilla.cleanrl_model,/home/users/am1015/rl_runs_td3_walker_kl_20260703_td3_kl_softrobust_5seed_rerun/Walker2d-v4__td3_kl_vanilla__4__1783132179/td3_kl_vanilla.cleanrl_model.norm_stats.npz,1,1,1,0.0,0.0,0.0,0.0,1.0,1.0,,1.0,-1,,-1,,0.2,leg_left_joint,1.0,1.0,3362.031173144558,761.4739073127928,3831.712319002696,3694.8281098971893,1663.7879596406485,3951.376368486399,
1783521815,eval__Walker2d-v4__td3__vanilla__leg_left_damping_0p2__seed5__pid4193771,td3,Walker2d-v4,5,20,1,vanilla,leg_left_damping_0p2,/home/users/am1015/rl_runs_td3_walker_kl_20260703_td3_kl_softrobust_5seed_rerun/Walker2d-v4__td3_kl_vanilla__5__1783132179/td3_kl_vanilla.cleanrl_model,/home/users/am1015/rl_runs_td3_walker_kl_20260703_td3_kl_softrobust_5seed_rerun/Walker2d-v4__td3_kl_vanilla__5__1783132179/td3_kl_vanilla.cleanrl_model.norm_stats.npz,1,1,1,0.0,0.0,0.0,0.0,1.0,1.0,,1.0,-1,,-1,,0.2,leg_left_joint,1.0,1.0,931.7440091522852,49.023194186413676,924.4927479757214,925.4622238122399,856.482792974981,1070.5268253544052,
1783521822,eval__Walker2d-v4__td3__vanilla__leg_left_damping_0p3__seed1__pid4193810,td3,Walker2d-v4,1,20,1,vanilla,leg_left_damping_0p3,/home/users/am1015/rl_runs_td3_walker_kl_20260703_td3_kl_softrobust_5seed_rerun/Walker2d-v4__td3_kl_vanilla__1__1783132180/td3_kl_vanilla.cleanrl_model,/home/users/am1015/rl_runs_td3_walker_kl_20260703_td3_kl_softrobust_5seed_rerun/Walker2d-v4__td3_kl_vanilla__1__1783132180/td3_kl_vanilla.cleanrl_model.norm_stats.npz,1,1,1,0.0,0.0,0.0,0.0,1.0,1.0,,1.0,-1,,-1,,0.3,leg_left_joint,1.0,1.0,943.2785419270516,162.42357532845747,904.669260497518,934.5693040374659,609.1510253962699,1307.6141695785138,
1783521830,eval__Walker2d-v4__td3__vanilla__leg_left_damping_0p3__seed2__pid4193851,td3,Walker2d-v4,2,20,1,vanilla,leg_left_damping_0p3,/home/users/am1015/rl_runs_td3_walker_kl_20260703_td3_kl_softrobust_5seed_rerun/Walker2d-v4__td3_kl_vanilla__2__1783132179/td3_kl_vanilla.cleanrl_model,/home/users/am1015/rl_runs_td3_walker_kl_20260703_td3_kl_softrobust_5seed_rerun/Walker2d-v4__td3_kl_vanilla__2__1783132179/td3_kl_vanilla.cleanrl_model.norm_stats.npz,1,1,1,0.0,0.0,0.0,0.0,1.0,1.0,,1.0,-1,,-1,,0.3,leg_left_joint,1.0,1.0,1923.4912773170431,1776.8006485407332,752.8961003157502,1655.0949851192731,119.38618150836803,4043.121552884494,
1783521844,eval__Walker2d-v4__td3__vanilla__leg_left_damping_0p3__seed3__pid4193889,td3,Walker2d-v4,3,20,1,vanilla,leg_left_damping_0p3,/home/users/am1015/rl_runs_td3_walker_kl_20260703_td3_kl_softrobust_5seed_rerun/Walker2d-v4__td3_kl_vanilla__3__1783132179/td3_kl_vanilla.cleanrl_model,/home/users/am1015/rl_runs_td3_walker_kl_20260703_td3_kl_softrobust_5seed_rerun/Walker2d-v4__td3_kl_vanilla__3__1783132179/td3_kl_vanilla.cleanrl_model.norm_stats.npz,1,1,1,0.0,0.0,0.0,0.0,1.0,1.0,,1.0,-1,,-1,,0.3,leg_left_joint,1.0,1.0,3665.5175991257943,32.121415580110146,3657.769470429762,3661.081766084494,3620.589289344064,3723.8865020589583,
1783521858,eval__Walker2d-v4__td3__vanilla__leg_left_damping_0p3__seed4__pid4193933,td3,Walker2d-v4,4,20,1,vanilla,leg_left_damping_0p3,/home/users/am1015/rl_runs_td3_walker_kl_20260703_td3_kl_softrobust_5seed_rerun/Walker2d-v4__td3_kl_vanilla__4__1783132179/td3_kl_vanilla.cleanrl_model,/home/users/am1015/rl_runs_td3_walker_kl_20260703_td3_kl_softrobust_5seed_rerun/Walker2d-v4__td3_kl_vanilla__4__1783132179/td3_kl_vanilla.cleanrl_model.norm_stats.npz,1,1,1,0.0,0.0,0.0,0.0,1.0,1.0,,1.0,-1,,-1,,0.3,leg_left_joint,1.0,1.0,3637.944718486284,441.56666518757146,3855.0317691387518,3804.1631382948194,2092.5765271774826,3904.597637711949,
1783521865,eval__Walker2d-v4__td3__vanilla__leg_left_damping_0p3__seed5__pid4193978,td3,Walker2d-v4,5,20,1,vanilla,leg_left_damping_0p3,/home/users/am1015/rl_runs_td3_walker_kl_20260703_td3_kl_softrobust_5seed_rerun/Walker2d-v4__td3_kl_vanilla__5__1783132179/td3_kl_vanilla.cleanrl_model,/home/users/am1015/rl_runs_td3_walker_kl_20260703_td3_kl_softrobust_5seed_rerun/Walker2d-v4__td3_kl_vanilla__5__1783132179/td3_kl_vanilla.cleanrl_model.norm_stats.npz,1,1,1,0.0,0.0,0.0,0.0,1.0,1.0,,1.0,-1,,-1,,0.3,leg_left_joint,1.0,1.0,951.7071865525231,104.25410107288083,916.7727241118341,923.5187858982656,860.7358083938619,1301.2744453621287,
1783521871,eval__Walker2d-v4__td3__vanilla__leg_left_damping_0p4__seed1__pid4194016,td3,Walker2d-v4,1,20,1,vanilla,leg_left_damping_0p4,/home/users/am1015/rl_runs_td3_walker_kl_20260703_td3_kl_softrobust_5seed_rerun/Walker2d-v4__td3_kl_vanilla__1__1783132180/td3_kl_vanilla.cleanrl_model,/home/users/am1015/rl_runs_td3_walker_kl_20260703_td3_kl_softrobust_5seed_rerun/Walker2d-v4__td3_kl_vanilla__1__1783132180/td3_kl_vanilla.cleanrl_model.norm_stats.npz,1,1,1,0.0,0.0,0.0,0.0,1.0,1.0,,1.0,-1,,-1,,0.4,leg_left_joint,1.0,1.0,996.3918969930746,180.64766906687558,987.7208434086906,977.4817594533666,692.7091242913467,1571.102905103661,
1783521880,eval__Walker2d-v4__td3__vanilla__leg_left_damping_0p4__seed2__pid4194051,td3,Walker2d-v4,2,20,1,vanilla,leg_left_damping_0p4,/home/users/am1015/rl_runs_td3_walker_kl_20260703_td3_kl_softrobust_5seed_rerun/Walker2d-v4__td3_kl_vanilla__2__1783132179/td3_kl_vanilla.cleanrl_model,/home/users/am1015/rl_runs_td3_walker_kl_20260703_td3_kl_softrobust_5seed_rerun/Walker2d-v4__td3_kl_vanilla__2__1783132179/td3_kl_vanilla.cleanrl_model.norm_stats.npz,1,1,1,0.0,0.0,0.0,0.0,1.0,1.0,,1.0,-1,,-1,,0.4,leg_left_joint,1.0,1.0,1924.9681824025477,1775.2237146887817,765.817583284155,1657.4581534648253,119.04107301382598,4038.617470487788,
1783521894,eval__Walker2d-v4__td3__vanilla__leg_left_damping_0p4__seed3__pid4194088,td3,Walker2d-v4,3,20,1,vanilla,leg_left_damping_0p4,/home/users/am1015/rl_runs_td3_walker_kl_20260703_td3_kl_softrobust_5seed_rerun/Walker2d-v4__td3_kl_vanilla__3__1783132179/td3_kl_vanilla.cleanrl_model,/home/users/am1015/rl_runs_td3_walker_kl_20260703_td3_kl_softrobust_5seed_rerun/Walker2d-v4__td3_kl_vanilla__3__1783132179/td3_kl_vanilla.cleanrl_model.norm_stats.npz,1,1,1,0.0,0.0,0.0,0.0,1.0,1.0,,1.0,-1,,-1,,0.4,leg_left_joint,1.0,1.0,3665.875475249343,33.74933561007616,3655.65132726255,3658.5699211876263,3609.048564832423,3734.522674112252,
1783521907,eval__Walker2d-v4__td3__vanilla__leg_left_damping_0p4__seed4__pid4194123,td3,Walker2d-v4,4,20,1,vanilla,leg_left_damping_0p4,/home/users/am1015/rl_runs_td3_walker_kl_20260703_td3_kl_softrobust_5seed_rerun/Walker2d-v4__td3_kl_vanilla__4__1783132179/td3_kl_vanilla.cleanrl_model,/home/users/am1015/rl_runs_td3_walker_kl_20260703_td3_kl_softrobust_5seed_rerun/Walker2d-v4__td3_kl_vanilla__4__1783132179/td3_kl_vanilla.cleanrl_model.norm_stats.npz,1,1,1,0.0,0.0,0.0,0.0,1.0,1.0,,1.0,-1,,-1,,0.4,leg_left_joint,1.0,1.0,3339.282704107908,770.5001923967405,3824.580893663876,3678.4446506420863,1840.20330594263,3936.3264968809694,
1783521914,eval__Walker2d-v4__td3__vanilla__leg_left_damping_0p4__seed5__pid4194165,td3,Walker2d-v4,5,20,1,vanilla,leg_left_damping_0p4,/home/users/am1015/rl_runs_td3_walker_kl_20260703_td3_kl_softrobust_5seed_rerun/Walker2d-v4__td3_kl_vanilla__5__1783132179/td3_kl_vanilla.cleanrl_model,/home/users/am1015/rl_runs_td3_walker_kl_20260703_td3_kl_softrobust_5seed_rerun/Walker2d-v4__td3_kl_vanilla__5__1783132179/td3_kl_vanilla.cleanrl_model.norm_stats.npz,1,1,1,0.0,0.0,0.0,0.0,1.0,1.0,,1.0,-1,,-1,,0.4,leg_left_joint,1.0,1.0,915.6630133470078,49.468912322566915,907.3118237588993,908.1315595919841,826.6472849598989,1037.7725186844907,
1783521920,eval__Walker2d-v4__td3__vanilla__leg_left_damping_0p5__seed1__pid4194202,td3,Walker2d-v4,1,20,1,vanilla,leg_left_damping_0p5,/home/users/am1015/rl_runs_td3_walker_kl_20260703_td3_kl_softrobust_5seed_rerun/Walker2d-v4__td3_kl_vanilla__1__1783132180/td3_kl_vanilla.cleanrl_model,/home/users/am1015/rl_runs_td3_walker_kl_20260703_td3_kl_softrobust_5seed_rerun/Walker2d-v4__td3_kl_vanilla__1__1783132180/td3_kl_vanilla.cleanrl_model.norm_stats.npz,1,1,1,0.0,0.0,0.0,0.0,1.0,1.0,,1.0,-1,,-1,,0.5,leg_left_joint,1.0,1.0,1013.9156490855934,231.71831567227963,1063.1786799338988,1026.012912728829,650.0120436372248,1506.1809062270465,
1783521929,eval__Walker2d-v4__td3__vanilla__leg_left_damping_0p5__seed2__pid4194239,td3,Walker2d-v4,2,20,1,vanilla,leg_left_damping_0p5,/home/users/am1015/rl_runs_td3_walker_kl_20260703_td3_kl_softrobust_5seed_rerun/Walker2d-v4__td3_kl_vanilla__2__1783132179/td3_kl_vanilla.cleanrl_model,/home/users/am1015/rl_runs_td3_walker_kl_20260703_td3_kl_softrobust_5seed_rerun/Walker2d-v4__td3_kl_vanilla__2__1783132179/td3_kl_vanilla.cleanrl_model.norm_stats.npz,1,1,1,0.0,0.0,0.0,0.0,1.0,1.0,,1.0,-1,,-1,,0.5,leg_left_joint,1.0,1.0,1925.7884905086557,1774.0201845711117,754.7139236211017,1663.9465005162074,117.6747739043769,4037.854118176547,
1783521943,eval__Walker2d-v4__td3__vanilla__leg_left_damping_0p5__seed3__pid4194282,td3,Walker2d-v4,3,20,1,vanilla,leg_left_damping_0p5,/home/users/am1015/rl_runs_td3_walker_kl_20260703_td3_kl_softrobust_5seed_rerun/Walker2d-v4__td3_kl_vanilla__3__1783132179/td3_kl_vanilla.cleanrl_model,/home/users/am1015/rl_runs_td3_walker_kl_20260703_td3_kl_softrobust_5seed_rerun/Walker2d-v4__td3_kl_vanilla__3__1783132179/td3_kl_vanilla.cleanrl_model.norm_stats.npz,1,1,1,0.0,0.0,0.0,0.0,1.0,1.0,,1.0,-1,,-1,,0.5,leg_left_joint,1.0,1.0,3667.5005900073165,35.18582404599273,3657.0410182725195,3659.20997557752,3621.1776142819845,3746.2640131882304,
1783521955,eval__Walker2d-v4__td3__vanilla__leg_left_damping_0p5__seed4__pid339,td3,Walker2d-v4,4,20,1,vanilla,leg_left_damping_0p5,/home/users/am1015/rl_runs_td3_walker_kl_20260703_td3_kl_softrobust_5seed_rerun/Walker2d-v4__td3_kl_vanilla__4__1783132179/td3_kl_vanilla.cleanrl_model,/home/users/am1015/rl_runs_td3_walker_kl_20260703_td3_kl_softrobust_5seed_rerun/Walker2d-v4__td3_kl_vanilla__4__1783132179/td3_kl_vanilla.cleanrl_model.norm_stats.npz,1,1,1,0.0,0.0,0.0,0.0,1.0,1.0,,1.0,-1,,-1,,0.5,leg_left_joint,1.0,1.0,3332.853317953542,795.1864723180687,3833.7580643234396,3636.5631210759248,1334.0908869051605,3928.5838688145004,
1783521962,eval__Walker2d-v4__td3__vanilla__leg_left_damping_0p5__seed5__pid386,td3,Walker2d-v4,5,20,1,vanilla,leg_left_damping_0p5,/home/users/am1015/rl_runs_td3_walker_kl_20260703_td3_kl_softrobust_5seed_rerun/Walker2d-v4__td3_kl_vanilla__5__1783132179/td3_kl_vanilla.cleanrl_model,/home/users/am1015/rl_runs_td3_walker_kl_20260703_td3_kl_softrobust_5seed_rerun/Walker2d-v4__td3_kl_vanilla__5__1783132179/td3_kl_vanilla.cleanrl_model.norm_stats.npz,1,1,1,0.0,0.0,0.0,0.0,1.0,1.0,,1.0,-1,,-1,,0.5,leg_left_joint,1.0,1.0,968.8856178302728,79.45408901963405,966.5113682997771,967.159856427963,848.987518234113,1137.7641990802686,
1783521968,eval__Walker2d-v4__td3__vanilla__leg_left_damping_0p6__seed1__pid429,td3,Walker2d-v4,1,20,1,vanilla,leg_left_damping_0p6,/home/users/am1015/rl_runs_td3_walker_kl_20260703_td3_kl_softrobust_5seed_rerun/Walker2d-v4__td3_kl_vanilla__1__1783132180/td3_kl_vanilla.cleanrl_model,/home/users/am1015/rl_runs_td3_walker_kl_20260703_td3_kl_softrobust_5seed_rerun/Walker2d-v4__td3_kl_vanilla__1__1783132180/td3_kl_vanilla.cleanrl_model.norm_stats.npz,1,1,1,0.0,0.0,0.0,0.0,1.0,1.0,,1.0,-1,,-1,,0.6,leg_left_joint,1.0,1.0,985.1961176916859,344.66949624591354,891.8907558628672,941.6400223924404,548.2390289897758,2234.833076584636,
1783521977,eval__Walker2d-v4__td3__vanilla__leg_left_damping_0p6__seed2__pid470,td3,Walker2d-v4,2,20,1,vanilla,leg_left_damping_0p6,/home/users/am1015/rl_runs_td3_walker_kl_20260703_td3_kl_softrobust_5seed_rerun/Walker2d-v4__td3_kl_vanilla__2__1783132179/td3_kl_vanilla.cleanrl_model,/home/users/am1015/rl_runs_td3_walker_kl_20260703_td3_kl_softrobust_5seed_rerun/Walker2d-v4__td3_kl_vanilla__2__1783132179/td3_kl_vanilla.cleanrl_model.norm_stats.npz,1,1,1,0.0,0.0,0.0,0.0,1.0,1.0,,1.0,-1,,-1,,0.6,leg_left_joint,1.0,1.0,1920.5272145283416,1778.6175704293757,763.1008255612987,1659.4486374354408,117.65205472708998,4045.4940669854877,
1783521991,eval__Walker2d-v4__td3__vanilla__leg_left_damping_0p6__seed3__pid513,td3,Walker2d-v4,3,20,1,vanilla,leg_left_damping_0p6,/home/users/am1015/rl_runs_td3_walker_kl_20260703_td3_kl_softrobust_5seed_rerun/Walker2d-v4__td3_kl_vanilla__3__1783132179/td3_kl_vanilla.cleanrl_model,/home/users/am1015/rl_runs_td3_walker_kl_20260703_td3_kl_softrobust_5seed_rerun/Walker2d-v4__td3_kl_vanilla__3__1783132179/td3_kl_vanilla.cleanrl_model.norm_stats.npz,1,1,1,0.0,0.0,0.0,0.0,1.0,1.0,,1.0,-1,,-1,,0.6,leg_left_joint,1.0,1.0,3669.247777970048,35.31418161822238,3665.469249359125,3663.1391061677627,3619.0008723472247,3763.676433147872,
1783522004,eval__Walker2d-v4__td3__vanilla__leg_left_damping_0p6__seed4__pid566,td3,Walker2d-v4,4,20,1,vanilla,leg_left_damping_0p6,/home/users/am1015/rl_runs_td3_walker_kl_20260703_td3_kl_softrobust_5seed_rerun/Walker2d-v4__td3_kl_vanilla__4__1783132179/td3_kl_vanilla.cleanrl_model,/home/users/am1015/rl_runs_td3_walker_kl_20260703_td3_kl_softrobust_5seed_rerun/Walker2d-v4__td3_kl_vanilla__4__1783132179/td3_kl_vanilla.cleanrl_model.norm_stats.npz,1,1,1,0.0,0.0,0.0,0.0,1.0,1.0,,1.0,-1,,-1,,0.6,leg_left_joint,1.0,1.0,3505.7726007547926,594.2355054079549,3810.5915148773756,3771.298186247705,2053.3006673032282,3953.3527646041885,
1783522011,eval__Walker2d-v4__td3__vanilla__leg_left_damping_0p6__seed5__pid636,td3,Walker2d-v4,5,20,1,vanilla,leg_left_damping_0p6,/home/users/am1015/rl_runs_td3_walker_kl_20260703_td3_kl_softrobust_5seed_rerun/Walker2d-v4__td3_kl_vanilla__5__1783132179/td3_kl_vanilla.cleanrl_model,/home/users/am1015/rl_runs_td3_walker_kl_20260703_td3_kl_softrobust_5seed_rerun/Walker2d-v4__td3_kl_vanilla__5__1783132179/td3_kl_vanilla.cleanrl_model.norm_stats.npz,1,1,1,0.0,0.0,0.0,0.0,1.0,1.0,,1.0,-1,,-1,,0.6,leg_left_joint,1.0,1.0,960.8974148941173,57.977351568005865,948.879253810237,953.6362338225875,852.3129082496495,1051.3558032640456,
1783522018,eval__Walker2d-v4__td3__vanilla__leg_left_damping_0p7__seed1__pid688,td3,Walker2d-v4,1,20,1,vanilla,leg_left_damping_0p7,/home/users/am1015/rl_runs_td3_walker_kl_20260703_td3_kl_softrobust_5seed_rerun/Walker2d-v4__td3_kl_vanilla__1__1783132180/td3_kl_vanilla.cleanrl_model,/home/users/am1015/rl_runs_td3_walker_kl_20260703_td3_kl_softrobust_5seed_rerun/Walker2d-v4__td3_kl_vanilla__1__1783132180/td3_kl_vanilla.cleanrl_model.norm_stats.npz,1,1,1,0.0,0.0,0.0,0.0,1.0,1.0,,1.0,-1,,-1,,0.7,leg_left_joint,1.0,1.0,1029.2001773982488,362.73808859154747,944.1842492105575,935.9297362290233,715.996156230931,1983.2129432933832,
1783522026,eval__Walker2d-v4__td3__vanilla__leg_left_damping_0p7__seed2__pid730,td3,Walker2d-v4,2,20,1,vanilla,leg_left_damping_0p7,/home/users/am1015/rl_runs_td3_walker_kl_20260703_td3_kl_softrobust_5seed_rerun/Walker2d-v4__td3_kl_vanilla__2__1783132179/td3_kl_vanilla.cleanrl_model,/home/users/am1015/rl_runs_td3_walker_kl_20260703_td3_kl_softrobust_5seed_rerun/Walker2d-v4__td3_kl_vanilla__2__1783132179/td3_kl_vanilla.cleanrl_model.norm_stats.npz,1,1,1,0.0,0.0,0.0,0.0,1.0,1.0,,1.0,-1,,-1,,0.7,leg_left_joint,1.0,1.0,1920.5648854292751,1777.6937900229022,750.9747280086854,1656.4531488486932,117.53145320515627,4043.8485338930714,
1783522040,eval__Walker2d-v4__td3__vanilla__leg_left_damping_0p7__seed3__pid772,td3,Walker2d-v4,3,20,1,vanilla,leg_left_damping_0p7,/home/users/am1015/rl_runs_td3_walker_kl_20260703_td3_kl_softrobust_5seed_rerun/Walker2d-v4__td3_kl_vanilla__3__1783132179/td3_kl_vanilla.cleanrl_model,/home/users/am1015/rl_runs_td3_walker_kl_20260703_td3_kl_softrobust_5seed_rerun/Walker2d-v4__td3_kl_vanilla__3__1783132179/td3_kl_vanilla.cleanrl_model.norm_stats.npz,1,1,1,0.0,0.0,0.0,0.0,1.0,1.0,,1.0,-1,,-1,,0.7,leg_left_joint,1.0,1.0,3660.87055857179,30.925655767476325,3653.2233886686217,3655.0714739032856,3622.9820522780888,3735.84257382673,
1783522054,eval__Walker2d-v4__td3__vanilla__leg_left_damping_0p7__seed4__pid820,td3,Walker2d-v4,4,20,1,vanilla,leg_left_damping_0p7,/home/users/am1015/rl_runs_td3_walker_kl_20260703_td3_kl_softrobust_5seed_rerun/Walker2d-v4__td3_kl_vanilla__4__1783132179/td3_kl_vanilla.cleanrl_model,/home/users/am1015/rl_runs_td3_walker_kl_20260703_td3_kl_softrobust_5seed_rerun/Walker2d-v4__td3_kl_vanilla__4__1783132179/td3_kl_vanilla.cleanrl_model.norm_stats.npz,1,1,1,0.0,0.0,0.0,0.0,1.0,1.0,,1.0,-1,,-1,,0.7,leg_left_joint,1.0,1.0,3457.9249719988256,673.9959548205288,3819.167905081944,3735.957097776988,1901.985001489864,4016.8187701623337,
1783522060,eval__Walker2d-v4__td3__vanilla__leg_left_damping_0p7__seed5__pid867,td3,Walker2d-v4,5,20,1,vanilla,leg_left_damping_0p7,/home/users/am1015/rl_runs_td3_walker_kl_20260703_td3_kl_softrobust_5seed_rerun/Walker2d-v4__td3_kl_vanilla__5__1783132179/td3_kl_vanilla.cleanrl_model,/home/users/am1015/rl_runs_td3_walker_kl_20260703_td3_kl_softrobust_5seed_rerun/Walker2d-v4__td3_kl_vanilla__5__1783132179/td3_kl_vanilla.cleanrl_model.norm_stats.npz,1,1,1,0.0,0.0,0.0,0.0,1.0,1.0,,1.0,-1,,-1,,0.7,leg_left_joint,1.0,1.0,922.5985230891616,52.101643994797044,900.4481195653901,910.0191392832664,863.3705387759886,1041.1253646013538,
1783522066,eval__Walker2d-v4__td3__vanilla__leg_left_damping_0p8__seed1__pid918,td3,Walker2d-v4,1,20,1,vanilla,leg_left_damping_0p8,/home/users/am1015/rl_runs_td3_walker_kl_20260703_td3_kl_softrobust_5seed_rerun/Walker2d-v4__td3_kl_vanilla__1__1783132180/td3_kl_vanilla.cleanrl_model,/home/users/am1015/rl_runs_td3_walker_kl_20260703_td3_kl_softrobust_5seed_rerun/Walker2d-v4__td3_kl_vanilla__1__1783132180/td3_kl_vanilla.cleanrl_model.norm_stats.npz,1,1,1,0.0,0.0,0.0,0.0,1.0,1.0,,1.0,-1,,-1,,0.8,leg_left_joint,1.0,1.0,924.7550159393055,229.83665611375187,871.6382888387295,883.1415704917969,661.7255883237326,1711.4265833436089,
1783522075,eval__Walker2d-v4__td3__vanilla__leg_left_damping_0p8__seed2__pid958,td3,Walker2d-v4,2,20,1,vanilla,leg_left_damping_0p8,/home/users/am1015/rl_runs_td3_walker_kl_20260703_td3_kl_softrobust_5seed_rerun/Walker2d-v4__td3_kl_vanilla__2__1783132179/td3_kl_vanilla.cleanrl_model,/home/users/am1015/rl_runs_td3_walker_kl_20260703_td3_kl_softrobust_5seed_rerun/Walker2d-v4__td3_kl_vanilla__2__1783132179/td3_kl_vanilla.cleanrl_model.norm_stats.npz,1,1,1,0.0,0.0,0.0,0.0,1.0,1.0,,1.0,-1,,-1,,0.8,leg_left_joint,1.0,1.0,1921.6873190185538,1774.9930194256326,761.0091531744602,1655.5124372111081,117.5111982011859,4037.5231066079577,
1783522089,eval__Walker2d-v4__td3__vanilla__leg_left_damping_0p8__seed3__pid1000,td3,Walker2d-v4,3,20,1,vanilla,leg_left_damping_0p8,/home/users/am1015/rl_runs_td3_walker_kl_20260703_td3_kl_softrobust_5seed_rerun/Walker2d-v4__td3_kl_vanilla__3__1783132179/td3_kl_vanilla.cleanrl_model,/home/users/am1015/rl_runs_td3_walker_kl_20260703_td3_kl_softrobust_5seed_rerun/Walker2d-v4__td3_kl_vanilla__3__1783132179/td3_kl_vanilla.cleanrl_model.norm_stats.npz,1,1,1,0.0,0.0,0.0,0.0,1.0,1.0,,1.0,-1,,-1,,0.8,leg_left_joint,1.0,1.0,3659.6499453458127,34.77345315290525,3646.426804521747,3649.9553591070508,3619.545849752305,3753.4422239830023,
1783522102,eval__Walker2d-v4__td3__vanilla__leg_left_damping_0p8__seed4__pid1044,td3,Walker2d-v4,4,20,1,vanilla,leg_left_damping_0p8,/home/users/am1015/rl_runs_td3_walker_kl_20260703_td3_kl_softrobust_5seed_rerun/Walker2d-v4__td3_kl_vanilla__4__1783132179/td3_kl_vanilla.cleanrl_model,/home/users/am1015/rl_runs_td3_walker_kl_20260703_td3_kl_softrobust_5seed_rerun/Walker2d-v4__td3_kl_vanilla__4__1783132179/td3_kl_vanilla.cleanrl_model.norm_stats.npz,1,1,1,0.0,0.0,0.0,0.0,1.0,1.0,,1.0,-1,,-1,,0.8,leg_left_joint,1.0,1.0,3370.7649646700943,709.4049504789707,3834.687660649878,3617.9568301211793,1967.4742952135784,4123.630333541152,
1783522108,eval__Walker2d-v4__td3__vanilla__leg_left_damping_0p8__seed5__pid1087,td3,Walker2d-v4,5,20,1,vanilla,leg_left_damping_0p8,/home/users/am1015/rl_runs_td3_walker_kl_20260703_td3_kl_softrobust_5seed_rerun/Walker2d-v4__td3_kl_vanilla__5__1783132179/td3_kl_vanilla.cleanrl_model,/home/users/am1015/rl_runs_td3_walker_kl_20260703_td3_kl_softrobust_5seed_rerun/Walker2d-v4__td3_kl_vanilla__5__1783132179/td3_kl_vanilla.cleanrl_model.norm_stats.npz,1,1,1,0.0,0.0,0.0,0.0,1.0,1.0,,1.0,-1,,-1,,0.8,leg_left_joint,1.0,1.0,925.2648802568854,42.145911884528,909.4062085095637,912.9414335965664,875.9932910672252,1040.6624824390092,
